ply
format ascii 1.0
element vertex 15000
property float x
property float y
property float z
end_header
0.102256 4.078659 1.812963
-1.143120 3.469917 2.408525
-1.027311 3.676067 2.404972
-0.828802 3.872821 1.610763
-0.744908 4.060187 1.160546
-0.995806 3.712604 2.535513
-1.180327 3.648600 2.489816
-1.308121 3.744071 1.382302
-0.294010 2.413070 0.666058
-0.738772 3.989439 1.144893
-0.548156 0.769874 0.021478
-0.600348 4.057705 1.383960
-0.576651 1.519209 0.518973
-0.962548 3.633281 2.426807
-1.777794 5.735123 3.583713
-0.273147 0.349577 -0.254711
0.220589 4.285058 1.603148
0.104895 4.158932 1.476509
-1.014309 3.644571 2.454540
0.075478 4.059661 1.404985
0.137618 4.335543 1.484604
-0.001522 3.892291 1.743130
-1.284143 3.695435 1.361952
-0.446411 1.255937 0.470009
-1.599095 2.725578 1.334412
-3.122226 2.040530 1.929966
-2.280824 1.264856 1.930730
-2.948207 5.445892 2.032178
-2.301728 1.297130 1.964813
-2.662729 2.962391 2.181087
-4.199043 4.651061 2.075929
-3.418668 3.096489 2.252357
-0.875914 1.227201 0.287736
2.444022 -2.837941 -2.190971
-0.465603 5.949371 1.849387
-2.127285 3.435187 2.140538
-3.283271 2.929792 2.133458
-3.202202 5.955764 1.957557
-2.178833 3.501464 2.192082
-3.691725 4.642848 1.905267
-2.686276 2.922187 2.220877
-2.428675 2.560911 0.820132
-3.252306 5.232271 2.065010
-0.875187 6.501610 2.020567
-4.138122 4.718392 1.978816
-3.393130 5.442541 2.147628
-4.028467 4.956080 2.141648
-3.220741 5.150516 2.055200
-2.329360 4.598618 2.132794
-2.391211 4.457072 2.133272
-1.222503 1.059183 0.796170
-4.150122 4.702602 1.956028
-2.834377 2.787056 2.191653
-3.468678 4.789450 2.145669
-1.376342 11.571531 3.561970
-2.709983 4.537843 2.024889
-4.104704 4.693676 1.912481
-2.688830 3.296080 2.277435
-4.253227 4.808228 2.190228
-3.310297 6.222195 2.060755
-2.066596 6.251035 2.613973
-4.045322 5.812663 3.176996
-3.383040 5.773002 2.125552
-3.391225 5.378155 2.110379
-2.751442 2.770682 2.128479
-1.379552 3.370575 1.184522
-4.049061 2.642343 3.290417
-1.814403 4.237308 2.212566
-3.338926 4.898809 2.169494
-0.829160 1.898760 0.592118
-1.926170 2.583725 1.107398
-1.334751 10.186942 3.261761
-0.689756 1.433060 0.248470
-0.941719 1.370481 0.189518
-3.524362 3.206544 2.347739
-3.199854 5.435246 1.961653
-3.937518 4.973514 2.094902
-3.965603 4.877468 2.098304
-2.660542 2.834160 2.216609
-1.852623 4.643950 1.979883
-0.902323 8.403778 2.401638
-3.347050 5.319698 2.070890
-3.854212 4.715120 2.030087
-2.768862 4.644342 2.071951
-3.841216 4.738806 2.051139
-2.754047 2.776392 2.128605
-3.420403 5.444365 2.155994
-3.890632 4.775741 2.037190
-2.632930 2.863465 2.146343
-2.267567 4.007655 2.118754
9.106927 -11.036259 -7.089404
-0.658699 1.366550 0.308189
-3.994150 3.772648 2.360402
-1.374329 3.465341 1.163639
-3.363984 5.402527 2.122664
-3.273882 5.898790 1.868108
-3.210522 5.200888 2.077486
-3.973343 3.767245 2.314165
-2.574459 4.146156 2.213774
-0.937983 6.589778 2.066789
-1.295984 3.288507 1.130839
-3.182030 2.751144 1.544005
-2.909113 4.282047 2.065978
-1.294334 1.267239 0.203814
-2.384678 4.129483 2.196824
0.006550 0.541105 -0.273754
-3.235681 4.780420 2.116207
-2.864955 5.406964 2.049258
-3.333047 4.837477 2.146116
-3.141537 6.021946 2.261179
-1.864564 2.474897 1.039093
-3.840547 4.745447 2.074568
-2.300955 2.750840 1.452523
-4.044929 5.926103 3.254933
-3.324290 5.360560 2.101752
-3.297626 4.899896 2.161362
-2.645217 2.916795 2.276644
-2.456714 5.307201 1.890437
-2.408193 3.925129 1.445510
-2.589103 5.576938 2.084942
-2.860005 5.049662 2.290320
1.543556 -3.425510 -2.160361
-0.587205 4.494069 1.275326
-1.754430 5.320745 2.447342
-0.718109 1.191985 0.370425
-0.833348 1.899631 0.596064
-3.521939 3.201329 2.346248
-2.384511 5.669371 2.751078
-0.526191 2.601619 0.690845
-2.812893 4.101684 1.951064
-4.083171 4.660808 1.955119
-3.476893 6.355398 2.069588
-3.440672 5.511113 2.175410
-3.457442 4.874250 2.225823
-0.537860 1.344772 0.370153
-3.807314 4.652991 1.961317
-3.866577 3.155466 2.360539
-3.240674 4.941812 2.022231
-3.311905 4.896082 2.040469
-2.574098 4.709682 2.291933
-2.389269 2.835790 1.522950
-3.115834 5.832980 1.889658
-1.317701 3.397746 1.171194
-1.644099 5.462640 2.402158
-3.840288 4.763643 2.100761
-4.102027 5.139919 2.296098
-0.813819 1.860210 0.565779
-3.992114 4.972731 2.224301
-4.263459 7.958676 3.516625
-1.307428 3.241636 1.145419
-2.736131 2.114422 0.756043
-4.017663 4.973067 2.193469
-2.622711 5.382692 1.925659
-0.932546 1.126078 0.533130
-3.300343 5.699412 2.098125
-3.261897 5.879641 2.312791
-3.853800 3.643579 2.186628
-1.873426 1.436232 0.647273
-2.521464 2.638099 1.999577
-3.641853 4.665576 2.063539
-1.870421 3.084297 1.049211
-2.742539 4.582689 2.033409
-5.816384 9.835296 5.458883
-4.121485 4.663506 1.941643
-2.724392 2.746346 2.138745
-2.488364 2.955553 1.616866
-0.098358 -0.550679 -1.049466
-0.032468 -0.394610 -0.831888
-0.165474 -0.320168 -0.814434
-0.449804 -1.786255 -1.054504
-0.321631 -1.459398 -1.173313
-0.007833 -0.642298 -1.131107
-0.282732 -1.178834 -1.071492
-0.705693 -2.010708 -1.017878
-0.178664 -0.588911 -0.966615
-0.316252 -1.198993 -1.050296
-0.495859 -1.733506 -1.099789
-0.042782 -0.739684 -1.262223
-0.105266 -0.577257 -1.056410
-0.178829 -0.589831 -0.968046
-0.122031 -0.674608 -1.173495
-0.546219 -1.787031 -1.067800
-0.211105 -0.434824 -0.936316
-0.733406 -2.097007 -1.022234
-0.461069 -1.656625 -1.099592
-0.457858 -1.651764 -1.101585
-0.140623 -0.699247 -1.143928
-0.721881 -2.073684 -1.021313
-0.174158 -1.021513 -1.221238
-0.553914 -1.779360 -1.054290
-0.709895 -1.975251 -0.984927
-0.530954 -1.747847 -1.068036
-0.612518 -1.827203 -1.008930
-0.395472 -1.576131 -1.148301
-0.483141 -1.687504 -1.093722
-0.118556 -0.514670 -1.019253
-0.190895 -0.693119 -1.022226
-0.683401 -1.946572 -1.002323
-0.551800 -1.771364 -1.056813
-0.235015 -1.067999 -1.225407
-0.043038 -0.742643 -1.262212
-0.145369 -0.634879 -0.981316
-0.005689 -0.774225 -1.268811
-0.357536 -1.216037 -1.023726
-0.090138 -1.051719 -1.272609
-0.488956 -1.676684 -1.080529
-0.199163 -1.023723 -1.237364
-0.112640 -0.438831 -0.888582
-0.118277 -0.621555 -1.126137
-0.088395 -0.605258 -1.052592
-0.453909 -1.490118 -1.181442
-0.171454 -1.060891 -1.257451
-1.137608 -2.816466 -0.897395
-0.158878 -0.949077 -1.247280
-0.923727 -4.865403 -1.583568
-0.169162 -0.863834 -1.133267
-0.180318 -1.043012 -1.179527
-0.163286 -0.554124 -0.955612
-1.195825 -2.966539 -0.908223
-0.061728 -0.709791 -1.220437
-0.184168 -1.223100 -1.211822
-0.169165 -0.631161 -0.997794
-0.791242 -2.155615 -0.990889
-0.971872 -2.504816 -0.902597
-0.525076 -1.786811 -1.091038
-0.448006 -1.660053 -1.113637
-0.476330 -1.680369 -1.100146
-0.146223 -0.623420 -0.992486
-0.158287 -0.828195 -1.207699
-0.553589 -1.822514 -1.021406
-0.064615 -0.598769 -1.092207
-1.087700 -2.819922 -0.944373
-0.171143 -0.607661 -1.009964
-0.216957 -0.732149 -1.210686
-0.268590 -1.323222 -1.199031
-0.201873 -0.716454 -1.039724
-0.129422 -0.949969 -1.174864
-0.183266 -0.640507 -0.965174
-0.175237 -1.069527 -1.242415
-0.171940 -0.870367 -1.136691
-0.191486 -0.930937 -1.024967
-0.079086 -0.660595 -1.167875
-0.123241 -0.729075 -1.138513
-0.314001 -1.177447 -1.153206
-0.143873 -0.497753 -0.934532
-0.261563 -1.031981 -1.209291
-0.146251 -0.623685 -0.991174
-0.157946 -0.532363 -0.944008
-0.111975 -0.813072 -1.242019
-0.214052 -1.016838 -1.219921
-0.157743 -0.532729 -0.944640
-0.228247 -0.770801 -1.247925
-0.141509 -0.803246 -1.134173
-0.057176 -0.708445 -1.232358
-0.717395 -2.020521 -1.012053
-0.198342 -1.018799 -1.226801
-0.252190 -1.037600 -1.219385
-0.171612 -0.883903 -1.240539
-0.210347 -1.075906 -1.213271
-0.103937 -0.408378 -0.850070
-0.204719 -0.957064 -1.189072
-0.194060 -1.008448 -1.271149
-0.084574 -0.974745 -1.260240
-0.051758 -0.932576 -1.263428
-0.185055 -1.069193 -1.244081
-0.157073 -1.033067 -1.268550
-0.129368 -0.932377 -1.236223
-0.332416 -1.474216 -1.168544
-0.632296 -1.862160 -1.007119
-0.067457 -0.829427 -1.264232
-0.055158 -0.905792 -1.277758
-0.204258 -0.956871 -1.187384
-0.164528 -0.701823 -1.211149
-0.153421 -0.901650 -1.240823
-0.214513 -0.741146 -1.226720
-0.243142 -0.838464 -1.228437
-0.168227 -0.993408 -1.225320
-0.040602 -0.738421 -1.209523
0.043452 -0.827319 -1.302274
-0.218052 -1.208829 -1.210698
-0.279336 -1.258996 -1.233317
-0.069440 -0.834845 -1.255906
-0.050886 -0.442844 -0.867275
-0.255046 -1.178333 -1.209119
-0.208359 -0.898179 -1.231430
-0.218365 -1.227390 -1.207987
0.055939 -0.951412 -1.294330
-0.255333 -1.302092 -1.200010
-0.025638 -0.220618 -0.900455
-0.251012 -1.140844 -1.204333
-0.143371 -0.587037 -0.970480
-0.232242 -1.321051 -1.213902
-0.227644 -1.240903 -1.203467
-0.211907 -1.078239 -1.215295
-0.227868 -0.987149 -1.225629
-0.247439 -1.176712 -1.222195
-0.091925 -0.698370 -1.240398
-0.255164 -0.864778 -1.244404
-0.243833 -1.294081 -1.199134
-0.260872 -1.191895 -1.207634
-0.143761 -0.595459 -0.973635
-0.183859 -0.666234 -1.165010
-0.225360 -1.151104 -1.235664
-0.251548 -1.161390 -1.208400
-0.197255 -0.998369 -1.231113
-0.182576 -0.073108 -0.679264
-0.158459 -0.522984 -0.934358
-0.244683 -1.124268 -1.220010
-0.271781 -1.131586 -1.114805
-0.254583 -0.742253 -1.236987
-0.682972 -2.498431 -0.988851
-0.105394 -0.413072 -0.855989
-0.071881 -0.553174 -0.906225
-0.059277 -0.783611 -1.210910
-0.212777 -0.799282 -0.945440
-0.328838 -1.473911 -1.171448
1.411469 -5.806759 -5.146320
1.549190 -6.149904 -5.452822
0.988731 -4.335882 -3.951267
1.432421 -5.881617 -5.201210
0.125140 -1.395205 -1.289387
-1.047671 -2.350602 -1.418359
-0.849120 -2.027844 -1.323698
1.465201 -6.060000 -5.468599
1.573815 -6.591371 -5.868792
0.059345 -0.137144 -0.603647
-1.104832 -2.202706 -1.314541
-0.409503 -0.996490 -1.054375
0.286911 0.830690 0.248301
1.230540 -5.161269 -4.802254
-0.684104 2.013598 1.388912
0.040393 -0.049741 -0.642777
0.772364 2.075725 0.826415
0.112649 -0.279540 -0.753877
1.403048 -5.773284 -5.215605
-0.012469 0.354296 -0.256017
0.407397 -2.594944 -2.013913
-0.042891 -0.323956 -0.749305
0.047043 -0.210292 -0.699269
0.016599 0.435403 -0.065573
-0.088710 -0.506507 -0.886020
-0.042225 -0.045706 -0.426872
-0.161609 0.829938 0.497640
1.615401 -6.450456 -5.707600
0.015765 0.438970 -0.062941
0.036834 -0.679767 -1.117893
-0.868055 -1.739554 -1.150600
-0.876158 -2.038042 -1.323932
0.146689 -0.144884 -0.677319
-0.828831 -2.305892 -1.510649
-0.056552 -0.437140 -0.869646
0.044914 -0.313726 -0.812475
-0.636207 1.736547 1.044353
-0.025962 -0.506749 -0.828295
0.045814 0.209653 -0.247077
-0.161836 -0.678190 -0.907736
1.319900 -6.171921 -5.413489
0.073373 -0.159571 -0.767183
-0.131268 -0.503867 -0.903598
-0.060686 -0.181631 -0.561268
-0.708018 -2.005808 -1.599201
0.037727 0.340425 -0.122620
-1.129627 -2.453372 -1.457012
0.132812 0.503818 -0.041355
-0.022658 -0.176811 -0.751621
-0.000057 -0.458500 -0.821749
-0.698631 -1.570536 -1.314566
-0.801279 -2.038862 -1.377811
0.065712 -0.225052 -0.686338
0.770614 2.043199 0.803746
-0.703045 -1.574716 -1.318134
0.034357 -0.592352 -0.978032
-0.711480 -1.573856 -1.333948
-0.554988 -1.274894 -1.129584
-0.333381 1.351673 0.336776
0.066178 0.071029 -0.299874
0.070040 -0.840201 -1.230787
0.031995 0.299275 -0.163593
-0.094390 -0.507895 -0.883338
0.029870 -0.362434 -0.799814
-0.044736 -0.354299 -0.776379
-0.261811 -0.952534 -1.040655
-0.584058 -1.312454 -1.284387
0.325154 -1.585871 -1.550024
-1.022848 2.780821 1.653781
-0.018465 0.968135 -0.012883
-3.419969 -7.964293 -4.818182
-0.045707 -0.360560 -0.784041
0.026443 -0.756726 -1.068651
1.393000 -6.510233 -5.671589
0.157001 -0.195575 -0.739284
0.194536 -1.505511 -1.728487
1.326595 -5.298448 -4.687099
-0.104139 -0.596400 -0.986192
0.163749 0.926034 0.359710
-1.255757 -2.468019 -1.419348
0.017366 0.219995 -0.127669
-0.109763 -0.143361 -0.546926
0.076856 -0.208591 -0.815365
0.060337 -0.310916 -0.763322
-0.783508 -2.029588 -1.372091
0.199161 -0.199137 -0.677542
-0.758515 -1.960505 -1.343855
-0.081366 -0.488543 -0.880492
0.192107 -0.204632 -0.687172
0.078775 -0.099075 -0.683777
-0.117611 0.001852 -0.480630
2.003065 -7.532106 -6.510151
-0.165504 -0.109598 -0.473750
0.021078 -0.127831 -0.467922
-0.712755 1.930946 1.165830
-0.035885 -0.508767 -0.857489
1.249418 -5.007994 -4.499053
-0.010271 -0.498475 -0.829683
-0.097395 -3.642351 -3.134614
-0.046006 -0.582383 -0.894997
-0.645462 1.718158 0.977271
-0.047449 -0.133939 -0.533270
-0.065975 -0.482405 -0.903690
-0.889409 -2.388029 -1.550076
-0.036184 -0.363883 -0.849969
-0.036884 -0.424212 -0.858667
0.096053 0.441620 -0.067762
-0.110465 -0.293253 -0.745431
-1.015796 -1.852121 -1.170430
1.175895 -4.644562 -4.171920
-0.359619 1.332023 0.845206
-0.036742 0.060899 -0.234822
0.032228 -0.901057 -1.089326
-0.091906 -4.349730 -3.643481
-0.682942 -1.930899 -1.573244
-1.502398 -2.928192 -1.226051
-0.506297 -1.588560 -1.248506
-0.344379 1.251902 0.756452
-0.633025 -2.663689 -2.311731
0.058390 0.639852 0.114082
1.410080 3.843700 2.102991
0.181372 0.655964 0.019530
-0.034844 -0.493510 -0.845415
0.809134 1.868537 0.586303
-0.573493 -1.909993 -1.758096
-0.004358 -0.152999 -0.667918
-0.319776 -1.397700 -1.244145
-0.820362 -2.082911 -1.394376
-0.021680 -0.522633 -0.846131
0.276167 0.810919 -0.095328
0.023697 -0.350023 -0.815283
-0.222081 -0.994341 -1.150984
-0.023205 -0.423660 -0.790762
-0.845090 -1.878442 -1.212801
-0.088012 -0.274412 -0.742504
-0.423806 -1.397983 -1.477105
0.089393 -0.199332 -0.828733
-0.014012 -0.150502 -0.525940
0.396667 1.934959 1.283509
0.049756 -0.299862 -0.782502
-0.103344 -0.253240 -0.658817
-0.058365 -0.532302 -1.046238
0.068527 0.386460 -0.124927
-0.147856 0.002623 -0.444474
-0.021673 -0.563608 -0.882722
0.183383 -1.271246 -1.524514
-0.655342 1.661574 0.884924
-0.008273 -0.045012 -0.377727
-0.090474 -0.624020 -0.964723
0.118751 0.519511 -0.105452
0.064263 -0.623512 -0.996084
-0.159981 -0.224206 -0.726171
-0.002862 -0.031017 -0.358361
-0.116380 -0.225513 -0.624497
-0.038157 0.324609 0.044506
-0.222899 -0.166915 -0.532932
-0.111425 0.054005 -0.327254
-0.021305 -0.514921 -0.924747
-0.031519 0.237809 -0.104265
-0.030721 0.265592 -0.062548
-0.534841 1.366706 1.007159
-0.088848 -0.320052 -0.740666
-0.070914 0.483318 0.357124
-0.015827 0.540244 -0.165553
-0.033412 0.263451 -0.064076
-0.217263 -0.164184 -0.529130
-0.262488 -0.303034 -0.731665
-0.234289 -0.160064 -0.578489
0.040435 -0.071533 -0.508177
-0.043363 -0.457461 -0.913247
-0.028553 0.733340 0.685857
-0.086519 0.079585 -0.362099
-0.305784 -0.184264 -0.517205
-0.065304 -0.275285 -0.714247
-0.038709 0.420769 -0.148294
0.029559 0.427127 0.096484
-0.273590 -0.089930 -0.453383
0.234308 -0.921459 -1.253984
-0.112218 0.040631 -0.345402
-0.015247 0.019347 -0.474379
-0.268474 -0.062979 -0.443834
-0.222952 -0.173057 -0.537536
-0.232380 -0.198098 -0.597028
-0.282004 -0.142985 -0.494247
-0.223598 -0.175361 -0.537905
0.126805 0.777062 0.092954
-0.116738 0.029383 -0.366389
1.569880 4.717765 3.870813
-0.222640 0.139970 -0.248537
-0.115145 0.069009 -0.224243
-0.075545 -0.329464 -0.898844
-0.194748 -0.194366 -0.661804
-0.058229 0.047534 -0.414783
-0.010993 -0.328917 -0.739705
-0.198325 -0.158765 -0.538422
0.292420 -0.908278 -1.341098
0.307581 0.919459 -0.053565
-0.216615 -0.164893 -0.535231
0.625567 1.635534 0.581143
0.049243 -0.177121 -0.677873
-0.080538 0.203525 -0.235339
-0.059349 0.020222 -0.438814
-0.009074 0.037609 -0.329488
-0.189970 0.047736 -0.216154
0.021320 -0.105625 -0.555876
-0.102724 0.069771 -0.381586
-0.045918 -0.333799 -0.772927
-0.010262 0.034239 -0.327597
-0.055418 -0.231162 -0.674678
-0.260294 0.076002 -0.280975
-0.061222 0.498966 0.398549
0.021816 -0.085347 -0.487536
-0.040800 0.215624 -0.156168
-0.184952 0.171268 -0.233759
-0.159705 0.037831 -0.207905
-0.098628 0.375702 -0.049505
-0.034507 -0.464596 -0.929588
0.250587 -0.970542 -1.292333
-0.134749 0.059347 -0.349187
-0.171878 -0.302016 -0.711077
-0.016590 -0.064675 -0.384966
0.348668 -1.082829 -1.665261
-0.185833 -0.251851 -0.639910
0.334998 0.920668 -0.010403
-0.014511 0.012410 -0.341565
-0.132433 0.120221 -0.189687
-0.313155 -0.022860 -0.313878
0.002047 -0.220166 -0.630826
-0.039262 -0.379132 -0.829692
-0.038710 -0.376229 -0.826614
0.018480 -0.125057 -0.528303
-0.020738 0.010736 -0.264161
-0.197836 -0.162005 -0.541400
-0.123150 -0.086581 -0.502588
-0.066202 -0.444407 -0.889543
0.366595 -1.209114 -1.535825
0.186171 -0.853141 -1.170769
0.021519 -0.499586 -1.000838
-0.352834 -0.071063 -0.350945
-0.199797 -0.348269 -0.755790
-0.014935 0.296177 -0.127078
0.012341 -0.150131 -0.572436
0.052317 -0.167088 -0.584030
-0.104045 0.388206 -0.036728
-0.048186 -0.476401 -0.941777
-0.198701 -0.165942 -0.540910
0.011822 -0.500986 -0.990457
0.090321 -0.729622 -1.125949
-0.061914 0.531325 0.449561
-0.037169 0.181963 -0.163214
0.038694 0.180507 -0.060134
0.004683 0.123960 -0.110888
0.323600 0.914258 -0.032165
-0.286131 0.083086 -0.254259
-0.138273 -0.129195 -0.470349
-0.051809 -0.440117 -0.898916
0.000887 -0.275056 -0.632749
0.364111 -1.191376 -1.524335
-0.072589 -0.315929 -0.835420
-0.080642 -0.303023 -0.838797
-0.073995 -0.413375 -0.849010
-0.068522 -0.410756 -0.847681
-0.128664 0.701874 0.244064
0.015177 -0.553369 -0.961982
-0.095025 1.203767 1.447212
-0.065005 -0.293958 -0.734449
-0.065442 -0.275869 -0.714300
-0.065471 -0.152262 -0.588641
-0.039829 0.239677 -0.148415
-0.160268 -0.096405 -0.479668
0.061158 -0.183955 -0.680900
-0.369445 1.044665 0.618898
-0.105117 0.120153 -0.236908
0.010321 -0.373853 -0.788349
0.093888 0.471763 0.253192
-0.075919 0.280374 -0.157464
0.017054 -0.141360 -0.550287
0.048348 -0.178791 -0.570120
-0.096230 0.199913 -0.215636
-0.171495 -0.256445 -0.699242
0.226120 -1.395147 -1.782226
-0.186071 -0.240490 -0.685497
-0.099406 0.368392 -0.060854
-0.092542 0.121782 -0.308283
-0.092795 0.362542 -0.073208
-0.049243 -0.548009 -1.019191
-0.099838 0.165587 -0.240011
-0.012536 0.017144 -0.364464
-0.166632 -0.063547 -0.440972
-1.928343 -9.936782 -9.001358
-0.117943 0.009643 -0.381247
-0.068858 0.395735 -0.152387
-0.074887 0.290750 -0.152432
-0.174479 -0.153407 -0.602448
-0.141980 0.340021 0.003559
-0.100095 -0.765950 -0.913056
-0.100283 -0.767021 -0.912475
-0.513793 -1.044794 -0.942921
-0.397881 -1.029810 -0.934893
-0.533110 -1.075021 -0.950218
-0.453562 -1.106854 -0.974882
-0.537108 -1.098487 -0.991414
-0.206491 -0.982622 -0.914991
-0.247164 -0.987690 -0.872652
0.049447 -0.289811 -0.863591
-0.065112 -0.427813 -0.875185
-0.079810 -0.391345 -0.863486
-0.073525 -0.449975 -0.872943
-0.151869 -0.940901 -0.930251
-0.181796 -0.971396 -0.884958
-0.540856 -1.113330 -0.998417
-0.467998 -1.079530 -0.968778
-0.386031 -0.807294 -0.921120
-0.062878 -0.421766 -0.876686
-0.087851 -0.715682 -0.862012
-0.146644 -0.912683 -0.938750
-0.479180 -1.085866 -0.972658
-0.065536 -0.484824 -0.923948
-0.180279 -0.975091 -0.881085
-0.084997 -0.632025 -0.883547
-0.171942 -0.882031 -0.953800
-0.293294 -0.962324 -0.915691
-0.153342 -0.848899 -0.909259
-0.064331 -0.427961 -0.876266
-0.066730 -0.431037 -0.875625
-0.371942 -0.919556 -0.953114
-0.130698 -0.912955 -0.926864
-0.182891 -0.825918 -0.870633
-0.050304 -0.378269 -0.875835
-0.366170 -1.004142 -0.877061
-0.554326 -1.108222 -0.978893
-0.184317 -0.917924 -0.873760
-0.086402 -0.763816 -0.898365
-0.261977 -0.979941 -0.918111
-0.069033 -0.440842 -0.883556
-0.066451 -0.433130 -0.874940
-0.081081 -0.483710 -0.883578
-0.078257 -0.457713 -0.873425
-0.156959 -0.811636 -0.866240
-0.241784 -1.031904 -0.909240
-0.066101 -0.425210 -0.868942
-0.071768 -0.426616 -0.878930
-0.506999 -1.019724 -0.949493
-0.063081 -0.423822 -0.874885
-0.238872 -0.894379 -0.859106
-0.067355 -0.445341 -0.890190
-0.085189 -0.952054 -0.959470
-0.071334 -0.436848 -0.872645
-0.253010 -1.045601 -0.967922
-0.072094 -0.450953 -0.885923
-0.247927 -0.985372 -0.871368
-0.094276 -0.528203 -0.938414
-0.066540 -0.397578 -0.872873
-0.067416 -0.439595 -0.884569
-0.069071 -0.440868 -0.883482
-0.080520 -0.494528 -0.903868
-0.065183 -0.426644 -0.874088
-0.108776 -0.907070 -0.976706
-0.050922 -0.816510 -0.982115
-0.068351 -0.803488 -0.913637
-0.047156 -0.690220 -0.927558
-0.089363 -0.548091 -1.013845
-0.071048 -0.506803 -0.956363
-0.078393 -0.784703 -0.925266
-0.052719 -0.374390 -0.878574
0.018878 -0.307722 -0.869682
-0.235142 -0.983759 -0.880915
-0.070378 -0.445035 -0.870997
-0.041302 -0.606880 -0.793754
0.051196 -0.265541 -0.863534
0.316222 0.100451 -0.753757
-0.540359 -1.082820 -0.970413
-0.065652 -0.428188 -0.873802
-0.081450 -0.483546 -0.887242
-0.483599 -1.067060 -0.964139
-0.460096 -1.048320 -0.897471
-0.066120 -0.429569 -0.873149
-0.062557 -0.428819 -0.878648
-0.562294 -1.117085 -1.002242
-0.080410 -0.485286 -0.887699
-0.229720 -0.976764 -0.882741
-0.070109 -0.445085 -0.877988
-0.249168 -1.035127 -0.980553
-0.153041 -0.806171 -0.856205
-0.069976 -0.726378 -0.891260
-0.286137 -0.844693 -0.837137
-0.562307 -1.121104 -0.985581
-0.368612 -0.874048 -0.865521
-0.252454 -1.044549 -0.968189
-0.432034 -0.973625 -0.920910
-0.076797 -0.452435 -0.875186
-0.014192 -0.297476 -0.881957
-0.066949 -0.464810 -0.882437
-0.117684 -0.910790 -1.050994
-0.272900 -1.071850 -0.960718
-0.059955 -0.416379 -0.873522
-0.558624 -1.110577 -0.994992
-0.078245 -0.488324 -0.898694
-0.192055 -0.754127 -0.822996
-0.207204 -0.940451 -0.859443
-0.008188 -0.465389 -0.760203
-0.065911 -0.436968 -0.880677
-0.052379 -0.401014 -0.873740
-0.293109 -0.898043 -0.896176
-0.370586 -1.022865 -1.032250
-0.362417 -1.094859 -0.920397
-0.204720 -1.040796 -0.862076
-0.049912 -0.372802 -0.865969
-0.078273 -0.485409 -0.901064
-0.079413 -0.482048 -0.889494
-0.591482 -1.163623 -1.037295
-0.076401 -0.469680 -0.901557
1.142082 1.302777 -0.448597
-0.036147 -0.362314 -0.867570
-0.513881 -1.035921 -0.949408
-0.274360 -1.008069 -0.868780
-0.471207 -1.077817 -0.900512
-0.198597 -1.012972 -0.853851
-0.170647 -0.568957 -0.921115
-0.559329 -1.128845 -1.014585
-0.062455 -0.444578 -0.882292
-0.559362 -1.128073 -1.012887
-0.064893 -0.421502 -0.877233
-0.350748 -1.059501 -0.909505
-0.083868 -0.507223 -0.896580
-0.354068 -1.065875 -0.939237
-0.058809 -0.371340 -0.872268
-0.097398 -0.546227 -0.941081
-0.387940 -0.987527 -0.924098
-0.365452 -1.087732 -0.924687
-0.250968 -1.021473 -0.941920
-0.588935 -1.150455 -1.044413
-0.053434 -0.460496 -0.960372
-0.224336 -1.035456 -0.960666
-0.099052 -0.551352 -0.941853
-0.596946 -1.130931 -1.057515
-0.064152 -0.436712 -0.876682
-0.101034 -0.881005 -1.042211
-0.089160 -0.545211 -1.008513
-0.230367 -0.877373 -0.913021
-0.334643 -1.019623 -0.924605
-0.066519 -0.428876 -0.872543
-0.168373 -0.974689 -0.984383
-0.054230 -0.381618 -0.877104
-0.368500 -1.084156 -0.913167
1.687068 -5.971526 -4.972471
-0.749728 -2.437404 -0.891991
-0.804520 -2.603297 -0.891680
1.007682 -3.485433 -3.244706
1.013902 -3.508404 -3.264642
3.281340 -10.695068 -9.548711
-1.104705 -2.972723 -1.467005
-0.104148 2.678577 0.062982
3.974334 -12.223831 -10.787014
0.973218 -3.456157 -3.243581
1.000364 -3.533378 -3.282633
1.692753 -6.034977 -5.011824
2.478615 -7.844710 -6.626625
-0.088507 -0.445702 -0.909061
-0.040003 -0.266240 -0.900325
0.355682 -2.643148 -1.913949
1.608124 -5.840514 -4.874561
0.964002 -3.438208 -3.226975
-1.121848 -6.065798 -1.866359
-0.001961 0.049119 -0.915805
-0.231568 0.430466 -0.497301
-0.356446 0.709216 -0.146634
2.660280 -8.206528 -6.954584
-0.222739 -0.047896 -0.611423
-0.065026 -0.386809 -0.909435
-0.036099 0.087349 -0.919397
4.057781 -12.243400 -10.927480
-0.080470 -0.669671 -0.962112
-0.859998 1.866344 1.125391
2.698492 -8.295343 -6.998919
-0.158250 0.046163 -0.663871
3.807942 -12.015233 -10.631342
1.006537 -3.509258 -3.263161
-1.096007 3.205961 2.047952
2.331968 -7.462076 -6.344972
2.662786 -8.148820 -6.930392
0.957355 -3.391364 -3.173588
0.940846 -3.378451 -3.182931
0.844909 -3.243274 -3.071902
-1.045702 -2.844033 -1.460074
-0.921093 -2.422648 -1.315011
2.857694 -8.819022 -7.415744
-0.086916 -0.426450 -0.902918
-0.007266 0.044287 -0.914457
-0.133317 -0.110347 -0.727969
1.963336 -6.645331 -5.460902
2.224255 -7.566156 -6.475208
0.946471 -3.418000 -3.183214
-0.013095 -0.111111 -0.901522
2.377247 -7.693349 -6.574986
2.240039 -7.243297 -6.145171
-0.220918 -0.116824 -0.646167
-0.010294 -0.142184 -0.909665
0.156073 -1.795892 -1.627569
-0.081088 -0.671388 -0.962374
0.647799 3.440893 -0.264084
-0.015891 -0.066698 -0.927668
0.913002 -3.341218 -3.141504
0.917879 -3.329846 -3.139023
-0.008309 -0.012619 -0.919275
4.110452 -13.052170 -11.483940
1.751061 -6.002047 -4.955206
-0.230354 -0.068220 -0.643528
1.471016 -5.209409 -4.391757
-0.225593 -0.043496 -0.608779
1.203637 -4.953074 -4.227004
0.931225 -3.373432 -3.149273
-0.149427 -0.005911 -0.685953
-0.108671 -0.526069 -0.906962
1.201066 -4.945609 -4.219482
-0.225753 -0.044235 -0.609126
-0.140645 -0.080440 -0.715026
1.845008 -6.361198 -5.552044
-0.276612 1.039667 -0.198688
-0.025342 -0.096120 -0.922028
-0.190796 -1.252096 -0.836450
0.884706 -3.294960 -3.107299
-0.022146 -0.130779 -0.911510
-0.011851 -0.231569 -0.893560
0.581414 -2.941437 -2.447825
-0.136706 -0.225251 -0.690360
0.952701 -3.397647 -3.203599
-0.029656 0.106846 -0.906187
-0.013056 -0.231083 -0.897577
-0.014071 -0.218688 -0.894793
-0.019215 -0.133894 -0.909106
-0.019321 -0.083349 -0.909818
1.769210 -6.258301 -5.473500
-0.004332 -0.304623 -0.884124
-1.139904 -2.747134 -1.325907
0.207268 -2.038202 -1.761375
0.628981 -2.371671 -2.509363
-0.005291 -0.014234 -0.920383
-0.005142 -0.014647 -0.921010
-0.026031 -1.705292 -1.220354
-0.101753 -0.707839 -0.858824
-0.023564 -0.192411 -0.906681
-0.010100 -0.225511 -0.911651
-0.229446 0.552498 -0.394251
-0.010419 -0.062995 -0.925890
-0.020635 -0.109025 -0.925882
-0.205337 0.384516 -0.499413
-0.019837 -0.130450 -0.910717
1.874915 -6.549203 -5.691297
-0.193147 0.246079 -0.575290
-0.018573 -0.084727 -0.910514
-0.000409 -0.046866 -0.870024
-0.004444 -0.029272 -0.922131
-0.165697 0.055557 -0.656304
-0.117371 -0.193972 -0.765170
-0.168574 0.071233 -0.649887
-0.092576 -0.510223 -0.898255
-0.011271 -0.062697 -0.924027
-0.000577 -0.090297 -0.874774
-0.113906 -0.351785 -0.821639
0.011515 0.094251 -0.853174
-0.026405 -0.132827 -0.912169
-0.204707 0.386666 -0.498607
-0.734590 1.496550 0.824261
-0.099053 -0.476170 -0.908656
-0.010350 -0.063888 -0.925200
-0.015148 -0.067880 -0.928677
-3.876671 12.398805 9.352232
-0.245156 -0.958999 -0.910728
-0.140069 -0.081110 -0.715477
0.011341 0.093810 -0.853608
-0.023444 -0.108011 -0.923264
0.004670 -0.100494 -0.868566
-0.018532 -0.081086 -0.918108
-0.009234 -0.051727 -0.869666
-0.041293 0.068146 -0.747209
-0.117800 -0.335205 -0.814737
0.771246 -3.116101 -3.792235
-0.242182 0.616564 -0.374419
-1.134314 -2.735852 -1.329900
-0.059327 -0.552776 -0.934761
-0.063455 -0.547140 -0.929017
-0.222780 0.233394 -0.511952
-0.029268 -0.059374 -0.909245
-0.019040 -0.233346 -0.896544
0.004595 0.014301 -0.921082
-0.107026 -0.506180 -0.906629
-0.153494 0.025889 -0.671372
-0.207153 -1.708275 -1.300755
1.168969 -4.293669 -3.495541
1.875584 -4.742583 -4.114079
1.095536 -5.062976 -3.098700
0.374387 -2.462521 -1.939823
2.083386 -4.762972 -5.422368
1.884150 -4.752885 -4.124259
0.898503 -4.780290 -3.037286
2.576705 -4.951158 -3.937334
-0.321928 -0.136906 -0.411070
2.087143 -4.707902 -5.431566
0.613249 -4.632329 -3.416904
0.137427 -4.391362 -2.813520
0.995225 -4.742748 -3.494987
-0.735787 0.185438 0.003609
2.081323 -4.736997 -5.457444
-0.358471 0.110346 -0.257491
2.094970 -4.591984 -5.720849
1.045355 -4.784816 -3.489886
1.080163 -5.001385 -3.082129
0.957288 -4.815564 -3.589801
0.141096 -4.378833 -2.810899
0.996387 -4.754493 -3.512787
0.717128 -1.752731 -2.700616
-1.451613 4.283028 2.551507
0.117245 -2.935229 -2.162905
-0.212513 -3.699036 -2.160753
-0.157663 -1.645708 -1.322099
0.386447 -3.930251 -2.180227
-0.126417 -1.470187 -1.198893
2.114217 -4.596668 -5.727939
0.875623 -4.668282 -2.973742
0.865621 -4.030973 -3.262834
0.965182 -4.695487 -3.546762
1.887898 -4.648276 -4.015156
1.113944 -4.907182 -3.576472
-0.806628 0.797591 0.856296
2.111112 -4.792240 -5.508016
0.138488 -4.334937 -2.800598
0.508045 -2.781360 -2.306972
-0.263169 -1.554260 -1.177273
1.106380 -4.675432 -3.437698
1.052670 -3.835505 -3.036573
0.681002 -4.592044 -2.619179
-0.694896 0.120036 -0.064670
-0.266969 -1.606557 -1.196314
1.209408 -4.418473 -3.547701
0.023068 -1.980454 -1.563010
0.170957 -4.554021 -2.609545
0.908350 -4.808320 -3.047255
2.099915 -4.669725 -5.386599
0.719294 -4.646756 -3.500549
-0.071515 -2.267659 -1.680506
0.168246 -4.408335 -2.735759
0.940435 -3.529109 -2.924949
1.094313 -5.033686 -3.103292
2.136905 -4.813556 -5.557585
2.959901 -12.106740 -9.034622
0.715404 -4.584066 -3.485498
0.696054 -4.556784 -3.448863
0.915728 -3.434809 -2.792739
-0.235508 -2.645503 -1.677785
0.991087 -4.699450 -3.557681
-0.281324 -2.051284 -1.664664
1.891586 -4.688795 -5.069397
1.957856 -4.471053 -5.544319
1.256068 -3.765039 -3.577440
0.040595 -4.600061 -2.774013
1.874988 -4.777686 -4.120046
0.948386 -6.498186 -3.260960
-0.150297 -1.458593 -1.161521
-0.263095 -1.562581 -1.181533
0.146894 -4.455393 -2.848635
1.664244 -4.499784 -3.695766
-0.054391 -1.689183 -1.499595
2.109154 -4.790665 -5.465307
2.292299 -3.498155 -6.656945
1.130040 -4.705067 -3.458470
0.912496 -4.539115 -3.472774
0.932563 -4.571696 -3.494859
2.029365 -4.755877 -5.183541
1.477827 -3.278158 -4.548574
1.067760 -4.976201 -3.043754
2.409882 -4.806073 -6.453108
0.700636 -4.586152 -3.466580
-0.216934 -3.166868 -1.923519
0.497999 -5.133923 -2.605152
-0.085699 -1.907648 -1.287383
2.004295 -4.704718 -5.126731
0.820036 -4.604562 -3.600743
-0.054779 -1.688294 -1.499180
0.966077 -4.681083 -3.538964
1.739843 -4.502005 -6.214634
2.099630 -4.785027 -5.489886
1.166616 -4.988361 -3.634218
1.954094 -4.666323 -5.083660
1.701636 -4.738166 -4.825905
1.189414 -5.091367 -3.703568
1.785609 -3.647676 -5.253068
7.333339 -11.588278 -12.120628
2.025843 -4.556219 -5.659025
2.087573 -4.697192 -5.426200
0.972537 -4.610729 -3.497481
0.932422 -4.887017 -3.091992
2.025139 -4.811780 -5.245899
0.961703 -4.782549 -3.582498
1.020029 -4.856248 -3.579953
0.066949 -4.921078 -2.936520
2.057351 -4.564511 -5.671583
2.038667 -4.893758 -5.280299
1.971187 -4.692810 -5.123829
0.907205 -4.809095 -3.640013
0.825928 -2.625154 -2.916716
2.107108 -5.039106 -4.389649
1.147698 -4.380980 -3.292503
2.030644 -4.740710 -5.220043
1.929658 -4.743695 -5.131642
-0.404757 0.172202 0.188651
1.795509 -7.839827 -4.990670
0.423676 -2.394206 -1.793175
0.923474 -3.461008 -2.806557
-0.056212 -1.691495 -1.500183
2.172433 -4.736188 -5.453991
0.514889 -2.613619 -2.079119
2.101136 -4.782474 -5.453954
1.606224 -4.778985 -4.473473
2.100453 -4.327811 -6.068889
-1.906134 2.552560 1.704258
0.013846 -1.820181 -1.568293
2.003124 -4.693449 -5.163523
1.788429 -4.476235 -6.199039
2.499360 -5.220863 -6.381929
2.029829 -4.789152 -5.290812
2.262592 -5.381184 -5.719769
1.133465 -4.355797 -3.294624
2.470902 -5.639574 -6.107902
6.250175 -11.561096 -11.259702
0.842294 -4.655175 -3.596219
1.919687 -4.713354 -4.189080
1.959856 -4.679994 -5.117926
2.003348 -4.200309 -5.863398
0.798175 -4.504148 -3.542930
1.153801 -3.077544 -2.492740
1.199481 -3.226490 -2.557998
-1.273642 9.352502 2.590741
2.496938 -4.804233 -3.124310
1.090325 -2.784895 -2.400073
2.007478 -6.077369 -3.967883
1.589188 -5.583486 -3.869629
1.407894 -3.882666 -3.044087
1.184833 -3.130889 -2.531003
1.426282 -5.475061 -3.712918
2.115869 -5.068615 -4.414293
-0.281744 2.955553 0.258672
1.260400 -2.777742 -3.992600
-0.271298 2.375544 0.044508
4.328041 -17.005169 -8.009681
1.507105 -5.941087 -4.237972
1.448371 -3.317645 -2.945895
-0.194015 2.089491 -0.114695
1.984989 -5.144121 -3.940336
1.442700 -5.499989 -3.723347
-3.426489 6.737417 2.631668
3.956032 -15.659810 -7.497842
1.126589 -3.067825 -2.463825
-1.984373 4.392760 1.091092
1.050333 -2.730416 -2.359185
1.940350 -5.942269 -3.895728
-1.865243 6.405113 1.542510
-0.141759 -0.189784 -0.958155
-0.167656 1.603593 -0.289794
0.737894 -1.492734 -2.049821
2.169467 -5.111398 -4.461514
1.949058 -5.683913 -4.501488
-1.866806 8.770272 3.519003
3.866462 -9.794763 -6.485783
1.865192 -4.005884 -4.082220
1.043979 -2.367950 -2.342777
0.936979 -2.585007 -2.548568
0.910893 -2.324677 -2.408573
2.117681 -5.451087 -3.931372
1.138839 -2.792733 -2.572813
2.090240 -5.318691 -4.513533
-0.318945 1.352580 -0.310298
1.982092 -4.515749 -4.399414
2.060293 -4.117316 -3.979432
1.118598 -3.056508 -2.537173
2.228222 -4.549962 -2.959565
1.527508 -5.638050 -3.855933
1.584869 -5.572547 -3.863158
3.588378 -9.079260 -6.094319
1.593994 -5.625747 -3.871122
-0.298024 1.449124 -0.235569
-0.823894 6.583369 1.582798
1.139468 -2.332610 -2.991642
2.143343 -4.388460 -3.549119
0.922637 -1.907560 -2.191573
2.107561 -4.218125 -4.063403
2.116015 -4.233764 -4.078557
2.046059 -5.157580 -4.021088
0.572359 -1.350511 -2.063892
0.922520 -1.799400 -2.505854
3.039681 -7.585548 -8.280960
-0.077487 2.446217 0.089256
-0.258672 0.990914 -0.318023
2.017086 -5.209469 -3.982360
3.777736 -13.740259 -6.614420
2.162460 -4.641030 -4.475702
0.972809 -1.935427 -2.668137
-0.372549 1.949958 -0.092334
2.433804 -4.877907 -4.009833
2.184052 -3.832162 -5.208088
1.860308 -3.987745 -4.066230
1.614594 -3.422236 -3.656311
0.601157 -0.749897 -1.819628
2.025141 -3.992210 -4.421479
1.006538 -2.496317 -2.490277
1.493153 -5.959153 -4.246007
2.902546 -11.334004 -7.788361
1.641040 -5.105997 -3.446695
0.729292 -1.338162 -2.002073
1.986250 -4.445498 -3.031436
1.438547 -5.735778 -4.099959
-4.225922 8.321817 3.876861
1.260876 -2.514430 -2.959437
0.976533 -2.344173 -2.575701
0.825193 -2.350950 -2.459554
-0.099576 3.563877 0.457642
1.897284 -4.936493 -3.525491
1.498031 -5.951844 -4.259592
0.606752 -1.435627 -2.075936
0.859501 -1.670689 -2.446623
2.241160 -4.517667 -2.957171
1.709969 -3.651956 -3.811540
1.419997 -5.727274 -4.047455
-0.122019 0.866220 -0.371231
0.950449 -2.313846 -2.565141
0.636106 -1.601801 -2.136535
-2.907893 9.230931 2.904062
0.870625 -1.716636 -2.393373
1.404194 -3.043835 -3.135922
1.590687 -5.602884 -3.857270
1.540468 -3.298778 -3.544735
1.392077 -3.920698 -3.042175
0.863963 -7.863554 -5.567903
1.777513 -3.326405 -4.025048
1.035972 -2.379806 -2.246968
2.979304 -7.196605 -4.847821
1.455888 -5.850510 -4.166760
1.786714 -4.477077 -3.733160
-3.859154 6.352165 6.765626
1.619256 -4.914518 -3.598996
-0.114185 0.339816 -0.624481
2.062359 -4.078498 -4.489543
2.173948 -4.657557 -4.510518
-0.128593 3.207488 0.442394
1.988161 -4.851190 -4.237556
1.965038 -4.853202 -4.218515
2.096844 -5.033874 -3.985934
0.880156 -3.365999 -2.530151
-0.550220 1.037712 -0.073097
1.649164 -3.554839 -3.718496
2.315713 -5.300645 -4.254976
1.877037 -4.779177 -3.753037
2.235618 -4.369998 -4.863515
2.362936 -5.086756 -4.771384
2.079136 -5.002605 -4.376162
2.127889 -5.761603 -4.062618
2.134339 -4.462590 -4.668572
-0.357848 4.355475 1.073863
3.790141 -10.051173 -6.369144
2.129739 -4.785142 -4.853150
1.819512 -5.641115 -3.706256
1.935021 -4.089660 -4.138121
1.450591 -4.100137 -3.106466
1.918501 -3.823318 -4.075895
-0.189995 0.733502 -0.386034
-0.200575 -0.228450 -1.171921
-0.132836 0.869178 -0.360420
1.316051 -2.745876 -2.880893
-0.306229 5.612033 1.439982
-0.009662 -0.500452 -0.919697
-0.005981 -0.505203 -0.924235
-0.056296 -0.434633 -0.887328
0.067391 -0.571488 -1.135002
0.151220 0.345432 -0.384225
-0.007704 -0.502722 -0.923215
0.018083 -0.574944 -0.937396
0.000276 -0.515097 -0.928963
0.115028 -0.596085 -1.151790
2.811959 -3.870318 -3.599879
-0.983955 2.043722 0.493526
-0.018544 -0.511853 -0.953311
-1.260784 2.274995 1.022345
-0.568021 1.131381 0.669237
0.040569 -0.620333 -1.007623
-0.826581 1.549875 0.338788
2.533710 -3.515361 -3.256710
-1.550626 2.492340 1.688937
-0.005432 -0.510573 -0.925285
-0.018182 -0.090975 -0.781942
0.103977 0.403109 -0.342975
0.021678 -0.589810 -0.954200
-1.218715 2.174173 0.958475
-1.247026 2.182876 0.911437
0.036579 -0.627192 -1.033310
0.439647 -0.938889 -1.743409
0.073024 -0.574948 -1.050671
0.006823 -0.519995 -0.898835
0.025244 -0.542708 -0.965224
-0.533473 1.199327 0.076139
-1.047197 1.842505 0.351832
0.039393 -0.559827 -1.127563
-1.219141 2.200652 0.964164
-0.000703 -0.529345 -0.958403
2.793112 -3.817968 -3.514089
0.151579 -0.633239 -1.380168
0.011293 -0.530899 -0.906791
0.114641 -0.594467 -1.150113
0.097464 -0.614072 -1.190324
0.217549 -0.719836 -1.517734
-0.012210 -0.222185 -0.867300
-0.000307 -0.518878 -0.931238
0.027760 -0.351906 -0.924976
-0.084985 -0.687033 -1.147357
0.025516 -0.564040 -0.971117
0.112995 -0.608884 -1.162797
0.014494 -0.226097 -0.834760
0.001785 -0.463322 -0.949468
0.045107 -0.599247 -1.048358
0.011969 -0.544392 -0.913953
0.037196 -0.630072 -1.021758
0.104382 -0.577381 -1.122849
0.034760 -0.626818 -1.010915
0.018761 -0.595706 -0.963873
0.024523 -0.571076 -0.965127
3.501033 -4.717237 -5.219505
-0.001023 -0.532185 -0.930740
-0.003380 -0.321860 -0.913225
-0.000591 -0.517103 -0.916352
0.027498 -0.562906 -1.013026
0.037974 -0.636747 -1.011246
3.206658 -4.190573 -4.496919
-0.026894 -0.470273 -0.917101
0.148620 0.349299 -0.381937
-0.015367 -0.508435 -0.911220
-2.253175 3.258993 2.479329
0.023215 -0.598994 -0.972206
0.004609 -0.540021 -0.967619
8.804039 -11.391452 -12.089938
0.097235 -0.011317 -0.601330
2.301563 -2.565745 -3.216733
-1.230479 2.145703 0.894192
-1.651834 2.740460 1.313753
-0.013232 -0.503907 -0.920585
0.007778 -0.565190 -1.014409
0.093523 -0.566514 -1.077918
-1.201075 2.147405 0.884008
-9.129245 11.611175 10.807902
-1.120116 1.950631 0.698735
0.067813 0.481806 -0.320043
0.043921 -0.595221 -1.046340
-0.026720 -0.478958 -0.902406
0.125186 -0.624691 -1.238459
-1.502827 2.594410 1.354225
-0.002161 -0.531808 -0.922840
-0.009757 -0.522215 -0.921722
0.019647 -0.596936 -0.964056
0.021184 -0.545477 -0.946058
0.022382 -0.307474 -0.900808
0.031352 -0.616654 -0.995111
0.040450 -0.621277 -1.008048
-0.032215 -0.472760 -0.916815
-0.033670 -0.464998 -0.915469
0.015660 -0.571312 -0.935065
5.919946 -7.568889 -7.392239
0.107783 0.553418 -0.238202
-0.004815 -0.311303 -0.906383
0.010074 -0.552463 -0.915301
0.106599 -0.578507 -1.125281
-0.535532 1.173235 0.087015
-0.927868 1.581975 0.438528
4.459001 -5.153619 -5.347747
0.177519 0.277206 -0.378441
-0.020680 -0.507810 -0.949231
0.028898 -0.549389 -0.948579
-0.001717 -0.347204 -0.922499
-0.005093 -0.307405 -0.904331
0.039709 -0.638531 -1.017244
0.107295 -0.574642 -1.130825
0.056971 -0.557100 -1.036675
0.028654 -0.429192 -0.997817
0.039062 -0.572950 -1.037990
-1.945305 3.301310 1.811205
5.377379 -6.931450 -6.764720
-0.874140 1.691292 0.382542
0.027723 -0.599788 -0.982928
-0.019708 -0.122460 -0.798011
-1.152059 1.877722 0.622876
-0.033817 -0.464313 -0.915772
-1.563739 2.774539 1.407406
-1.815360 2.395985 1.392951
-1.359939 2.370551 1.410138
0.033425 -0.558718 -0.973994
0.037889 -0.636705 -1.011557
-1.305016 2.384767 1.165004
0.093442 -0.123116 -0.682671
8.735061 -11.308596 -11.998365
0.001095 -0.280243 -0.883595
-1.119809 1.896000 0.437099
-0.018797 -0.481186 -0.923571
-1.037233 1.980548 0.761624
0.051495 -0.555623 -1.014585
-0.872886 1.625131 0.329193
0.124363 0.389856 -0.353394
0.142551 0.694448 -0.115787
-0.003386 -0.571437 -1.021095
-0.050834 -0.438005 -0.891659
0.137752 -0.589333 -1.266175
0.043231 -0.620265 -1.037836
-0.656017 1.359219 0.329104
-2.007853 3.068198 0.583138
2.831218 -6.305663 -3.042496
3.965345 -7.599571 -3.363246
2.644668 -8.531956 -4.343530
-0.551565 0.459643 0.194244
3.077857 -9.796978 -4.954492
0.569781 -2.247461 -1.254952
4.330604 -7.596403 -3.241803
-1.091931 1.117426 0.580978
3.083485 -5.964408 -2.741894
-0.558482 0.489208 0.208789
-1.439772 1.272742 0.964503
0.368512 -1.851207 -1.111445
-0.246982 -5.584997 -2.702922
-0.013613 -5.797472 -2.815607
1.586767 -4.357080 -2.617220
-0.771698 1.087826 0.574620
0.555691 -7.106627 -2.997081
-0.243505 -5.416004 -2.655680
0.978081 -2.844168 -1.568023
-0.215212 -5.489325 -2.710364
-0.249299 -5.592259 -2.701541
0.049928 -5.741384 -2.765461
0.680350 -2.386721 -1.266175
-0.281282 -5.588441 -2.673360
1.483979 -4.080490 -2.452501
-0.918812 1.450098 0.861413
0.384366 -1.428012 -0.938193
-0.660512 0.560572 0.281716
-2.092617 2.171514 1.724676
1.339247 -3.730532 -1.814123
-0.291893 -5.728213 -2.772221
-1.088023 2.465531 1.374498
0.537728 -7.075874 -2.983991
0.835842 -7.387827 -3.024317
-2.799138 2.521603 2.088986
-0.301131 -5.770487 -2.761186
0.032687 -5.827666 -2.743573
-0.554963 0.718868 0.409708
-0.793389 6.225711 1.251883
-0.800674 1.213762 0.648472
-0.538470 0.467354 0.203658
-0.496234 0.249547 0.009574
-0.706414 0.549022 0.333699
0.099092 -2.523076 -1.436050
-0.310098 -5.951430 -2.850576
0.031661 -5.890904 -2.769629
-4.861995 6.025658 4.014091
-0.689397 0.808154 0.549334
1.179235 -3.392578 -1.727910
-2.685362 2.586361 2.105411
-0.330495 0.114738 0.075116
0.986601 -3.173351 -1.582310
1.784746 -4.772044 -2.885696
2.190922 -6.330315 -3.689231
-1.648402 2.893500 1.359592
-1.035457 1.542765 0.827044
-1.485288 1.289687 0.867682
-1.493720 1.304396 0.876703
-1.433440 16.801644 3.965385
0.561721 -2.292578 -1.315536
-0.649484 0.859842 0.568579
0.920102 -2.703507 -1.316079
-5.443359 6.219019 5.459827
0.628197 -6.655736 -2.838415
-0.648766 0.865696 0.575626
3.865611 -6.525854 -3.726456
1.088435 -3.214490 -2.029509
-0.783033 8.366658 3.304525
-2.208568 2.370566 1.692958
3.734979 -6.152283 -3.795270
0.005651 -5.336425 -2.700047
2.196913 -3.351484 -2.372517
0.434739 -1.591687 -1.144803
6.707651 -8.879891 -6.056846
-0.367491 5.630740 0.634696
-2.762741 2.910851 2.314297
-1.223945 1.800605 0.819566
-0.613631 0.590685 0.441236
3.109262 -5.017029 -3.611116
-2.934336 3.150656 2.467636
5.012600 -6.856378 -4.996754
8.786910 -11.872532 -9.895046
-1.549255 1.400921 1.038715
-0.668331 0.603906 0.378751
3.762160 -5.322445 -4.077041
-0.674139 0.734162 0.454456
0.520254 -1.948957 -1.264428
-0.515264 0.436445 0.124219
-1.488973 1.314017 0.875593
-0.678435 0.752009 0.463678
-5.468127 7.106587 4.994213
1.545555 -3.241197 -2.243540
4.358105 -5.726439 -4.277219
1.834983 -2.884919 -2.021140
-0.693840 0.775048 0.483060
0.079969 -4.275552 -2.242219
-7.737729 9.716375 8.248943
-1.133089 2.577906 1.447705
4.621346 -7.483570 -4.324739
0.151902 -4.456449 -2.033497
3.628771 -5.153184 -3.958136
-1.690199 2.057150 1.699065
-3.385623 3.111877 2.492757
-0.651423 0.734516 0.249348
-0.660965 0.894210 0.242790
-0.724088 0.591528 0.431634
-0.828980 1.274234 0.803920
-6.262026 9.570070 3.759046
-1.456434 3.478979 1.944996
-4.329362 4.668487 3.396836
-0.719540 0.848410 0.549989
-0.576826 0.534792 0.484215
0.605081 -4.577802 -1.786374
1.446708 -9.776523 -3.029567
0.604680 -4.435374 -1.830563
0.028420 -0.135990 -0.764391
0.105204 -0.175715 -0.764774
0.173730 0.882774 0.009249
-0.013982 -0.499994 -0.947297
0.105692 -0.174665 -0.764295
-0.018101 -0.482218 -0.936955
0.036970 -0.774933 -1.038825
-0.015931 -0.488465 -0.942783
0.036315 -0.392588 -0.962852
-0.013131 -0.490145 -0.939800
0.300332 -1.424024 -1.609271
-0.052232 -0.556224 -0.944629
-0.007809 -0.488600 -0.954566
0.030612 -0.331490 -0.922152
-0.329515 0.422447 -0.283570
0.094655 -0.175806 -0.721212
0.008869 -0.441736 -0.925501
-0.129766 0.181286 -0.546804
0.015019 -0.426590 -0.916233
-0.009495 -0.483155 -0.933679
-0.009819 -0.478058 -0.930326
0.049930 -0.075755 -0.728814
-0.111064 -0.230545 -0.762534
-0.124096 0.011707 -0.734564
-0.030220 -0.491560 -0.912919
-0.392641 0.471325 -0.182886
-0.162945 -0.008321 -0.612863
-0.262821 0.257568 -0.447791
-0.119220 -0.180330 -0.708263
-0.073819 -0.333417 -0.825425
-0.135286 -0.201031 -0.723740
0.179085 1.582341 0.139842
-0.267344 0.262857 -0.447274
-0.252189 0.301554 -0.404270
0.209462 1.538258 0.574440
-0.265386 0.284486 -0.420267
1.329228 -13.304566 -6.359298
-0.795505 4.846993 1.244850
-0.217357 -1.639326 -2.076729
0.443940 -6.262012 -3.168296
0.093803 -0.467750 -1.228366
-0.327379 -2.559530 -3.127213
-4.271434 -11.126472 -6.198614
-0.401852 -2.817044 -3.548434
0.209871 0.805972 0.089529
-0.274207 -1.392239 -1.979470
-1.155958 -3.272530 -3.181924
-8.606932 13.916923 3.742879
-0.218420 -1.279005 -1.897291
3.525963 8.836695 4.613136
-0.308991 -5.342277 -5.859216
0.309230 1.281074 0.239485
0.839309 3.651766 3.361790
0.426408 -3.215927 -3.011556
-0.278330 -1.306073 -1.914022
-0.506796 -2.335266 -2.783550
-1.748184 -6.307651 -5.839765
1.046686 4.585702 3.614357
0.530130 -2.632214 -2.660899
-0.186214 -1.312961 -1.667394
0.045901 -0.470852 -1.277939
0.092593 1.051152 0.409213
-0.291214 -3.091230 -3.672689
-2.961070 4.584176 1.221921
0.517249 1.971341 1.247572
-1.325199 2.345541 -0.611634
1.842425 -5.276698 -2.402818
-8.140563 13.509964 2.610089
-1.559903 2.778455 -0.589207
5.915205 -11.836118 -4.018043
1.706385 -3.187938 -2.630115
4.189121 -7.159335 -4.555098
0.163361 -5.376501 -2.674647
0.165251 -5.401487 -2.683937
-0.245984 -3.994182 -2.695394
-0.008236 -0.023957 -0.729571
0.005306 -0.444415 -0.862527
-0.495420 4.690144 1.179457
-0.889462 -3.015276 -2.611174
0.071733 -1.868365 -1.965247
0.026862 -0.213760 -0.628489
-0.231248 1.512088 -0.078421
-0.800317 -2.843112 -2.742326
-0.054389 -0.822452 -1.280695
0.025499 0.215822 -0.745733
-0.110107 -1.186988 -1.611749
-0.957368 11.601987 3.872457
-4.106936 -11.648781 -6.250262
-1.406605 14.740022 5.122408
-0.090585 -0.048257 -0.590231
-0.254342 -1.571605 -1.893528
-0.020088 -0.781819 -1.252212
-3.332180 12.051685 7.401909
-0.181720 -0.010722 -0.753555
0.651772 -2.730413 -2.234514
0.674445 1.423164 -0.154575
-0.377312 0.741300 -0.454182
0.069594 -0.473096 -0.982889
-4.227776 15.728851 9.686918
0.306594 -2.216136 -2.288410
-0.110873 -1.221021 -1.635128
-0.129500 0.883047 -0.357472
-0.509172 0.490930 -0.553705
-0.208202 -1.328845 -1.678738
0.079812 -0.508766 -1.102701
0.397629 0.671118 -0.013872
-0.019554 -0.556220 -0.986689
-0.008227 -0.445703 -0.874110
0.338288 -1.912451 -1.857130
0.040611 -0.347708 -0.777653
-1.541372 2.485685 0.071989
0.488229 -3.321395 -3.172872
-0.880286 -3.106824 -2.321692
-0.282422 -1.444249 -1.819066
2.573845 -6.224430 -3.876666
-7.921349 11.723696 5.509891
-0.050877 -0.949861 -1.353837
2.870028 -5.971549 -1.877838
2.324785 -7.107339 -1.779379
3.991221 -7.162720 -3.045945
3.277620 -9.033506 -5.630362
1.218293 -3.111446 -2.210577
-6.920576 12.019476 1.788570
0.165696 -2.772512 -1.684847
-10.134916 15.651258 5.704390
4.610024 -8.769545 -0.629833
-0.076143 -1.368884 -1.419487
-0.048459 -1.213839 -1.317258
-0.042167 -0.790530 -1.164236
-0.048428 -1.217164 -1.318163
-0.295487 0.710889 0.013079
9.414220 -16.767721 -0.051362
-0.104157 -0.897453 -1.088411
-0.080499 -0.707640 -1.003740
-0.082286 -0.789757 -1.068674
0.019830 -0.583936 -0.998979
0.079133 -0.468081 -0.896970
0.011547 -1.051157 -1.143420
0.039402 -0.210074 -0.644061
0.045888 -0.318248 -0.880612
0.089640 -0.072688 -0.653295
0.026819 -1.296562 -1.372749
1.719202 10.340729 2.607738
-0.000993 -0.332360 -0.849028
0.097884 -0.129735 -0.773919
-0.080026 -1.107447 -1.272748
0.704749 -2.228283 -1.262220
-0.174563 -1.163684 -1.258746
-0.418134 -3.614280 -3.419196
0.034872 -0.913542 -1.261585
-0.020452 -0.534017 -0.901572
0.748806 -2.339909 -1.259867
0.557343 -1.830704 -1.345101
-5.494089 11.624129 5.938599
0.880257 -2.159824 -1.331655
0.565098 -1.795510 -1.372606
0.152197 -1.480224 -1.351371
-6.954144 16.217549 3.752993
0.559010 -1.854477 -1.356748
0.402239 -1.594471 -1.386960
0.096987 -1.668719 -1.608250
-0.076592 -1.119642 -1.405544
-5.858374 12.456461 -1.031428
0.421018 -1.666047 -1.389213
0.718571 -2.165480 -1.324673
0.644655 -1.795273 -1.401811
2.968566 -4.495850 -2.035743
-0.782297 0.801416 -0.422910
5.911532 -9.299516 -1.126412
4.125656 -5.974468 -3.159611
3.158599 -5.563528 -1.029048
2.408508 -4.435067 -1.529476
6.113530 -9.072512 -2.193049
9.577196 -15.769894 -1.391529
-12.295270 14.159244 -2.947542
-8.285393 11.426596 2.894357
-11.543628 12.668997 -1.522347
-8.425791 11.695704 3.735290
-9.417066 12.919757 -3.036417
-8.429684 11.632573 2.987896
-11.132687 14.821210 -3.817442
-11.467763 12.541614 -1.264795
-8.312918 11.401513 2.885925
-11.131175 12.262091 -1.512399
-8.327881 11.459945 2.919953
-8.603313 11.907761 3.794745
-10.887353 14.649861 -3.870054
-10.134963 13.257455 -3.798032
-10.140901 13.192682 -3.733882
-11.612154 12.692497 -1.288176
-8.130135 11.256574 3.554212
-13.929563 10.726802 3.331405
-11.912249 13.711792 -2.852363
-8.819617 11.983118 3.007117
-9.337295 12.039111 -3.654901
-3.434081 4.168929 -1.882640
-11.022873 14.220155 -3.914331
-10.219794 13.303988 -3.751909
-6.026807 7.908974 -2.449533
-11.576194 12.729490 -1.176241
-11.837173 12.994751 -1.185671
-4.302064 5.461325 -2.058375
-8.861977 12.206380 -2.930309
-10.108588 13.627867 -3.629182
-12.461971 14.361288 -2.980608
-8.975701 12.318667 3.132060
-10.031357 13.441829 -3.300914
-10.644791 14.330313 -3.397015
-9.701299 13.268926 -3.161381
-4.225923 5.335072 -2.009428
-8.242371 11.391912 3.623182
-9.238578 12.663349 -3.000170
-9.497111 12.784019 -3.450941
-3.031336 13.566877 7.762019
-10.872885 14.339389 -3.956947
-8.263405 14.142378 1.918138
-8.851581 12.847075 3.521749
-11.620650 15.755439 -3.800291
-7.433715 12.902952 -0.920170
-7.670762 13.286869 -0.937302
-8.960306 12.964089 3.528127
-10.628906 14.011715 -3.876598
-11.074340 14.780097 -3.601798
-3.559219 4.381158 -1.844112
-9.878229 13.284802 -3.230166
-8.381608 12.122531 3.274382
-8.833150 12.012775 3.006137
-9.839458 13.331908 -3.502674
-9.612428 13.101459 -3.137267
-9.926558 13.394983 -3.297529
-10.982394 14.381186 -4.089776
-3.264407 3.993818 -1.801846
-10.570859 14.329925 -3.708261
-10.888944 14.352012 -3.952041
-12.089773 13.288310 -1.584921
-11.332823 12.450706 -1.143344
-9.754996 13.087465 -3.289086
-3.415115 4.126601 -1.892086
-10.765661 13.738308 -4.068255
-1.782578 2.362695 -1.145326
-3.371041 4.128753 -1.853501
-9.735948 12.989594 -3.263863
2.029049 -11.486787 -3.930893
-8.837610 11.933149 -2.988009
-7.199870 9.463841 -2.802680
-8.311617 10.946654 3.243325
-5.502466 6.952784 -2.448079
-10.055450 13.565126 -3.580126
-0.783811 6.122651 2.394832
-1.953572 9.665700 6.940475
-3.240434 3.932420 -1.825912
-9.612472 13.180226 -3.094092
-8.929651 11.669865 3.476289
-8.558114 12.403909 3.368870
-3.253890 3.950435 -1.823830
-9.594459 13.188147 -3.093418
-12.055076 13.159074 -2.498530
-9.293585 12.796693 -3.049921
-11.935793 13.205781 -2.285107
-8.136589 11.327403 3.632251
-7.439869 12.939699 -0.926060
-3.405752 4.209418 -1.824886
-9.641536 12.889876 -3.473083
-8.207502 10.866011 3.232059
-11.308275 15.146621 -3.696752
-8.390246 11.597781 3.713042
-1.905830 2.458937 -1.224073
-8.330140 12.046293 3.202542
-8.428957 11.127981 3.116025
-11.637316 15.294769 -4.270177
-12.178960 12.649607 -1.944146
-5.505900 5.847758 -1.301583
-11.120252 12.216807 -1.137681
-0.033540 3.958167 1.209610
-0.294874 3.010539 1.047810
-3.398444 4.075936 -1.903867
-0.462581 0.416233 -0.615153
1.158975 -4.459850 -1.791377
0.029276 3.489988 0.999207
-3.019761 3.475465 -0.987638
-8.694649 11.365223 3.387043
-3.576839 4.418673 -1.842527
-3.960558 4.976046 -1.915056
-0.772794 0.691352 -0.485186
-8.508069 12.381045 3.351764
-3.274510 15.620090 10.619647
-11.486294 14.430214 -2.749349
-8.663065 12.502075 3.326159
-8.471970 11.208835 3.394389
-4.281079 2.650144 0.320268
-0.421678 2.202716 0.593240
4.633276 -4.269346 -0.585625
-1.315027 0.958278 -0.143793
-0.155730 4.019120 2.354422
-0.301508 0.195454 -0.248118
-1.343240 1.658777 -1.089863
-8.309210 11.935535 3.142396
-0.467724 3.793328 2.009995
1.588132 -3.008997 -1.222357
-8.455389 11.609321 3.112154
-8.709615 11.405177 3.448207
-0.365368 0.977760 0.094977
-8.273214 11.671378 3.000520
0.019584 2.104168 0.208226
2.199548 -2.257417 -0.445950
-0.033856 0.085753 -0.531237
1.006116 -1.495980 -0.672152
-1.469718 2.026053 -1.014422
-6.949335 8.554221 -2.507971
-8.523131 11.375862 3.534427
-0.466129 0.483197 -0.409707
-8.044731 13.501708 2.266667
-9.020318 11.902933 3.611426
-10.792574 12.899209 -3.544159
-9.643507 13.138459 -3.431713
-10.679928 12.975526 -3.382791
-9.561695 12.242005 -3.834213
-10.787511 12.949049 -3.555946
-11.712390 12.907565 -2.155433
-10.480642 13.067523 -3.895872
-13.182569 12.485782 -2.999023
-11.724534 12.803699 -1.793075
-9.785865 14.660029 4.383608
-9.933415 13.162461 -3.720156
-9.936029 13.206397 -3.694341
-11.228614 12.983701 -1.402143
-10.856615 12.997442 -2.520371
-11.367343 12.968703 -3.024968
-13.343400 12.870254 -1.031062
-13.386631 12.875913 -1.051739
-9.281273 12.828463 -3.079916
-10.479729 13.054397 -3.477849
-11.364400 12.622986 -3.931467
-13.225693 12.318746 -2.937329
-10.908812 13.064264 -2.530737
-11.535220 12.641747 -3.765339
-10.460427 13.023215 -3.477298
-12.687405 13.133557 -2.342979
-13.377358 12.625533 -3.021051
-9.921414 14.630796 3.524824
-11.643985 13.562533 -1.557005
-11.046424 12.774561 -1.405011
-9.306123 12.862692 -3.010675
-11.079818 13.258488 -2.560976
-11.644316 13.408437 -1.170191
-10.468747 13.046559 -3.475118
-11.278630 12.687471 -3.823554
-12.010983 12.663740 -2.958310
-9.402639 13.728598 3.232058
-12.331253 13.053704 -1.567717
-11.526221 12.789945 -2.283687
-13.550372 12.797192 -3.041931
-12.055966 12.782660 -1.559933
-12.965871 12.616542 -1.385253
-9.932374 13.102935 -3.750900
-9.233554 13.029106 -3.009979
-10.685096 12.862257 -3.420675
-11.688403 12.922204 -2.097919
-11.915886 12.960343 -1.765510
-11.499429 13.232703 -1.158809
-9.384053 13.235945 -2.996026
-11.330406 13.058008 -1.159479
-9.792780 14.502851 3.494281
-9.427716 13.912809 3.340566
-10.735222 12.198730 -4.728263
-9.646087 13.311943 -3.105327
-9.749144 14.401597 3.470793
-11.126535 13.345744 -2.567004
-12.935677 13.022773 -2.447729
-12.421735 12.874929 -2.729903
-7.652798 13.700729 -1.110184
-10.242698 13.666156 -3.751580
-11.754940 12.652179 -2.598113
-9.455942 12.986786 -3.092173
-11.682200 12.587664 -3.771552
-11.710166 12.965488 -2.130377
-9.339520 13.162921 -2.990181
-12.147974 13.110117 -1.788307
-11.095002 13.416736 -2.752129
-11.585324 12.804874 -2.051186
-12.621152 12.763644 -2.515855
-9.364162 12.906742 -3.357462
-9.515244 13.050259 -3.355104
-9.195690 12.609226 -3.185303
-12.264011 12.880977 -3.008608
-13.197528 12.449613 -2.993164
-12.054675 13.142956 -1.821208
-12.342773 12.994582 -3.014415
-10.232712 13.140276 -3.451061
-11.789121 13.012561 -2.166160
-12.026912 13.100140 -1.798996
-11.191505 12.689844 -3.896577
-11.928650 12.747767 -3.609069
-10.484676 12.929497 -3.935503
-12.093757 13.133481 -2.671190
-11.410889 13.227165 -1.442716
-10.751608 13.071253 -3.428751
-12.339009 12.801073 -2.710506
-12.302160 13.240290 -2.784378
-13.258169 13.314721 -2.485662
-13.416522 13.308755 -1.260749
-12.708974 13.059349 -2.722222
-9.631116 14.450609 4.346083
-10.538606 12.675936 -4.615677
-10.422614 12.772050 -3.947755
-9.303169 12.908665 -3.111691
-9.136095 12.901601 -2.918431
-11.831315 13.098374 -2.145646
-10.966065 12.954878 -4.423835
-9.589773 13.430270 -3.085271
-12.171315 12.696582 -3.030010
-11.419475 12.641897 -2.291624
-9.454263 13.060332 -3.041911
-12.143680 13.040273 -2.735072
-11.659330 13.509537 -1.059847
-9.641723 13.301461 -3.043406
-11.784075 12.662891 -3.587416
-10.571975 12.848587 -3.403112
-12.190251 13.054111 -3.683136
-11.332869 13.024772 -2.286660
-11.457131 12.708000 -2.276545
-11.875732 12.730593 -3.734528
-13.125364 13.084083 -2.222016
-13.401692 13.146054 -1.873922
-10.372452 12.938195 -3.878917
-9.421635 13.088692 -3.019231
-12.107278 12.788599 -2.949500
-12.461619 13.051762 -2.736690
-12.001297 13.065382 -1.792659
-12.423954 12.852388 -2.239451
-9.884405 13.618629 -3.250579
-10.523413 12.771292 -3.361451
-11.894868 12.965338 -1.783644
-9.389900 14.093665 4.234406
-11.300810 12.548055 -4.141617
-11.638165 12.405009 -4.317571
-12.257334 13.006304 -2.758820
-11.582532 12.499523 -2.589397
-11.403876 13.225919 -2.082882
-13.057381 13.009209 -2.593088
-12.220341 12.627011 -2.221333
-13.150827 12.958337 -2.171022
-10.969938 12.946096 -3.743073
-11.927781 13.184647 -2.125422
-11.438125 12.359869 -3.693001
-11.755109 13.000420 -2.086780
-9.914476 13.647554 -3.546166
-10.552225 13.165115 -3.506018
-10.919293 13.001100 -3.716603
-7.748826 13.870051 -1.085538
-11.280937 9.320824 -3.253267
-10.500380 11.608382 -4.149815
-10.545283 11.052116 -5.137330
-10.389944 11.485115 -4.114552
-9.902953 11.653102 -4.320782
-9.525104 11.687675 -3.724123
-7.900157 12.247532 -1.946689
-10.174960 8.838560 -2.247818
-9.763194 11.864546 -4.142163
-9.893716 12.052044 -3.914235
-7.562110 9.949135 2.204826
-10.527333 11.335870 -4.016654
-7.703784 11.999764 -1.896367
-9.591801 11.685607 -3.760692
-9.884792 12.209451 -3.851659
-10.367010 7.359842 -0.354695
-10.101744 6.564712 -1.074766
-10.679265 10.548766 -2.985266
-10.574590 10.969373 -5.126255
-9.669245 11.857427 -3.762492
-9.575586 11.637675 -4.072961
-9.524374 11.606948 -3.735493
-10.792093 11.318456 -4.940661
-10.430791 11.545316 -4.107552
-9.305987 11.591328 -3.629380
-9.996568 12.120311 -3.911384
-9.254676 11.491188 -3.627011
-9.675310 11.879552 -4.038448
-11.231187 10.273595 -3.526244
-9.953296 6.013053 0.516167
-10.518153 11.421505 -4.019640
-10.377448 8.812079 -1.626452
-10.558781 11.243853 -5.200149
-10.373227 11.401683 -4.883610
-9.590974 11.675564 -3.759864
-10.799259 10.582790 -5.119755
-10.563734 11.348194 -4.026218
-10.553101 10.696828 -3.538289
-9.568217 11.642043 -3.726104
-10.627309 10.470216 -2.740861
-9.699414 5.727349 0.461850
-9.250205 6.455294 1.432827
-7.579285 9.800242 1.540988
-10.894314 10.948676 -5.348913
-10.576210 11.143048 -5.116421
-11.206223 10.922397 -5.249381
-10.456594 11.024182 -4.197313
-10.297197 11.900528 -4.352645
-9.371295 7.120231 1.750064
-7.952375 12.385856 -1.957005
-10.967855 9.177474 -3.231130
-10.244943 9.495116 -2.009293
-9.766972 11.867613 -4.133642
-10.413055 11.365899 -4.543654
-10.661085 10.188286 -3.125463
-10.897780 7.491569 -0.349687
-10.488386 11.274584 -3.991631
-10.428006 11.005150 -4.207403
-10.031624 5.928898 0.500680
-9.422869 11.660030 -3.707498
-10.156655 6.073959 0.597990
-10.865815 10.022230 -2.779187
-10.068341 11.157584 -4.012069
-11.442212 10.747536 -5.844993
-9.910656 12.119691 -3.917585
-10.418722 11.199256 -3.974196
-11.097109 9.843011 -2.983372
-10.489711 10.632826 -3.532229
-10.419341 11.747032 -4.199054
-10.116638 6.062451 0.559682
-10.688591 11.498626 -3.383479
-10.701852 9.555705 -2.801932
-10.431225 10.960459 -5.092320
-10.572608 11.119509 -4.954104
-4.823902 5.425471 -2.649422
-10.251173 11.412837 -4.236054
-10.631114 11.452815 -4.031699
-10.314054 6.166486 0.555211
-3.654883 12.349498 4.483382
-10.499518 11.093220 -4.956711
-10.140921 11.525761 -4.075985
-9.980154 11.785774 -4.336738
-10.467234 11.349254 -3.996798
-9.953228 5.937645 0.545996
-10.603636 11.300038 -4.942576
-10.507213 11.049789 -4.926836
-1.075798 4.862773 0.672968
-10.113107 11.318768 -4.067671
-10.837154 11.257157 -5.183293
-13.861554 9.763627 -4.472123
-10.731929 11.708710 -4.654092
-11.140688 10.737089 -4.240062
-9.817401 5.890709 0.544798
-7.309914 9.972162 1.726628
-10.255756 9.045081 -1.807771
-9.775569 11.943722 -4.099792
-10.556648 11.054248 -4.867955
-11.134972 10.708529 -5.260953
-9.309360 11.556164 -3.651972
-10.557577 11.337642 -3.345228
-8.139145 10.437917 1.662302
-10.662575 10.190480 -3.160789
-10.776386 10.828241 -2.819714
-10.364915 8.929468 -1.922166
-9.324207 11.196915 -3.974529
-9.364404 6.461549 1.382645
-11.075293 12.777960 -4.600399
-10.090204 11.124846 -4.395814
-9.270097 11.501308 -3.597745
-10.051858 12.406038 -3.984353
-10.252619 6.118497 0.555363
-10.307660 10.960558 -3.149206
-10.520737 11.435050 -4.021162
-10.503573 11.312842 -4.043986
-11.354561 10.963265 -4.318801
-10.948056 10.074488 -2.799951
-10.647063 10.123276 -2.223013
-11.157065 11.179567 -5.101201
-10.788271 11.335037 -4.253190
-11.526085 10.981614 -4.840479
-9.777939 5.809836 0.447259
-10.550332 11.124403 -4.223938
-7.650860 11.906995 -1.886439
-9.541635 11.733206 -4.001818
-10.217418 11.298856 -4.062107
-10.784315 10.189506 -2.574494
-9.685140 11.767779 -3.866801
-11.008174 10.810145 -4.660562
-10.298621 10.969201 -3.131706
-10.909744 9.954856 -3.435576
-10.459821 8.810576 -3.127634
-10.576169 10.216656 -2.308661
-10.312969 9.407606 -1.928337
-9.753308 11.872771 -4.042733
-10.794754 10.555902 -2.967365
-10.553644 11.872778 -4.246113
-10.684885 10.512727 -2.679519
-9.293355 6.469240 1.450257
-10.808942 10.947935 -3.588812
-7.561455 10.332955 1.808963
-10.612387 9.583156 -1.939057
-1.731721 1.679584 -0.091598
-10.433206 10.927704 -5.094629
-10.752937 11.142555 -5.155571
-7.876915 9.451415 -3.451639
-10.152408 11.465206 -4.108496
-10.942009 11.006584 -4.494112
-11.142256 10.903931 -5.271752
-9.092735 10.962367 -3.883769
-11.152156 11.688268 -4.387216
-6.333090 5.642064 -1.115236
-6.101095 5.575019 -0.267332
-6.696747 4.636801 -1.109118
-6.716835 4.663598 -1.117361
-5.904553 6.860417 -1.485025
-6.662262 4.611127 -1.177524
-6.413896 4.459802 -1.140078
-6.139420 5.576742 -0.250196
-5.984750 7.053813 -1.494377
-5.071500 8.591013 -0.397301
-6.115207 6.034444 -0.845879
-6.045347 5.757644 -0.346919
-6.144958 6.405624 -1.664180
-3.990695 5.724832 1.757057
-5.932529 6.423763 -0.868941
-6.088249 6.645550 -1.266502
-6.151464 6.078438 -0.843117
-6.302051 6.004491 -2.412133
-6.139376 6.694586 -1.275053
-5.937695 6.914834 -1.488562
-6.080728 5.699624 -0.335616
-5.988433 6.119338 -1.040333
-6.036358 6.332798 -0.918097
-6.642238 4.514399 -1.920294
-5.945291 6.182493 -0.625833
-3.421831 7.584943 1.627176
-5.411494 3.492138 -1.304767
-5.307896 3.403430 -1.282820
-5.667652 7.521959 -1.422202
-9.688370 6.676416 -1.289713
-6.165847 5.788210 -0.783375
-4.321072 7.602178 1.069637
-4.360486 6.109407 1.539860
-5.978346 6.800923 -1.482812
-5.698589 6.200099 -0.412083
-4.286914 7.546874 1.058215
-4.284604 6.004640 1.504777
-5.712197 3.510220 0.764589
-5.654910 7.506752 -1.409875
-5.848841 6.386068 -0.386202
-6.791345 4.754790 -1.163535
-6.052507 4.165400 -0.083172
-6.455994 5.210016 -1.826039
-6.084990 6.368094 -0.934609
-5.993018 6.177495 -0.614500
-5.969402 7.086492 -1.542221
-6.501831 5.453859 -2.378999
-4.464342 6.229556 1.574646
-6.113142 6.217054 -0.730075
-5.011474 3.941458 1.364945
-6.536660 5.355987 -2.184758
-5.963675 6.240689 -0.650536
-5.963130 6.331704 -2.218459
-5.601680 7.361259 -1.554646
-6.011122 6.354727 -0.880605
-9.568946 6.707421 -1.238474
-5.814033 7.599773 -1.482262
-5.824627 6.371704 -0.398569
-6.564238 5.259952 -2.086403
-5.838123 6.371428 -0.318737
-6.069243 5.990295 -0.438588
-5.830627 6.910010 -1.545337
-5.060197 3.181453 -1.249477
-6.220292 2.703435 -0.057218
-5.972497 6.208248 -0.621254
-5.236500 3.784556 1.227788
-6.191305 6.397576 -2.137738
-5.987580 6.938555 -1.110925
-6.092429 6.115913 -0.474431
-6.103070 6.462522 -0.729729
-5.770409 6.280552 -0.402740
-5.507469 3.257857 0.656546
-6.677662 5.406544 -2.176047
-6.068810 6.611543 -1.250854
-6.182468 5.667365 -0.479325
-5.868841 6.971001 -1.558581
-6.039038 6.580272 -1.281425
2.622611 -11.445318 -5.597344
4.635657 -12.496320 -4.100505
-6.161934 6.453446 -1.767198
-6.554708 4.507773 -1.203654
-5.183345 8.808973 -0.370810
-6.072930 6.083798 -0.492164
-4.326324 7.619317 1.070138
-4.374105 7.695587 1.093408
-5.469325 3.366588 0.652731
-6.205932 6.418936 -1.874886
-6.488102 5.222197 -2.051335
-5.954411 6.894176 -0.784357
-4.664797 2.978481 -1.539972
-3.816373 2.444718 -1.451467
-5.787345 6.296999 -0.368829
-5.103192 8.716375 -0.370862
-5.793023 6.304461 -0.368415
-11.092793 7.780095 -1.276053
-6.237159 2.710940 -0.052181
-5.688761 7.542613 -1.452938
-5.679733 7.429371 -1.427948
-6.160068 6.467526 -0.915713
-6.114855 6.671158 -1.263215
-5.924976 5.995562 -0.529546
-4.127176 6.169361 1.631442
-4.103284 6.111583 1.605675
-6.701707 5.370900 -2.115881
-5.591888 6.402694 -1.095653
-6.318288 5.681810 -1.123208
-5.512979 3.458071 0.693882
-3.784284 2.425474 -1.442988
-3.123736 2.182338 -1.061556
-1.844185 10.561710 2.011894
-5.964469 6.848256 -1.104845
-6.004590 6.564257 -1.287934
-6.244947 5.854995 -0.780606
-5.620318 3.530539 0.758742
-5.222260 3.748370 1.243565
-6.068378 5.796302 -0.897686
-6.040053 6.245363 -0.588330
-5.849591 6.087929 -0.664270
-4.213257 5.678387 1.623947
-6.053147 6.425544 -0.714281
-5.991664 6.230011 -0.616182
-6.116695 6.211067 -1.038777
-5.494817 3.365039 0.665643
-6.117135 6.489587 -0.771655
-5.671322 6.182204 -0.324330
-6.049540 6.192517 -1.485881
-6.053408 5.757299 -0.344115
-5.876378 6.375394 -0.895464
-4.000777 5.744138 1.767675
-6.039309 5.610341 -0.657155
-5.946366 6.274110 -0.925337
0.984862 -8.257925 -4.450956
-5.919306 7.537367 -1.688592
-6.176526 6.453495 -1.653254
-6.498428 5.253443 -2.098855
-5.908356 7.015402 -1.557124
-6.005341 6.771568 -1.596183
-6.272892 6.168312 -1.216878
-5.909417 6.412314 -0.881334
-4.827090 3.452133 1.282754
-5.936477 6.846442 -1.113350
-6.004307 6.362362 -0.882531
-5.937016 6.183358 -0.633329
-5.829806 6.350695 -0.373771
-5.471288 3.348758 0.654619
-5.799085 7.568034 -1.480522
-6.723337 5.397228 -2.162259
-6.027304 6.392403 -0.869843
-5.982530 6.898146 -1.512262
-10.748778 9.409745 -2.726433
-7.202156 11.870239 0.736130
-8.970029 10.036877 -2.205514
-10.330642 9.252172 -1.245853
-9.723011 10.015850 -2.239739
-7.075632 4.540070 -1.909434
-10.437212 9.705550 -2.477584
-12.114074 8.286675 -2.722721
-9.878657 9.930970 -1.887396
-10.487038 9.234135 -2.697447
-10.567963 8.695272 -4.763903
-10.515095 7.203994 -2.500495
-12.664188 7.887131 -3.147866
-10.179345 9.150208 -1.615911
-9.700564 10.200942 -2.372107
-9.834439 9.667313 -1.676148
-11.296760 7.775923 -2.602066
-6.943098 11.132905 -1.661166
-7.734020 5.484508 -3.505425
-8.301585 10.556650 -3.122305
-6.989406 4.433806 -1.968089
-11.072838 8.707967 -4.365753
-9.886537 9.945406 -1.887724
-10.028534 9.189510 -1.368828
-7.214750 9.864852 2.410168
-9.927962 9.121862 -1.334776
-11.326284 9.001643 -4.055313
-7.049430 4.456190 -1.848509
-9.908542 9.780743 -1.704148
-10.378411 8.085390 -0.012335
-11.760220 8.748898 -5.436608
-7.215995 11.912441 0.745232
-9.969447 9.268974 -1.388579
-10.013195 9.086210 -1.728490
-9.734195 9.723662 -2.536280
-9.576090 9.865671 -2.309309
-8.982839 10.056287 -2.218717
-9.971234 9.797215 -2.643191
-9.663845 9.972938 -2.323328
-10.032009 9.743181 -2.599333
-9.950501 9.723393 -1.689690
-11.104565 8.609335 -4.313197
-10.052333 9.419310 -2.292535
-10.103168 9.122979 -1.717277
-10.546090 9.781309 -1.419891
-7.455500 9.973399 1.815328
-9.639343 9.940591 -2.372342
-9.724516 10.334532 -3.055603
-9.070538 10.104188 -2.620608
-9.872417 10.122417 -2.411678
-10.285949 9.600889 -2.424472
-4.064124 2.597262 -1.803396
-10.824439 8.502462 -4.396991
-9.792489 9.791675 -2.566120
-10.070667 9.682792 -2.583152
-9.846568 9.767901 -2.056849
-7.166516 11.805423 0.715853
-10.103546 9.118478 -1.607558
-7.001966 4.905489 -3.238969
-11.758150 8.278457 -4.260473
-10.113652 9.955861 -2.675988
-11.901636 8.517540 -4.799313
-7.354311 10.067504 2.477584
-9.671606 10.007007 -2.307903
-11.164678 8.808412 -3.913480
-9.684336 9.876773 -2.413277
-3.340950 2.217693 -1.510860
-8.125039 10.390385 -3.136375
-8.308995 10.563426 -3.111849
-3.464624 2.536978 -0.950550
-9.714901 10.325561 -3.010699
-9.511662 9.887641 -2.316644
-10.674469 8.724755 -4.877546
-6.728744 10.758778 -1.643779
-11.710307 8.358487 -4.734533
-11.046713 5.377274 -1.018934
-8.762496 9.917923 -3.182543
-11.036182 8.680087 -4.355449
-9.898019 9.663025 -1.635563
-6.996870 11.186175 -1.671924
-9.883548 9.962663 -1.839016
-10.191734 9.288560 -1.865370
-9.562289 9.714380 -1.825778
-8.640735 10.982102 -3.238977
-9.669057 9.943225 -2.220077
-11.840835 8.436672 -4.398332
-11.149499 8.907227 -3.947299
-10.868642 8.526266 -4.406432
-10.310937 9.957155 -2.241283
-6.599802 3.752010 -2.019934
-8.151713 10.455302 -3.245461
-8.147139 10.269017 -3.162765
-9.800325 9.941699 -1.895031
-11.254355 8.860596 -4.432190
-10.114287 9.447925 -2.382979
-8.481209 10.751743 -3.157835
-9.585778 10.194462 -2.969321
-9.707212 9.859985 -1.896746
-9.565645 9.725786 -1.894887
-9.429056 9.963631 -1.511982
-10.133192 9.780525 -2.269151
-9.357332 9.894757 -1.505424
-11.312927 8.121568 -4.128105
-11.879069 8.494722 -4.451850
-11.257548 8.849106 -3.987897
-9.389396 9.910358 -2.281103
-4.132656 2.645165 -1.799133
-10.795450 8.520900 -4.413730
-10.112378 10.346708 -2.469637
-9.492874 9.763476 -2.199829
-9.793859 10.098906 -2.193569
-12.455271 7.929484 -3.208149
-10.011507 9.919504 -2.596442
-9.540159 9.660447 -1.870254
-10.335241 9.482735 -2.155503
-9.397534 9.240017 -4.333858
-10.904032 8.609812 -4.441788
-9.869985 10.197334 -2.212262
-10.294983 9.943454 -2.270782
-9.406862 9.944109 -1.485968
-9.997899 9.472434 -1.502972
-10.093196 9.880933 -1.682305
-10.055148 9.648328 -1.520703
-7.928003 10.532046 1.885622
-9.000246 5.732123 0.851356
-9.023931 10.119822 -2.199137
-10.439382 8.337174 -4.482526
-10.599543 8.537975 -4.422685
-10.920866 8.646795 -4.470560
-9.811753 9.593025 -1.662074
-7.053060 11.641319 0.723424
-11.282900 8.885963 -3.975260
-9.652889 10.262995 -3.067349
-9.281675 10.347746 -2.617687
-8.871430 9.278093 -4.133587
-9.505278 9.549035 -3.372956
-9.854622 9.679989 -2.619760
-9.946611 9.987771 -1.926020
-12.420725 7.859760 -3.236279
-12.071735 8.181406 -2.856587
-10.902625 8.960089 -4.928790
-10.459827 8.573264 -4.779104
-10.308103 8.507017 -4.631538
-9.561248 9.585662 -3.229830
-10.251292 9.637299 -2.406552
-10.092615 9.273949 -2.009861
-7.487732 9.988169 1.792605
-10.447886 8.636361 -4.475485
-9.960028 9.768631 -2.882752
8.108640 -5.999721 -0.161913
1.753164 -2.108750 -0.765056
2.997704 -3.120958 -0.585317
-13.189556 14.372365 -1.759783
8.535530 -6.821228 -0.377565
-10.129715 17.190134 -0.894770
-13.377520 13.948875 -0.809209
-12.988614 13.367637 -0.770020
10.366127 -7.519950 0.183127
-11.895376 13.156303 -1.595224
-9.053630 12.109489 -2.596906
-5.150876 2.813174 -1.615114
-5.214370 2.856562 -1.622465
-5.435812 2.997381 -1.645870
-12.309273 13.795018 -2.386295
-11.633779 13.571367 -1.903818
-12.832836 13.968493 -1.591262
-4.084881 2.995244 -1.332957
-8.341393 11.331109 -2.319411
-10.303050 13.607318 -2.661055
-14.706024 12.480445 -5.202385
-13.258694 13.634106 -0.714808
-9.373141 9.904747 0.486164
-10.786764 8.494659 -1.253610
-10.127965 7.724204 -3.093109
-10.656354 8.380285 -1.257567
-9.431668 9.902042 0.546240
-9.178615 8.100444 -3.734258
-9.784160 7.803265 -3.160090
-9.285616 9.770471 0.514205
-13.646396 7.931777 1.243680
-9.889227 7.901018 -3.177906
-9.814957 7.834055 -3.163369
-9.159989 8.247866 -3.683404
-9.201242 8.189647 -3.722140
-10.684458 8.404204 -1.264416
-7.959762 10.021813 -2.411269
-14.717307 6.961281 0.723770
-9.401088 10.025380 0.148470
-10.058894 7.710367 -3.104272
-11.460531 7.645760 -1.797058
-9.303691 9.941967 0.131471
-13.075375 8.032017 0.764106
-10.920875 8.356796 -1.180224
-9.093007 8.189447 -3.657161
-9.147104 8.242919 -3.671726
-6.447129 4.348130 -1.337820
-4.677644 4.460283 -0.729202
-9.750789 7.671259 -3.728925
-10.200919 7.470241 -3.333709
-13.137241 7.782821 0.539170
-11.346831 7.819743 -1.778977
-8.822679 9.944426 -0.653042
-9.250284 9.952720 0.211120
-7.965918 10.185183 -1.955469
-9.710270 7.581516 -3.712318
-8.668138 8.692569 -3.632122
-11.031549 8.467570 -1.181861
-9.655608 7.662245 -3.744051
-10.080948 7.712087 -3.097952
-7.596939 10.172840 -2.378761
-8.813520 10.182326 -0.402394
-8.341013 10.294746 -0.601555
-7.635621 10.309592 -2.335192
-11.129816 8.568163 -1.208072
-9.814176 7.827590 -3.154707
-9.257393 8.084513 -3.799699
-10.071302 7.726704 -3.092667
-8.314227 10.549580 -0.427172
-8.668921 10.169594 -0.218498
-9.141442 9.971605 0.369808
-9.303595 9.995157 0.004326
-11.603387 8.025389 -1.651293
-9.137060 8.237504 -3.658963
-7.591430 10.241321 -2.332430
-9.659882 7.666056 -3.645608
-11.093838 8.517924 -1.175226
-9.266748 8.096097 -3.724789
-8.614526 10.399530 -0.094990
-9.362145 9.845425 0.507476
-14.524981 7.054919 0.399064
-13.219339 7.512906 -0.746114
-7.905849 10.645460 -0.442012
-8.642815 10.228773 -0.304548
-8.791748 10.163980 -0.443652
-10.707505 8.406065 -1.240584
-10.777161 8.934315 -0.794157
-8.693118 8.767319 -3.681926
-9.389639 9.830033 -0.843086
-11.151570 9.344695 4.114927
-9.158181 8.093524 -3.923144
-9.565384 7.575154 -3.718175
-11.004788 9.352835 4.015850
-10.115874 7.264979 -3.571136
-9.957503 8.444416 -2.565794
-9.831692 7.747208 -3.131894
-7.572073 10.633332 -1.447295
-11.041758 9.322518 4.136219
-10.607418 8.817580 -0.987992
-8.380049 10.269324 -0.568979
-10.955502 8.450701 -1.412964
-8.545812 10.275753 -0.116935
-8.380326 10.270546 -0.566684
-10.159801 7.296732 -3.578853
-9.641454 7.651805 -3.721366
-8.807152 10.108110 -0.773665
-8.980532 9.926235 0.368142
-9.262682 9.909771 0.214151
-8.980547 10.041223 -0.543851
-13.543789 8.075745 1.238461
-14.138288 7.156878 0.369840
-8.100234 10.281242 -0.582093
-6.450809 10.235317 3.202633
-8.765418 10.423558 0.038989
-11.807632 7.709063 -1.560524
-9.746920 8.754688 -2.749171
-10.808488 6.899116 -3.057509
-10.871957 8.379172 -1.426903
-8.284053 10.251932 -0.520790
-9.230681 8.217267 -3.656194
-8.153771 10.202681 -1.642145
-8.466784 10.169511 -0.148659
-7.422469 10.340055 -2.446469
-8.749370 10.143311 -0.787570
-11.949186 8.951316 3.043011
-9.557728 7.777510 -3.768020
-8.170011 9.985722 -2.213238
-8.370280 10.293242 -0.599674
-14.054160 7.702356 1.304763
-8.630850 10.158328 0.092111
-13.926172 7.875335 1.476562
-8.641808 10.185153 -0.960534
-9.562013 8.040058 -3.668734
-8.367216 10.357991 -0.610709
-12.966934 7.913566 0.506881
-9.566559 8.766569 -2.970068
-7.990560 10.192570 -2.196765
-8.221441 10.342834 0.147478
-7.789166 10.361971 -0.793541
-8.527791 10.024198 -0.988925
-9.305617 10.208093 0.390034
-14.299030 7.121369 0.364686
-8.308637 9.858278 -2.592620
-10.608356 8.803748 -0.988665
-10.758570 7.043720 -3.089295
-9.663111 7.761097 -3.577775
-9.417493 7.869737 -3.831674
-13.382929 7.987176 1.218510
-10.133389 7.775319 -3.113399
-8.200139 9.843775 -2.644687
-8.076141 10.323857 -1.075331
-11.447701 8.662481 2.945835
-7.211968 11.023361 -1.401009
-14.143714 7.050683 0.373066
-10.202943 7.503351 -3.328610
-9.318585 9.908107 0.160606
-9.313742 8.009557 -3.642679
-8.507731 10.249024 -0.108803
-8.454848 10.321952 -0.176336
-7.835862 10.405590 -1.961859
-13.206250 7.868649 0.550127
-9.663167 8.883509 -2.977261
-9.155245 9.716040 -0.858713
-9.466701 7.827791 -3.687535
-11.088378 9.352099 4.170834
-8.494167 8.645653 -3.684614
-13.913432 7.732470 1.417171
-8.750917 10.125047 -0.390657
-8.750142 8.847226 -3.690060
-7.117899 10.736721 -1.979935
-10.956887 8.449858 -1.421857
-9.049936 10.099587 -0.608731
-9.703639 11.186267 -1.701423
-11.903288 10.767688 0.380547
-11.848169 10.772358 0.361145
-13.621864 10.175247 4.429298
-12.867033 8.390986 -1.595484
-11.490499 10.346759 -1.194494
-11.828141 10.691540 0.390435
-11.971424 10.843185 0.388688
-11.811213 10.646718 -1.172945
-9.586824 11.129236 -1.697650
-14.254840 9.291274 3.051385
-13.103510 10.656045 4.788184
-10.554326 11.283379 -0.825765
-11.647899 10.406103 -1.210648
-13.558820 10.104436 4.406821
-14.159848 8.972240 2.923772
-11.423676 10.742982 -0.649886
-11.395160 7.384963 -3.583815
-10.869380 7.138129 -4.177279
-14.123424 8.938052 2.925482
-9.943407 10.315242 -2.656554
-13.864971 6.354339 -1.189282
-11.247529 8.712139 -3.491643
-12.575847 6.987794 -2.200724
-11.404276 10.689083 -0.659060
-12.849502 9.105141 -1.156216
-14.097554 9.185721 3.023757
-10.921697 7.198829 -4.187655
-9.675088 11.245277 -1.698453
-14.253515 7.267957 0.195695
-11.274880 10.891684 -0.795265
-11.543595 10.571986 -0.096366
-10.737957 11.443854 -0.800528
-11.543208 10.303419 -1.200861
-14.570046 7.160415 0.226745
-11.140034 10.659411 -0.937922
-11.691720 11.000682 0.160460
-12.637694 7.265214 -1.989565
-13.152827 6.149781 -1.134336
-10.846553 11.692233 0.019923
-14.135224 9.210891 3.018314
-12.494640 7.210140 -1.990342
-14.020558 7.134767 0.179717
-11.264212 11.057988 -0.026782
-11.304976 9.339282 -2.321439
-11.043671 11.013890 -0.071684
-11.055773 7.001615 -3.575594
-12.030190 10.983637 0.342034
-14.268883 8.839881 3.814796
-12.699142 7.330016 -2.009066
-7.152102 4.892846 -1.196951
-14.244142 7.034407 -0.492207
-9.450784 10.725992 -2.618309
-10.526462 10.727909 -1.806349
-14.203594 9.006396 2.943668
-12.650625 8.981814 -1.180991
-10.703227 7.106915 -4.045014
-9.657448 11.240776 -1.693900
-14.711159 7.013950 1.109957
-14.817976 5.821182 0.314410
-10.923200 6.889160 -4.241441
-11.142817 7.513240 -3.997359
-14.427127 8.987143 3.035315
-11.061990 8.687264 -3.501708
-11.134770 10.705217 -0.951902
-13.449275 6.180986 -1.151039
-9.599164 13.711434 5.211582
-13.690938 10.121517 4.993317
-13.950418 9.097381 2.993720
-5.620569 3.498309 -1.214142
-9.134641 10.767402 -2.878257
-14.042455 6.934183 -0.500293
-11.033000 7.477886 -4.096959
-11.070064 7.455436 -3.947907
-11.153971 7.471340 -3.628792
-12.783126 8.310477 -1.578816
-9.893832 11.268164 -1.729576
-12.538564 8.341574 -1.660552
-10.995352 6.763292 -3.719082
-9.733575 10.929025 -2.415719
-11.047663 7.314822 -4.236357
-11.516373 10.974180 0.184051
-9.054009 11.842309 -1.598550
-14.094219 8.932986 2.915199
-12.396885 8.226767 -1.657589
-11.278242 10.847709 -0.961838
-10.669871 11.508816 -0.018646
-12.670490 7.201619 -2.144511
-10.315794 13.698365 4.947681
-14.616788 7.403428 0.944964
-11.237857 7.179166 -3.502682
-11.335583 7.147229 -3.700403
-10.958368 10.685198 -1.819933
-12.500733 9.060904 -1.276663
-10.997824 7.745887 -4.295290
-9.113980 11.618662 -1.854767
-14.616581 7.322958 0.933585
-10.367902 7.890519 -4.100427
-10.086799 10.149697 -3.033151
-10.980759 7.340349 -4.012523
-11.094306 10.971690 -0.622548
-12.571127 8.371873 -1.642527
-10.269066 11.103257 -1.439726
-11.472391 9.411992 -2.358805
-14.377625 9.322416 3.079269
-9.968207 10.283091 -2.596082
-11.640215 7.496507 -3.633857
-14.267469 7.042864 -0.480393
-13.422916 6.349812 -1.114308
-11.387360 10.473969 0.000429
-11.345939 8.425475 -2.879132
-10.971962 11.094421 -0.234358
-9.992582 13.538132 5.851169
-13.501655 9.914727 4.861076
-9.917956 13.539303 4.257897
-9.779461 9.697253 -3.266225
-11.165563 10.763006 -0.788402
-9.972383 11.219018 -1.104839
-11.669199 10.981556 0.165644
-14.353794 9.093779 3.744702
-9.771701 10.919709 -2.524717
-11.093868 11.051007 -0.146325
-11.319109 10.863326 -0.949385
-10.674794 10.692282 -1.331549
-13.294705 6.261666 -1.018896
-11.495284 8.508959 -2.922413
-11.538114 9.032156 -2.420591
-14.224357 7.248374 0.198894
-10.197139 10.400770 -2.335871
-11.326487 10.253278 -1.191335
-9.989029 13.697811 4.346807
-14.579682 7.171332 0.966767
-11.701264 10.446541 -1.209201
-11.591841 8.325435 -3.047558
-11.037031 10.727926 -1.816551
-11.556171 10.719407 -0.292009
-10.317869 7.862640 -4.083313
-13.783404 8.726411 2.826160
-13.171744 7.001809 -1.931433
-11.362635 10.593840 -0.609892
-10.264892 7.545709 -4.166577
-10.507412 7.406912 -4.051183
-10.980877 7.216718 -4.204959
-12.161603 6.785661 -2.122438
-11.244184 10.557095 -0.570059
-10.893753 11.160692 -0.325749
-11.033152 7.983296 -2.910125
-10.977539 10.744276 -1.834535
-12.843404 10.416835 4.681550
-9.921234 14.138672 5.432949
-10.059482 6.675588 -1.271950
-10.362085 6.280037 -1.897301
-10.766783 8.726965 -1.057192
-11.711174 7.095342 -0.638067
-11.614491 7.157423 -0.580233
-11.668530 6.950918 -0.644236
-10.827555 7.904333 3.403628
-10.863711 7.949362 2.759331
-10.882352 9.033263 -3.162102
-11.676811 7.205678 -0.563570
-10.968688 9.096147 -3.179444
-11.511366 7.159878 0.520562
-11.185892 6.813419 2.799366
-10.908482 9.043020 -3.157344
-11.033680 8.800315 -3.049184
-10.841654 8.575844 -0.997584
-10.747139 7.746523 3.322174
-10.672864 7.932835 2.649891
-11.252081 8.148850 -1.449128
-10.378787 9.732286 -2.934568
-11.529430 7.045263 1.087316
-11.364486 7.273787 0.523371
-11.948756 6.988346 -1.869907
-8.124993 11.349995 -0.610123
-11.783714 7.272463 -0.563460
-11.902569 5.974026 0.544530
-9.687396 10.269904 -0.685735
-9.247301 10.423906 -0.380408
-10.865300 8.696192 -3.026497
-10.503205 9.496089 -2.416469
-10.528797 8.081585 2.811688
-11.629601 7.109805 -0.506001
-10.729884 7.854305 2.692505
-11.564103 6.953275 1.233150
-11.478487 7.181010 0.546623
-9.518853 10.281529 0.420499
-9.358687 10.342908 0.559255
-10.696041 9.057741 -0.613871
-11.069343 6.761957 3.171504
-11.701710 7.138815 -0.521500
-11.382529 7.140341 1.073801
-11.818824 7.263960 -1.934961
-12.174571 2.623262 -1.589288
-11.531239 6.779437 1.204275
-10.796287 7.673055 3.404922
-10.170011 10.015203 -1.792540
-10.606377 8.015075 2.646871
-10.467876 8.156788 2.767766
-10.938675 8.686271 -1.015485
-9.628968 10.242631 -0.676855
-11.967501 7.100557 -1.946912
-12.145819 4.835106 0.086759
-11.563880 7.987940 -3.222778
-10.527988 9.452649 -2.339977
-11.336171 7.961012 -1.577583
-11.244078 8.621296 -3.314866
-9.518215 10.355255 0.072802
-10.277073 9.449247 -2.458194
-11.431262 8.030605 -3.421947
-10.654822 8.180326 2.901464
-11.676696 7.940715 -2.949748
-10.915538 8.706874 -1.190799
-8.873426 10.963060 -0.423848
-10.606519 9.265259 -1.786027
-8.773983 10.944391 -0.338438
-9.975482 10.168822 -2.656181
-10.890944 8.831298 -1.059768
-11.534871 7.137561 0.464749
-11.741593 7.166428 -0.546664
-11.720990 7.237804 -0.561510
-11.232599 8.491787 -3.597381
-10.910440 9.082733 -3.516287
-10.580369 7.489008 3.304400
-10.726466 8.943154 -3.478721
-10.709302 7.813952 3.345733
-11.618827 6.863748 1.182003
-10.569265 9.315709 -2.430741
-10.022649 8.678440 3.887780
-11.549179 8.036442 -3.409140
-11.604956 7.844300 -3.162818
-10.929937 8.719112 -1.175464
-11.931814 5.620291 1.235431
-11.902454 7.410728 -2.086319
-11.005509 9.083773 -3.172366
-9.978936 9.863503 -2.240382
-11.890274 2.159284 -1.254145
-11.214579 8.607361 -3.326299
-8.977862 10.890580 0.108669
-11.920823 7.137108 -1.936133
-7.687071 11.700518 -1.243897
-8.772017 10.843510 -0.398615
-11.547981 8.011899 -3.369346
-11.563300 7.960785 -3.209489
-8.815268 11.007431 -1.645930
-11.824634 4.549025 1.655339
-9.957983 8.433837 4.254991
-11.998337 6.112552 0.094909
-9.613291 10.150103 -0.683199
-10.664397 9.049194 -0.822335
-9.183556 10.707743 -0.626433
-12.021397 6.480349 0.354696
-11.516725 7.187795 0.479730
-11.693985 7.339114 -0.079938
-11.178980 8.596815 -3.298673
-11.259831 8.407332 -3.336595
-11.187324 6.813682 2.738828
-12.062322 7.103300 -1.928094
-10.704322 7.779811 3.346632
-11.584885 7.231412 0.475718
-10.100343 9.976189 -1.866128
-11.286811 8.516651 -3.600762
-8.443104 11.361503 -0.658614
-11.392828 7.148826 1.050257
-10.075608 8.638393 3.887383
-8.916822 11.110452 -0.140856
-11.199044 6.624348 2.859678
-11.603488 6.839670 1.150783
-12.014345 5.232647 0.685334
-11.174230 6.729396 2.578097
-8.598993 10.960344 0.413874
-11.348739 7.307633 0.700926
-8.697577 11.121494 -0.409459
-10.876285 7.851133 3.359262
-10.705999 8.142368 2.763776
-9.667098 10.478114 0.432704
-10.817596 8.546587 -0.985597
-10.898674 9.044149 -3.497558
-11.886852 7.450249 -2.067602
-10.655956 9.030672 -0.619951
-11.490360 7.214627 -0.089467
-11.474026 8.243271 -3.337225
-10.953530 8.655282 -0.982252
-10.982126 8.681168 -0.984414
-12.086341 5.795008 0.087626
-8.963704 10.869601 -1.412885
-11.621728 8.032884 -3.411927
-12.054942 5.731049 1.166319
-10.889846 8.894350 -3.786649
-11.052685 8.805554 -1.214008
-10.425589 9.200440 -2.417004
-10.486236 7.426659 3.828381
-11.582171 7.782388 -3.130279
-10.155970 8.688433 3.923476
-10.540053 8.092437 2.799398
-9.377803 10.155326 0.090426
-11.099753 9.207096 -3.207832
-11.389290 7.130471 0.508098
-10.594423 9.540800 -2.544828
-11.797089 7.346738 -2.062658
-9.149894 10.813599 -0.067496
-8.958839 10.870570 0.099536
-11.583685 7.921554 -3.118495
-11.283044 14.548799 0.223033
-8.972903 11.512177 -0.032753
-5.510699 4.042561 -1.761476
-14.494322 10.391482 3.741710
-14.143780 10.056952 3.555615
-14.256342 10.318924 3.857916
-15.797192 9.044214 3.927753
-14.090116 10.093961 3.610791
-12.476391 10.171005 4.833633
-15.627931 8.937115 3.936896
-14.908501 8.952705 4.026609
-14.938265 10.472504 3.761560
-16.101516 9.219575 4.097237
-14.302321 10.365837 3.838693
-14.830573 10.370058 3.743356
-15.668404 8.940717 3.866352
-18.337438 6.639809 2.741914
-18.449655 6.705551 2.780688
-15.599506 8.925208 3.889565
-14.110296 10.347975 3.745906
-17.283167 9.653993 2.032805
-14.621956 10.689790 3.833938
-14.094015 10.311199 3.876254
-15.161156 9.091914 4.084995
-15.855972 8.528872 3.557069
-12.594817 10.197322 4.944773
-9.792809 17.021015 -1.146161
-12.714558 14.985834 1.815134
-4.729306 4.927727 -0.027013
-9.864944 17.167638 -1.158623
-5.197951 5.203992 1.894377
-6.906178 4.034737 0.789340
-5.160960 5.229718 1.887248
-5.880367 5.233132 0.807247
-5.984755 5.185592 0.801570
-6.017412 5.176997 0.171007
-5.206460 5.204393 1.883263
-6.051478 4.911723 1.129565
-6.352532 4.722968 0.663334
-6.441026 3.239561 -2.178795
-6.430340 3.217385 -2.178538
-5.917067 5.290482 0.816463
-4.140391 6.347804 0.106151
-5.195394 5.234655 1.941195
-6.498251 3.606783 -2.012326
-5.951265 5.154270 0.787143
-6.708855 3.174901 -2.019043
-6.087685 5.112631 0.197864
-6.433943 3.236884 -2.174200
-6.054680 5.195852 0.213249
-6.048160 5.191775 0.214027
-4.227358 6.481230 0.884719
-5.188650 5.235170 1.949570
-6.922423 4.024446 0.787350
-6.033531 5.172070 0.168329
-4.198189 6.572196 0.742047
-4.265660 6.568353 0.899691
-6.342812 4.729299 0.676981
-6.322514 4.808274 0.679018
-3.591545 6.764372 0.280377
-5.962779 5.166570 0.801280
-6.056434 4.878258 1.141625
-3.468836 6.246443 -0.952383
-6.663399 3.150321 -2.010067
-5.271676 5.238349 1.891470
-6.331070 4.810876 0.610217
-4.868610 5.321951 -1.441576
-6.337992 3.865489 -1.851416
-4.281418 6.099062 -0.702645
-5.593457 4.664889 1.997719
-6.333692 4.850624 0.690342
-5.302621 5.289381 -1.081514
-4.978379 5.458716 -1.170310
-6.385085 3.527065 -1.996118
-5.868046 5.235856 0.796197
-5.915096 5.156464 0.819361
-6.684429 3.215929 -1.948730
-6.520924 4.262101 1.131695
-5.971736 5.082619 -0.482733
-3.728659 6.772727 0.530998
-6.683439 4.531303 0.592729
-5.963930 5.164199 0.795475
-3.710447 6.631616 0.137816
-3.566846 6.753426 0.287255
-3.637980 6.777740 0.286843
-4.586454 5.937172 -0.755999
-7.099357 4.173961 0.562509
-5.941407 5.120717 1.087767
-4.906529 5.498323 -1.120131
-4.915597 5.496315 -1.112589
-6.901800 3.977494 0.843283
-4.183567 6.529471 0.738221
-6.954393 4.104365 0.535996
-6.047377 4.879247 1.126737
-6.589688 4.570723 0.588438
-6.620685 4.540307 0.539323
-4.125300 6.290430 0.101304
-5.239422 5.286578 1.961212
-6.018908 4.880973 1.132183
-5.959069 5.200425 0.197781
-6.295658 4.782799 0.672835
-4.766072 5.518392 -1.374177
-4.739594 5.507784 -1.319499
-3.754903 6.750745 0.531539
-3.771903 6.719115 0.491614
-4.171579 5.966061 -0.972514
-6.901009 3.999848 0.793720
-6.060169 5.222741 0.184476
-3.452360 6.248389 -0.915609
-3.405179 6.405387 -0.793264
-5.839440 5.205231 0.784649
-5.857510 5.045576 -0.529295
-4.289426 6.101778 -0.559964
-4.348676 6.154924 -0.450735
-5.906391 5.100782 1.083186
-3.711830 6.780032 0.500282
-4.237213 6.020876 -0.561545
-3.602690 6.549566 -0.273809
-5.669830 4.725707 2.036292
-4.967944 5.986825 0.180518
-3.666331 6.806953 0.399743
-5.257171 4.828892 2.122569
-3.927849 5.734480 -1.434671
-6.617555 4.587528 0.595861
-4.586491 5.910559 -0.760871
-6.828438 4.295149 0.828731
-3.532705 6.813889 0.324993
-3.951184 6.499114 0.268237
-2.842900 6.701081 -0.472562
-2.722303 6.613978 -0.402661
-5.936600 5.154431 0.784156
-6.348930 4.814872 0.617845
-3.132297 6.450273 -0.824813
-4.703147 5.571928 -1.271082
-3.912769 6.473233 0.217242
-6.238828 3.797231 -1.834138
-4.758399 5.468003 -1.426357
-6.299149 4.658932 0.640128
-4.179374 5.977222 -0.975490
-3.654157 6.537013 -0.228711
-5.985576 5.211383 0.801375
-4.140717 6.650498 0.829847
-4.295658 5.905837 -1.036613
-5.291871 5.343811 -1.241753
-6.902801 3.999169 0.852510
-3.133863 6.461134 -0.828547
-3.555917 6.794458 0.283798
-6.498561 4.233828 1.128985
-3.229757 6.490902 -0.640776
-5.269773 5.375735 1.981217
-3.649123 6.563766 -0.270903
-6.398010 4.757802 0.694498
-4.193240 5.992406 -0.974044
-4.902780 5.464146 -1.136645
-4.960605 5.491931 -1.186146
-4.653200 5.401478 -1.388857
-4.615935 5.788858 -0.769791
-6.365894 4.652969 0.779645
-3.551932 6.193448 -1.028736
-5.909308 5.119114 0.776549
-5.972345 5.178479 0.225819
-3.980811 6.394481 0.738500
-3.718071 6.795064 0.519914
-4.757402 5.928434 -0.456186
-4.751008 5.800345 -0.505876
-4.992441 5.463891 -1.171955
-5.892309 5.072063 -0.516078
-3.884153 6.666376 0.337105
-6.287218 4.823577 0.649752
-3.939317 6.523968 0.280688
-6.017003 5.225526 0.217381
-5.217757 5.267168 1.934630
-3.985904 6.584207 0.291441
-3.568311 6.150342 -1.053668
-5.337113 5.188437 -1.051044
-4.616571 5.850283 -0.783030
-6.322879 3.151470 -2.163043
-5.983702 5.190296 0.214915
-4.078225 5.961791 -0.886943
-5.089278 5.163609 1.876260
-3.422425 3.878704 0.456183
-2.429617 4.381454 -0.108043
-2.546716 4.324123 0.441178
-2.183175 4.534406 -0.232554
-2.597688 4.312644 -0.571795
-2.976788 4.009167 1.770746
-3.020397 4.004815 1.775536
-2.813609 4.177899 -0.590642
-2.602946 4.311393 -0.502478
-2.617564 4.313472 -0.577612
-2.993462 3.986921 1.789195
-3.338892 3.913427 -0.027745
-3.801846 3.698122 0.833458
-2.967941 4.109970 -0.484303
-3.014674 4.001217 1.777095
-1.130647 4.790835 0.229668
-1.138776 4.772302 0.222295
-1.366387 4.796546 0.096653
-1.900914 4.541274 0.530121
-1.682922 4.750118 -0.191902
-2.614801 4.328198 -0.371294
-2.550065 4.351763 -0.041821
-3.015583 3.996096 1.744384
-3.814067 3.709758 0.843307
-3.460893 3.902897 0.499528
-1.750502 4.585322 0.682681
-2.228853 4.509523 -0.071013
-2.225559 4.502839 -0.042504
-1.621536 4.628767 0.565009
-2.228331 4.472632 0.081052
-2.016677 4.455251 0.822103
-2.782831 4.207791 -0.548296
-2.276794 4.494583 -0.305510
-2.169019 4.525327 -0.214661
-2.073563 4.459535 0.931223
-3.363574 3.921915 0.915044
-2.475483 4.349438 -0.138648
-2.394639 4.427757 0.112692
-1.836256 4.668500 -0.416962
-2.525285 4.378068 -0.144068
-2.574353 4.330872 0.440406
-3.476646 3.802405 1.917830
-1.134542 4.791516 0.218022
-1.689105 4.674479 0.210385
-1.631566 4.648722 0.565344
-1.831265 4.677293 -0.422173
-3.436135 3.898432 0.915814
-3.993761 3.614806 0.779873
-2.575430 4.309010 -0.491846
-1.900655 4.516918 0.546539
-3.756103 2.922439 -1.125291
-2.457449 4.404082 0.012387
-2.062114 4.425419 0.923316
-3.437789 3.902118 1.101129
-2.522119 4.356353 0.066578
-2.593686 4.294063 -0.572924
-3.389934 3.957226 0.928243
-2.783560 4.223361 -0.548526
-2.245640 4.515847 -0.304618
-2.726256 4.234567 -0.375191
-1.676125 4.648573 0.560673
-4.462378 3.391680 0.998525
-3.987103 3.578844 0.731202
-1.635724 4.619268 0.549437
-2.612009 4.327757 -0.498001
-1.142749 4.850657 0.155590
-2.645481 4.320605 -0.563607
-3.592587 3.810346 1.191616
-2.193462 4.558441 -0.232066
-1.719313 4.593609 0.701462
-1.680926 4.631313 0.604600
-1.673993 4.652230 0.563628
-2.964871 3.918503 1.705381
-3.803365 3.694365 0.841477
-1.364210 4.803992 0.096765
-2.182226 4.530061 -0.259287
-1.431094 4.778465 0.239388
-1.214858 4.784751 0.173261
-3.353076 3.893028 -0.062899
-1.846813 4.642072 0.407669
-2.680826 4.271756 -0.346903
-3.390884 3.908328 0.476043
-2.690593 4.235015 -0.636517
-2.078301 4.546798 -0.104592
-1.843361 4.620539 0.409229
-1.463124 4.694433 0.576872
-2.677476 4.272336 -0.352645
-2.380357 4.410298 -0.165500
-2.403664 4.388564 -0.126713
-1.879953 4.530935 0.508826
-3.022255 4.124621 0.097087
-3.800550 3.708624 0.845667
-2.543179 4.321191 0.443498
-2.716738 4.251151 0.326842
-1.137849 4.797456 0.220537
-1.172852 4.873115 -0.010752
-2.397574 4.401842 -0.770207
-2.541333 4.314158 0.439893
-1.903268 4.547300 0.559131
-1.581400 4.760734 -0.109515
-3.802529 3.704494 0.845092
-2.676846 4.268330 -0.606863
-1.914626 4.549076 0.554758
-1.836347 4.594168 0.475840
-1.811857 4.597750 0.473741
-1.166887 4.868623 -0.012739
-1.745405 4.676995 -0.149338
-1.138407 4.824859 0.226798
-3.019052 4.074186 0.132620
-3.132371 3.854855 2.015519
-2.606182 4.309742 -0.579353
-1.457988 4.742651 0.437266
-1.614707 4.587028 0.820265
-2.640162 4.308667 -0.396007
-2.558649 4.341021 0.041032
-2.240541 4.483852 0.083184
-3.373455 3.816318 -0.011426
-1.911500 4.544266 0.560032
-1.710522 4.745954 -0.242981
-1.731594 4.723901 -0.162557
-2.966810 4.111640 -0.485043
-2.037461 4.473614 0.840839
-3.384005 3.893740 0.484725
-2.745016 4.225926 0.278190
-1.417273 4.789616 -0.135615
-3.625654 3.802049 1.893421
-1.146545 4.924370 -0.249762
-1.337640 4.820714 -0.182897
-3.726196 3.702906 0.822353
-1.358945 4.770098 0.195312
-4.118106 3.586673 1.188281
-1.733257 4.691187 0.220169
-2.611449 4.317897 -0.373924
-2.998843 4.105553 -0.471385
-1.729386 4.698999 -0.195620
-3.413503 3.931831 0.488927
-1.444687 4.817835 -0.132820
-3.267518 3.899599 2.052052
-2.230039 4.461597 0.240009
-1.163544 4.866200 -0.010164
-2.740904 4.224819 -0.441720
-2.674516 4.252390 -0.610627
-2.551929 4.317501 0.032401
-3.332158 3.911849 -0.031102
-3.046712 3.985557 1.746367
-1.920417 4.563441 0.562133
-1.581155 4.626261 0.594034
-3.442390 3.919012 0.915590
-3.321950 3.830478 -0.027052
-1.131045 4.852668 0.146136
-1.758745 6.972247 2.130937
-1.010806 7.016894 2.084590
-4.867188 7.977738 5.919344
-4.679715 7.759454 5.757848
-0.539483 6.810212 1.478299
-1.436422 6.906617 0.831220
-0.691739 6.964774 1.458933
-2.552117 6.986558 1.167030
-4.765210 7.731610 5.604885
-3.020470 7.224011 2.157098
-1.594090 6.992771 1.986411
-1.531929 7.081310 2.377598
-6.161080 8.076383 3.737173
-3.626545 7.570032 5.731706
-4.080686 7.531751 4.933876
-1.266533 6.944396 2.070554
-1.865187 6.597791 0.377229
-0.604621 6.876257 1.151094
-1.750866 7.022640 2.155459
-1.396588 7.087355 2.134400
-4.920542 7.882533 5.902865
-1.166380 6.855162 1.049126
-1.632426 7.013010 2.001996
-2.541115 6.952580 1.108463
-2.552286 6.946278 1.148556
-1.002490 7.062929 2.085258
-1.337525 7.127639 2.556372
-4.889714 7.523648 1.770840
-2.455169 6.889753 1.073219
-2.210310 6.955290 1.230276
-4.236533 7.658392 5.061299
-5.542913 7.924815 5.864067
-4.026915 7.449223 4.915171
-2.935351 11.851945 4.671573
-1.429762 6.754755 0.764464
-4.899543 7.557837 2.657972
-1.228445 6.937627 1.038595
-1.520554 7.063491 2.371025
-2.757063 6.726704 0.444468
-2.558017 7.044952 1.186204
-5.050839 7.683631 3.562722
-4.882016 7.848979 5.881842
-3.977155 7.453452 4.903935
-4.742597 7.246183 2.529667
-0.510805 6.758965 1.470508
-4.895556 7.557758 2.657392
-3.080861 12.356024 4.939286
-1.430066 6.844373 0.812500
-1.594279 7.011527 1.996151
-4.022475 7.436297 4.879390
-5.125288 7.753377 3.581065
-3.540015 7.434810 5.660831
-3.662209 7.625094 5.788432
-4.656751 7.342495 1.574269
-2.575933 6.935063 1.184123
-2.813226 7.085821 1.560344
-1.004648 7.082805 2.097703
-2.857144 6.973554 1.484292
-4.900421 7.581135 2.659694
-5.124192 7.714959 2.766555
-4.271880 7.717637 5.095625
-0.590417 6.894255 1.156601
-2.890420 11.708196 4.609540
-1.534478 6.955047 1.955207
-4.023272 7.440539 4.921028
-2.886252 7.030379 2.091690
-8.056471 8.762966 5.239332
-1.765834 7.058636 2.172930
-6.039002 8.181867 5.997110
-2.225847 6.937872 1.439846
-1.716619 6.977463 2.088445
-1.503082 7.158619 2.371115
-2.078265 7.141240 2.842104
-6.612077 8.426562 3.996606
-4.924399 7.660101 3.506504
-2.285186 6.905106 1.312916
-5.123369 7.780032 3.583944
-2.132982 7.297284 2.916976
-4.970201 7.735402 3.575277
-0.601718 6.997406 1.153797
-6.362121 8.262611 3.883066
-4.348889 10.842370 3.648773
-2.839306 7.060358 2.111514
-1.554641 7.136803 2.378566
-3.593915 7.432345 5.602846
-1.360136 7.183498 2.168408
-4.993947 7.764437 6.004433
-1.454163 6.825959 0.774847
-0.555378 6.786993 1.466665
-4.617475 7.611638 1.999920
-0.612234 6.962857 1.155526
-5.966685 8.140237 5.945804
-3.992616 7.275327 4.729207
-4.953386 7.633804 2.735398
-2.527828 6.893030 1.096692
-2.872705 7.008250 1.505440
-1.990251 7.190202 2.670388
-4.886703 7.539617 2.640003
-4.953182 7.735741 3.554595
-4.818221 7.371484 1.703898
-4.860294 7.471355 2.614542
-1.291728 6.994755 2.542369
-2.247676 6.968406 1.445726
-2.259595 7.077900 1.479081
-1.077755 7.091528 2.111839
-3.601074 7.421139 5.984847
-4.923184 7.609603 2.712233
-1.553644 7.225338 2.434888
-6.684867 8.173715 4.132157
-0.568372 6.851509 1.504203
-4.978358 7.977479 5.988198
-4.613495 7.241128 1.542781
-1.625788 6.993976 1.991253
-4.847568 7.916483 5.885755
-2.104006 6.940061 0.926305
-0.534585 6.855409 1.400224
-2.546665 6.897749 1.125253
-4.864099 7.879183 5.749008
-1.354955 6.898016 0.888889
-0.909132 6.734442 1.049837
-3.680953 6.966651 0.759091
-2.259562 6.894883 0.831624
-3.003203 6.947241 0.841719
-2.594264 6.992412 1.343072
-1.087317 6.992780 1.930888
-7.100890 8.213204 3.869105
-3.110960 7.413150 2.317986
-4.659838 7.275413 1.556733
-4.643212 7.283572 1.558295
-3.642387 6.949663 0.693174
-1.422294 7.112061 2.206721
-3.841164 7.030831 0.914926
-5.399682 7.782250 5.683746
-0.622866 6.882665 1.157692
-1.424085 7.146458 2.259132
-4.076585 7.531488 5.012160
-0.571376 6.942658 1.518489
-5.086403 7.664762 2.732580
-2.119723 7.020185 0.948835
-1.308348 7.053540 2.575241
-5.122786 7.731176 2.764870
-1.766438 7.031743 2.162965
-1.464844 6.997311 1.967044
-0.489285 6.714605 1.429775
-2.458621 6.871811 1.067766
-3.016079 6.921982 0.736925
-3.128540 6.835769 0.698195
-2.338985 7.082366 1.302701
-1.642157 6.971850 2.004288
-1.470691 7.036165 1.571085
-6.604893 17.322179 6.790500
-8.938621 12.012847 9.568984
-7.384282 16.903798 6.278790
-6.513268 16.741855 6.518222
-8.545766 13.360682 7.119525
-7.139630 16.601108 6.094527
4.126143 -10.413207 -5.044663
-8.124963 12.707743 6.755552
-9.444172 12.565280 10.092038
-7.911365 12.227143 5.203174
-7.842197 11.808193 6.931153
-8.324258 12.647630 6.774797
-7.961832 10.948515 6.675157
-6.516462 15.229654 5.552632
-7.812481 12.207111 6.453475
-8.029846 12.421276 5.349114
-8.239386 11.386761 6.958311
-7.629184 11.580280 6.130293
-8.142851 12.591020 5.437585
-7.623506 17.271591 6.445757
-8.804898 16.685711 3.892315
-7.317767 17.018348 6.267006
-7.804536 11.865399 6.299823
-7.884069 16.977356 4.804823
-7.634602 11.841520 4.978978
-7.191047 16.318996 5.282828
-1.813759 11.268801 4.711369
-1.492433 11.542491 3.922546
-2.032920 10.436963 4.022720
-1.508132 9.714893 3.730419
-4.389477 9.254030 7.378375
-1.768369 7.065492 2.115166
-3.917401 9.762298 3.355230
-2.487775 10.013807 4.241269
-3.788233 10.823207 3.197830
-1.926605 16.268653 4.882902
-2.542106 11.350447 4.150812
-4.373530 10.451480 8.537172
-1.760940 11.724964 4.577397
-3.420947 9.595942 5.046091
-2.007611 10.439238 4.045717
-3.028261 17.035738 5.403671
-2.274726 10.682394 3.874147
-3.465019 15.924420 5.993273
-2.233812 10.882608 4.350786
-4.243628 8.899987 7.068606
-2.707613 10.842997 4.390965
-2.612420 14.546898 4.513122
-2.238910 13.640732 5.028110
-1.397201 12.145335 4.344147
-4.331171 8.953065 7.100814
-1.956960 11.907669 5.017923
-2.113133 12.658957 4.601047
-2.900892 11.188754 4.725999
-2.969399 10.673365 4.758974
-2.440725 11.824823 3.875294
-1.859004 9.819380 3.700461
-2.391377 9.426187 3.737557
-3.981592 10.047057 3.474792
-1.816296 10.285474 3.713174
-4.174107 10.253047 3.546709
-2.590029 17.044060 7.100051
-2.012394 11.354924 4.231885
-2.399736 16.026785 6.592223
-2.772534 13.288014 4.456827
-1.743905 9.761919 3.533164
-2.279292 11.794695 4.676194
-3.138441 12.491788 5.181731
-4.116729 10.154944 3.493802
-1.236589 12.450316 4.265011
-2.188407 11.566889 4.518280
-2.883864 12.045487 4.063289
-2.316944 11.951443 4.591630
-2.071786 11.038402 4.267744
-3.718272 11.163928 3.092273
-1.267885 9.722859 3.352593
-2.460389 10.943980 4.548613
-2.559481 9.287494 4.031417
-2.057900 11.632918 4.327093
-2.142592 11.202060 4.385073
-3.791555 12.873305 3.378413
-1.280926 9.765895 3.217901
-2.223236 11.788981 4.613039
-2.715907 10.821888 4.389026
-2.707532 10.805946 4.308418
-1.993245 10.026915 3.171514
-1.739704 11.332894 4.449123
-1.698030 8.725480 3.267132
-2.520223 9.717083 3.991144
-2.807207 12.154941 4.049362
-2.544590 10.502095 4.030585
-2.448641 11.037770 4.023804
-1.888878 9.670874 3.102316
-4.556832 7.937987 5.492904
-4.322038 7.642525 5.276389
-4.545595 8.192312 5.686609
-4.529170 12.164903 2.755039
-3.820955 13.119103 3.219144
-2.041759 10.531902 3.555748
-1.779733 10.993820 4.588522
-1.831113 7.321042 2.218525
-1.600092 12.408739 4.276243
-2.339749 12.042534 4.157858
-3.102429 13.934387 5.175814
-4.439758 9.300924 7.428425
-1.109251 9.383258 3.212084
-4.254590 8.922351 7.080015
-2.346044 11.275689 4.575820
-2.443563 11.469402 3.928527
-1.958471 9.975418 3.804965
-1.892972 10.713134 3.895244
-1.799272 10.244666 3.591532
-2.400500 10.492245 4.367342
-1.813583 15.366276 4.566713
-4.363143 10.378986 8.483837
-1.433218 11.875077 3.944487
-3.895369 11.623531 3.440937
-2.522558 10.120149 3.346278
-3.502906 13.086290 5.930941
-4.265728 8.822476 6.979296
-3.501057 9.085682 4.983082
-4.324754 10.512661 8.604472
-3.982720 9.872797 3.359539
-4.570442 9.400486 7.966686
-2.485575 12.213943 4.276778
-2.753938 10.922614 4.377283
-4.747749 8.425903 5.853166
-2.277782 11.151769 3.813864
-2.151267 11.370164 4.425754
-4.313692 12.357203 3.757281
-4.387511 12.561372 3.822978
-4.181887 10.461887 3.637866
-2.412247 9.709652 4.065081
-2.388433 12.752449 4.993834
-2.487024 11.689771 4.807930
-2.501602 10.374984 3.909969
-2.513711 11.248091 4.109900
-1.128177 12.029726 3.194578
-1.439783 15.060901 4.161548
-0.799973 17.239271 5.365113
-0.687245 14.575004 4.438195
-2.543384 12.501225 4.397510
-2.403583 15.738248 6.502372
-3.673404 12.463296 3.249164
-4.202487 12.530384 3.758620
-2.576357 10.285408 3.417327
-2.271202 11.917693 4.117953
-1.911676 9.784450 3.618796
-1.870042 9.024870 3.497166
-3.055939 13.428427 5.035297
-1.381908 10.823807 3.832813
-2.427367 11.009769 4.039327
-2.706846 11.905807 4.332440
-1.748960 9.993387 3.487551
-2.638330 10.096050 4.194906
-2.666580 10.699069 4.320758
-1.316519 14.609274 5.548148
-1.337886 15.091759 5.786921
-1.317398 14.697830 5.632737
-0.917138 14.158573 5.778688
-1.393450 14.914552 4.544240
-0.556536 13.742021 4.776743
-1.605126 15.048914 5.133939
-2.132808 15.479855 5.867435
-1.316788 14.777412 5.666710
-1.746945 15.160517 5.382968
-0.341573 13.276356 4.797023
0.844401 12.003315 9.365465
-2.204951 15.733584 5.903668
-0.554849 14.046314 4.890831
-1.379879 14.982692 5.337468
-0.887827 13.871545 5.630524
-0.877120 13.652858 5.489074
-1.384203 14.780175 4.492801
-0.888849 13.737285 5.570924
-0.549434 13.923461 4.842924
-1.544087 15.496482 6.248444
-1.710734 15.219159 5.440524
-1.300400 15.024096 5.566846
-1.406160 14.751332 5.990569
-1.384171 14.459504 5.126748
-1.040539 13.832187 6.043820
-1.518287 14.914085 5.987977
-0.110035 13.493055 4.651278
-1.181089 14.938901 5.523123
-1.691618 15.408095 5.236917
-0.971023 13.501569 5.796732
-1.951245 15.285726 5.404233
-1.272377 15.060999 5.804608
-1.480326 14.535998 5.827204
-1.526675 14.587927 5.924125
0.786483 11.457040 8.979182
0.832521 11.681448 9.122634
0.742873 12.268066 8.776503
-0.110116 13.378994 4.610750
-1.514338 14.923073 6.007704
-2.116201 15.821678 6.072466
-1.390716 14.830093 6.034724
-1.301329 15.217011 5.662698
-1.501276 14.773390 5.895138
-1.527613 15.057486 6.049904
-2.076619 15.429407 5.894294
-1.368597 14.602727 5.939113
-1.622027 15.133647 5.363553
0.786928 11.454164 8.972180
-1.248320 14.512762 5.364497
0.420067 11.421539 8.694568
-1.409095 15.236954 5.392799
-1.593015 15.340417 5.438263
-1.009888 14.584632 6.285918
1.134947 12.051146 8.814573
-0.367198 13.891279 4.081269
-1.948283 15.647482 5.258048
-1.762541 15.372577 5.203848
-1.253240 14.697010 5.596656
-1.719750 15.411333 5.424832
-1.494714 14.779558 5.937122
-1.534983 14.288320 5.608307
0.637755 11.093301 7.870020
-0.386934 13.893585 3.999623
-0.302650 13.993415 4.160140
-1.672841 15.110555 5.131525
-1.865051 15.255664 5.393267
-1.595890 14.885497 6.036772
-0.314125 13.933422 4.102529
-1.322937 14.928282 5.674771
-2.164740 15.661134 5.874894
-0.982857 13.956547 6.122489
-1.118900 14.569799 5.391339
-1.655352 14.701385 5.219993
-0.868088 14.366687 5.462590
-0.462018 14.092033 4.041431
-1.788848 15.484828 5.520478
-1.300492 14.721803 5.659986
-1.503102 14.824946 5.996107
-1.931277 15.538776 5.525692
-1.821170 15.559667 5.581526
-1.592212 14.837316 6.008656
-0.976508 14.103008 6.201101
-1.252965 14.475346 5.345833
-0.346538 14.046982 4.139786
-1.723344 15.425248 5.429119
-1.420442 14.346457 5.794934
-2.412849 15.519039 6.169843
-1.786534 15.208640 5.435035
-1.623324 14.956807 6.045234
-2.609303 15.907680 6.743917
0.379808 11.158418 8.492797
-1.775527 15.240970 5.454884
-1.314155 14.588268 5.613823
-1.731233 15.136765 5.146013
-1.637179 14.915746 5.261985
-2.293604 16.305075 6.185316
-2.601479 15.311404 6.417843
-1.007116 5.841195 1.411814
-1.175967 15.124669 6.646865
-1.633143 15.145858 5.346008
-0.892357 14.245169 5.228311
0.398088 11.044249 8.368894
-0.872572 14.192256 5.212048
0.744438 10.340793 8.031813
-2.519250 15.632377 6.177169
-0.849080 14.005105 5.289201
-2.138604 15.733111 5.977722
1.130630 11.777132 8.600624
-1.496843 14.290241 4.956825
-1.302163 14.738279 5.588099
-1.571194 14.790077 6.007265
-0.996924 13.859336 6.069826
0.411765 11.086085 8.399464
-1.824298 15.142303 5.084079
-0.970235 14.934530 5.545412
-1.743987 15.069884 5.068876
-1.285960 14.815406 5.470881
-0.098690 13.572962 4.687754
-2.353246 15.646875 6.276553
-0.958804 15.044613 5.679796
-2.373990 16.022716 5.967173
-1.822278 14.763421 5.726494
-1.433341 14.785296 5.992795
-1.776559 15.759750 5.639537
-1.788237 14.874793 5.014095
-1.796281 15.312572 5.475156
-1.289527 14.372344 5.509973
-1.484225 15.252296 6.258168
1.126652 11.730109 8.560073
-1.198432 15.311241 5.953313
-1.959449 15.969352 5.700402
-1.105135 14.929880 5.575119
0.399627 11.466236 8.755147
-1.109028 14.152648 6.173746
0.374302 11.278367 8.602277
-1.874260 15.565634 5.550147
-1.200739 15.287652 5.871354
0.575048 12.626323 3.696367
-0.960103 14.762315 5.464295
-2.473453 16.783174 6.283958
-1.738860 15.406174 5.197813
-1.269521 15.152697 5.522459
-1.319092 3.674880 0.927218
-1.185156 14.335889 5.534775
-2.294948 15.355651 5.750406
-1.731142 15.867126 6.318216
-1.311117 14.702760 5.666816
-1.876767 16.859001 5.238478
-1.224220 13.937994 5.112952
5.150029 3.483483 5.000602
12.477659 9.091797 7.846391
14.143874 10.383615 9.027643
13.080864 9.584205 8.356053
0.845997 0.240008 -0.354915
4.214130 2.135182 3.300933
13.492424 9.885523 8.568669
8.210625 5.794987 8.670700
12.532797 9.041356 8.423142
0.687692 0.118143 -0.439211
-6.212787 -4.014969 -7.172133
4.237957 2.848831 1.905711
12.945839 9.464559 7.994604
13.172293 9.598843 8.326465
0.174589 -0.278927 -0.651571
0.300078 -3.779396 -2.698851
0.016374 -0.391670 -0.796563
-11.210850 -7.097365 -11.563929
13.217776 9.678192 8.173628
-0.035575 -0.353611 -0.911751
0.110341 -0.330632 -0.706699
10.794063 7.734631 7.153501
0.936139 2.103295 0.509829
10.887649 7.809649 7.545813
0.015083 -0.392525 -0.796529
-1.775722 -1.575032 -2.538659
0.150966 -0.296430 -0.662388
0.017276 -0.391123 -0.794623
-0.013398 -0.409142 -0.950596
0.857670 0.253012 -0.383393
0.238595 -7.685279 -5.482352
-0.713481 -0.886445 -1.461859
0.634606 -3.482093 -4.026499
-0.372375 -0.645673 -1.213834
11.415930 8.225380 7.628407
6.407838 3.495601 5.236649
-10.786593 -6.903965 -11.167133
0.001049 -0.403120 -0.803564
0.004829 -0.412513 -0.824324
1.333604 0.558690 0.021672
1.068550 0.375930 -0.124947
1.362901 0.591756 0.128255
12.400110 8.896731 10.038165
-3.519296 -3.049994 -4.488608
14.214866 10.411057 9.230285
-0.318840 -0.628781 -1.129304
-3.175676 -2.706397 -3.442910
-1.028427 -1.188322 -1.765247
1.033470 0.337686 -0.158352
2.404012 1.351038 0.762235
1.331493 0.569877 0.101067
9.119398 5.490434 4.690848
3.270346 1.713232 1.116282
-1.427893 -1.391530 -2.475055
-1.452272 -1.410840 -2.474394
-7.018778 -4.688427 -7.462413
-8.316588 -4.849823 -8.149317
-1.610764 -1.521919 -2.622042
-1.425280 -1.392843 -2.443024
1.694591 0.821936 0.232037
-1.521272 -1.452601 -2.624436
-5.133330 -4.260318 -3.641642
-1.471798 -1.426927 -2.467481
-2.766459 -1.842996 -3.383502
1.746875 0.870277 0.195491
1.736534 0.848484 0.344847
-8.074550 -5.956130 -9.936757
-4.405517 -3.052596 -4.946387
-3.224317 -2.383207 -3.847327
-3.274484 -2.409886 -3.880313
-4.837498 -3.328574 -5.308191
4.364366 2.400673 2.021154
-1.634305 -1.560755 -2.375087
4.409228 2.325255 1.997308
-3.380539 -2.270501 -3.866619
8.625640 5.214704 4.321912
4.257582 2.343985 1.948226
8.662641 5.206550 4.386840
4.083575 2.252449 1.826184
-4.714456 -3.693044 -5.156668
4.069821 2.240375 1.813145
-7.989439 -6.008558 -7.935168
-5.738161 -4.274931 -5.780334
3.895660 2.122842 1.712621
3.099702 1.741079 0.709825
4.084870 2.252803 1.824308
4.626943 2.571863 2.200503
2.183505 1.249801 0.240592
-4.664824 -3.664463 -5.139988
-3.694118 -2.287173 -4.225165
-0.836983 -3.796587 -3.235080
4.880170 2.582457 2.345665
4.239126 2.350503 1.943096
3.967393 1.993110 1.658797
-8.974348 -6.662275 -9.036644
9.700316 6.248937 6.028095
4.983072 3.090892 2.957113
3.220561 -0.205664 1.407932
3.376032 0.402565 0.668904
3.165664 -0.136497 1.267526
2.081401 0.040532 0.608692
3.395657 0.527483 0.914460
3.264364 0.179995 0.858164
3.345723 0.506092 0.880654
3.328759 0.272063 1.262381
3.219397 0.412725 1.146890
3.298655 0.263804 1.235694
3.303705 0.183708 0.877559
3.350472 0.420332 1.370530
3.608610 0.542428 1.074256
3.327581 0.157466 1.080344
3.441650 0.593527 0.946276
3.326221 0.373689 0.811583
3.327487 0.158875 1.083100
3.318570 0.157809 1.078104
3.321854 0.616914 0.910371
3.322308 0.389765 0.795927
3.057967 0.434496 0.914145
3.540807 0.524736 1.037698
3.307994 0.271122 1.217591
3.319676 0.553359 0.880556
3.312467 0.264045 1.208936
3.275261 0.178002 0.867356
3.342379 0.376296 0.816953
3.312673 0.116649 1.037052
3.361332 0.509628 0.883114
3.313242 0.276427 1.229183
3.467293 0.518793 1.042226
3.250682 0.551164 0.882033
3.472382 0.004616 -0.812188
3.333149 0.606357 0.926017
3.330627 0.524853 0.999077
3.384220 0.528283 0.878770
3.337166 0.374564 0.807399
3.359273 0.558069 0.920567
3.365602 0.451472 1.033633
3.451924 0.002257 -0.799723
3.303163 0.504727 1.587942
3.303989 0.507377 1.520816
3.325620 0.283851 1.144238
3.324364 0.594385 0.941088
3.340979 0.505551 0.874510
3.358707 0.361593 0.811829
2.232440 0.067234 0.818104
3.332837 0.518944 0.861590
3.320538 0.598352 0.941521
3.306872 0.502907 1.462611
3.475760 0.008718 -0.803664
3.405052 0.527804 0.891525
3.334415 0.540519 1.006955
3.320539 0.115095 1.042371
3.311379 0.270221 1.220125
3.314824 0.508846 1.523391
3.345474 0.368896 0.846537
3.272706 0.507910 1.455913
3.333363 0.349904 0.851129
3.296978 0.438300 1.194276
3.303524 0.344003 0.829736
3.300234 0.499305 1.477412
3.292512 0.171426 0.827643
3.340410 0.618257 0.958875
3.310097 0.392150 0.795999
2.983632 0.445292 0.874443
3.298936 0.602562 0.950582
3.249774 0.510613 1.411538
2.659262 0.316730 0.751381
3.295081 0.124487 1.056558
3.410913 -0.006822 -0.764647
3.281124 0.550351 0.865438
3.325510 0.593103 1.062963
3.370580 0.253916 1.268210
3.317797 0.268249 1.250624
3.374704 0.492453 1.538257
3.021003 0.491884 1.075549
3.307280 0.133101 1.074989
3.300287 0.359427 0.826261
3.308314 0.298422 1.134216
3.204142 0.277159 1.184216
3.349617 0.556183 0.915011
3.284088 0.547821 1.223710
3.270931 0.516010 1.421835
3.274534 0.554806 1.075313
3.582365 0.616181 1.391226
3.322482 0.595691 1.067482
3.334849 0.362683 0.843762
4.097831 0.844723 1.216690
3.300290 0.562737 1.245373
3.251475 0.510798 1.412169
3.365167 0.465297 1.066394
3.277976 0.502297 1.531860
3.329244 0.288874 1.140616
3.351482 0.608859 0.965674
3.328932 0.287091 1.141243
3.313937 0.296691 1.135384
4.250321 0.803944 1.986359
3.305631 0.369068 0.862016
3.324836 0.370326 1.097374
3.319403 0.251624 1.206343
3.207766 0.458586 1.424739
3.341423 0.587372 1.093375
3.339796 0.617857 0.942461
3.275231 0.345710 0.830982
3.312653 0.554699 1.133381
3.313126 0.264014 1.243903
2.947522 0.464705 1.046546
3.334181 0.318380 1.145975
3.292122 0.339370 0.843171
3.278462 0.446180 1.435140
3.351879 0.371051 0.849304
3.307760 0.301159 1.139851
3.304840 0.564204 1.061639
3.326161 0.147750 1.074876
3.497311 0.189841 0.991782
3.106864 0.484252 1.265784
3.295576 0.558411 1.193225
3.310346 0.378898 0.862826
4.763953 1.039480 1.804329
3.149259 0.463125 1.266942
3.272607 0.501103 1.544870
3.307513 0.584736 1.062561
3.327192 0.284332 1.156810
3.259395 0.279391 1.169729
3.309082 0.507416 1.553289
3.356652 0.610700 0.981098
3.320228 0.587903 1.040924
3.412185 0.377230 0.825218
3.273899 0.482585 1.212639
0.720077 0.400691 -0.133653
3.289023 0.294118 1.153877
3.360758 0.152588 1.092646
3.336527 0.461348 1.058706
3.188531 0.575049 1.173856
3.291865 0.582044 0.989380
3.518728 0.188568 1.000277
3.319095 0.504742 1.247227
3.243224 0.521493 1.266013
3.231546 0.580500 1.178849
3.372945 0.352477 1.098730
3.047303 0.487208 1.094774
3.910393 0.372503 1.457251
3.338615 0.607244 1.007065
3.288950 0.365523 0.864891
3.317625 0.589398 1.044329
3.396520 0.596380 1.137292
3.295233 0.360765 1.078080
3.310982 0.566254 1.138845
3.237668 0.499316 1.363673
17.277606 4.216528 8.021089
14.908409 3.544734 6.905521
6.485076 1.591478 3.278010
12.066182 2.615480 5.469123
-13.702235 -2.520407 -8.230925
2.917119 0.530865 1.363941
4.526259 0.793890 2.037077
6.839862 1.670115 3.574156
-12.410664 -2.629745 -7.122319
16.194199 4.079645 8.291262
10.930371 1.935658 5.103351
12.302252 3.041654 6.279952
16.386098 4.295470 8.233968
8.499456 2.090851 4.689879
13.045595 3.271926 6.387699
1.440409 0.384483 0.155794
7.153530 1.801898 3.641423
-2.313388 -0.385852 -1.588510
16.740901 3.952435 8.451684
15.613530 3.898925 8.004804
6.063155 1.488170 3.212283
8.768836 2.163368 4.483972
15.020942 3.762266 7.609877
8.934939 2.218580 4.640075
9.499677 2.585574 5.207925
16.822096 4.970009 7.933698
11.342053 2.780226 5.575317
5.281016 1.233422 2.553091
10.524604 2.679400 5.664079
9.971389 2.852346 4.388036
4.565957 0.974854 2.149308
6.233723 1.241391 3.530839
16.454332 4.294327 8.466782
15.721721 3.755859 7.948299
6.839870 1.316064 2.988847
9.245327 2.210788 5.294775
14.323901 3.528932 7.068380
15.868757 4.011245 8.979816
-2.002510 -0.483639 -1.179601
16.774731 4.248582 8.235635
10.254617 2.533608 5.773161
-1.410976 -0.453575 -1.088739
1.432338 0.443378 0.266643
8.439462 2.066928 4.569834
14.628646 3.684754 8.650074
3.755300 0.661180 1.719285
8.295251 1.600156 4.442090
0.957542 0.130042 0.159855
4.207586 1.195746 1.433309
1.455248 0.396047 0.152219
12.306587 2.527469 6.698695
1.538646 0.224245 0.589994
1.480793 0.329454 0.459020
10.912318 8.384557 9.978429
0.040646 -0.469641 -0.849002
-0.449538 -0.864557 -1.150869
-1.225600 -1.047525 -1.241958
6.187636 4.378181 5.068981
-2.442469 -1.582347 -1.620582
7.611689 3.033360 1.559795
1.156354 0.365757 -0.009826
1.095092 0.191051 -0.185535
-0.424904 -0.697300 -0.994916
0.885493 -0.059708 -0.508392
17.139795 8.000270 5.214358
0.851571 -0.062509 -0.480071
0.872427 -0.161210 -0.562636
-7.411674 -3.670967 -3.280696
1.282097 0.357131 -0.044388
0.786960 -0.175974 -0.605575
0.008147 -0.455801 -0.860056
-5.498418 -2.850585 -2.652152
1.658192 0.082818 -0.321956
1.763334 0.854129 0.519153
0.808980 -0.164975 -0.588827
-13.204574 -5.894094 -4.674709
-8.725590 -3.992178 -3.455463
-10.051937 -4.553641 -4.226512
-6.872377 -3.451096 -2.844289
2.426555 1.553263 1.029460
4.368764 1.076497 0.704825
-0.885487 -0.834154 -1.178667
0.814065 -0.167575 -0.582938
-12.320166 -5.325828 -4.900725
0.840750 -0.081456 -0.512980
1.240129 0.301623 -0.120647
11.373990 5.228759 3.328725
1.661820 0.125393 -0.283296
7.752087 3.268483 1.766049
0.001412 -0.461400 -0.861890
-0.028726 -0.484334 -0.874559
4.283310 3.268495 2.078787
2.689719 0.500388 0.093407
7.936190 2.285182 2.052370
0.953984 -0.102248 -0.549404
-0.075157 -0.532106 -0.889412
-17.151654 -6.588903 -6.239954
9.447258 2.725830 2.651388
-4.648273 -2.511599 -2.362405
-9.993406 -4.632428 -4.189860
3.892348 0.890048 0.528773
0.369963 -0.346878 -0.743304
4.436490 1.040983 0.752890
3.568389 1.085279 0.266342
1.260002 0.324185 -0.091097
0.421971 -0.323840 -0.726750
-12.580042 -5.470781 -4.823410
0.905321 -0.030664 -0.484171
0.868507 -0.079190 -0.532659
0.797024 -0.162055 -0.603301
4.182186 1.047945 0.602801
3.737748 0.837194 0.474355
2.772825 0.519393 0.111967
-13.436127 -6.267784 -5.260117
3.328740 2.377237 1.956047
0.004999 -0.452464 -0.829720
0.906329 -0.030036 -0.483482
-14.248623 -5.759328 -5.052016
11.656807 7.844870 10.691648
9.534848 5.077791 9.918165
9.511698 4.989725 9.983477
11.595943 3.534444 2.360619
11.699741 7.996989 10.595446
11.941088 8.781579 11.755833
11.087585 7.700810 11.426239
11.334560 7.372382 10.751806
9.157836 5.687728 10.981794
-3.087961 -2.295242 -3.484227
9.534474 5.088373 10.279395
8.518862 4.420849 10.410558
11.252354 7.333447 10.563665
11.814295 3.613685 2.386973
9.117010 4.717888 10.717153
11.876443 9.414977 11.327071
11.062488 7.098538 10.460565
-3.093293 -2.371030 -3.442131
11.448104 3.232565 2.159527
11.189999 7.291228 10.510350
11.887418 8.736924 11.693173
12.064488 8.583845 11.221324
10.555988 2.395097 2.412366
11.776848 8.014782 11.461072
-1.764643 -1.244563 -1.428173
11.586512 9.201447 11.080515
9.302293 5.826259 11.196019
1.452098 0.441739 1.292482
9.353912 4.764811 9.975801
8.377531 3.523003 10.690798
9.530892 4.882587 10.205769
9.263268 4.738667 9.939045
9.378109 4.781822 9.953863
9.616747 5.129324 10.040393
11.445347 7.743879 10.404249
12.082686 8.644737 10.901067
-3.118053 -2.304641 -3.517500
9.452907 4.949541 9.921197
8.745166 3.773976 9.516307
13.093770 10.025485 10.802081
11.451322 7.810230 11.144727
11.673028 3.697668 2.302807
11.937000 9.213902 11.568137
-3.220671 -2.690540 -2.899916
11.608863 9.427397 11.389600
8.051807 3.027182 9.600120
11.154974 7.162874 10.548569
9.732392 5.043074 10.483184
11.236627 7.646879 10.875921
11.882755 9.147544 11.496229
8.414955 4.351357 10.311562
13.239721 10.155606 10.997253
11.541675 9.394064 11.373643
8.879473 4.605680 10.516387
7.852582 2.694911 9.537047
9.581330 5.528428 10.880017
12.353865 8.744818 10.987355
9.524180 5.499106 10.899223
8.489736 4.412595 10.376457
7.753525 2.460607 9.547219
12.042687 8.860621 11.852651
10.953169 7.024154 10.345037
9.468659 4.960286 9.921759
8.667699 4.663739 10.507754
7.953558 3.184170 9.828331
11.813289 8.131126 10.675182
11.757208 8.042904 10.653882
12.064692 8.506829 10.706520
11.914481 9.509630 11.510975
13.189281 10.130712 10.954708
11.580629 8.296748 9.980731
9.416707 5.013492 9.851689
11.657771 7.976862 10.563324
11.124808 7.209103 10.459845
7.410155 -1.052128 2.813485
9.253170 5.747810 11.098238
-1.787379 -1.411544 -1.562205
-2.042882 -1.515033 -1.618318
9.394449 4.921889 9.869627
-3.081513 -2.477142 -3.578759
11.966779 8.766289 11.050280
9.689132 5.156790 10.136519
12.234260 9.223693 10.973771
7.980137 2.940902 9.534973
7.830171 3.286889 9.919212
9.951183 1.793717 2.065343
8.883389 4.425881 10.630464
-1.830841 -1.420130 -1.551974
12.507467 9.261717 10.656594
-7.387373 -7.108915 -6.746169
9.326440 4.975849 10.109905
8.804499 4.104947 9.709643
8.175143 3.446277 10.475979
11.797882 3.742510 2.329452
11.923007 3.275689 2.616999
-6.411288 -5.168644 -7.491015
11.883523 9.692185 11.640372
13.230026 10.200852 10.987756
-2.345220 -1.802609 -1.604937
11.783716 3.741704 2.335451
12.210319 2.829641 2.950123
11.308189 8.946636 10.835769
-3.102129 -2.927461 -3.214458
7.378478 -1.072186 2.847456
8.744787 4.380904 10.107852
7.448741 -1.065581 2.856830
7.805563 2.917621 9.406513
13.031506 9.812612 10.932795
11.904969 8.259599 11.007517
8.845156 4.570542 10.352290
9.564164 4.967182 10.120565
12.013839 8.855792 11.687221
7.582865 -1.029801 2.590792
11.708781 7.871885 10.729128
-3.096224 -2.283004 -3.508679
13.822962 9.300910 7.241672
-2.367026 -1.951268 -1.737621
2.908719 -0.358901 4.044548
3.019283 -0.377616 4.009332
3.054691 -0.548361 4.078401
2.190463 0.276196 1.842307
3.198089 0.767011 2.948299
0.979717 -0.063105 -0.002036
3.102012 -0.139919 3.867240
3.019888 -0.287398 3.991498
3.129659 0.758505 2.942356
2.194701 -0.438401 3.253943
3.107084 -0.377546 3.992260
3.089729 -0.372500 3.957844
9.638629 0.592726 14.440260
1.674285 0.101104 0.916446
2.399736 0.142256 2.979515
3.123825 0.827487 2.873222
3.187823 0.760862 2.936633
3.061126 -0.464963 4.048150
1.856298 -0.072005 1.658819
2.941059 0.169673 3.917629
1.194703 0.062870 0.453204
3.011460 0.333854 3.581215
2.953000 -0.693663 4.103371
3.178105 0.812591 2.860102
3.147293 0.769000 2.964333
2.810419 -0.289648 4.285219
3.028204 0.358812 3.598632
2.881266 0.402550 3.597490
1.091655 -0.126525 0.306441
2.898292 0.942869 2.891558
6.919512 -2.205011 2.634567
2.943701 0.211621 3.919166
3.080884 -0.469100 4.036136
3.142097 0.801509 2.814641
2.967749 0.242553 3.941814
2.977130 0.433540 3.749913
3.325549 -0.002135 3.816580
2.992163 0.143337 3.862377
2.915682 -0.385510 4.046145
3.110141 -0.426936 4.059148
3.032509 -0.571406 4.100690
3.167019 0.766777 2.970806
0.966921 -0.055979 -0.015678
2.376358 0.369912 2.661760
2.548007 0.777107 3.985495
3.002586 0.349849 3.556895
0.968237 -0.055859 -0.013428
1.175761 0.024989 0.475533
2.955968 -0.692794 4.111389
3.008036 -0.087328 3.942711
3.043116 -0.458516 4.012175
2.890335 0.174671 3.842879
3.225520 0.211488 3.572456
1.143011 -0.083149 0.520144
3.078104 -0.140355 3.819547
3.071909 -0.250810 3.912874
2.985572 0.349761 3.512937
1.162871 0.069670 0.489150
2.979790 0.884900 2.911693
3.209980 0.741320 2.975894
3.012433 0.805885 3.003072
3.103228 0.696605 3.060561
3.109754 -0.426492 4.045410
2.912087 0.967318 2.906240
7.074494 -2.164749 2.705330
1.161380 0.050868 0.493747
3.108683 -0.425920 4.045171
3.079514 0.833981 2.875896
2.907054 -0.358009 4.032188
2.979964 -0.614461 4.036247
2.893592 0.932393 2.736759
2.186316 0.379800 2.278461
3.204369 0.727152 2.996115
2.803153 -0.650571 4.115771
1.186204 0.049100 0.457321
1.145778 0.033912 0.507640
2.977897 0.865116 2.882071
3.067362 -0.246700 3.897662
3.122082 -0.216736 3.940189
1.190242 0.057201 0.465371
3.178386 0.767587 2.926445
7.039651 -2.162830 2.669143
1.170735 -0.002377 0.483509
1.168605 -0.008154 0.482578
2.924890 0.872552 2.838652
2.938676 0.874200 2.863653
3.252983 0.267324 3.562935
1.182282 0.032249 0.468570
3.090826 -0.139774 3.842204
3.168445 -0.171877 3.923044
3.132628 -0.229803 3.919985
2.978540 0.143798 3.841264
3.028406 -0.286942 4.003930
2.991254 -0.672203 4.092367
2.930086 0.927173 2.781075
3.205342 0.284163 3.482777
2.953476 -0.723223 4.103504
2.910388 0.985047 2.863853
3.004798 0.866304 2.913479
3.098969 -0.263229 3.942096
1.516935 0.200113 1.192966
3.042654 0.289690 3.634286
2.998561 -0.679437 4.105550
3.087368 -0.209309 3.864253
3.021273 -0.537410 4.053101
4.982182 -0.667748 7.822839
1.049495 -0.038970 0.409111
2.951657 0.878252 2.879433
2.925637 0.231308 3.872104
2.422811 0.461546 4.158745
3.169284 -0.174500 3.924153
3.100150 -0.431676 4.038193
2.990078 -0.620502 4.044349
1.180192 0.037640 0.466817
2.928202 0.991068 2.881025
2.923798 0.863134 2.838029
3.192151 0.771235 2.929166
1.195318 0.062220 0.453604
1.547654 0.191085 1.029958
0.989805 -0.037456 0.446371
2.369352 1.071802 3.068962
3.005255 0.323917 3.604297
2.985068 0.870938 2.893050
3.074894 -0.469683 4.025361
2.965005 0.954593 2.839655
3.166987 0.808701 2.848302
3.021866 0.809984 3.024805
3.162001 0.710784 2.946592
3.018715 0.188772 3.879630
2.985408 -0.186918 4.070297
1.148284 0.048366 0.503365
3.159557 -0.178875 3.904937
3.059674 -0.482428 4.010912
3.192965 -0.025728 3.819334
2.854496 -0.286123 4.005007
2.905960 -0.498260 4.048821
2.153479 -0.586289 1.068759
1.934830 0.145059 0.159377
1.177615 0.029836 0.462128
3.085172 -0.271172 3.939707
1.148802 0.103440 0.491827
2.963075 0.939957 2.841354
2.367288 1.071610 3.064538
3.109007 -0.269101 3.975406
3.068126 -0.452181 4.060628
0.985814 -0.042656 0.447592
2.914764 0.969056 2.908401
3.033119 0.813404 3.033349
3.038246 0.692629 3.194029
2.962278 0.237131 3.908762
2.755630 -0.007968 3.521910
2.750324 -0.008248 3.510383
1.573226 -0.087192 1.651439
2.814666 0.020374 3.509092
1.457994 0.026248 1.298446
3.337680 0.305912 3.317971
2.993574 -0.011359 3.340987
2.651596 -0.035863 3.549472
3.185497 0.969036 2.617501
2.311299 -0.343696 3.289847
3.094470 0.410497 3.070021
3.080787 0.336987 3.127786
1.554226 0.057670 1.448423
2.013730 0.040182 2.340056
2.735050 -0.015444 3.485368
2.906426 -0.294912 3.350909
2.936705 -0.167119 3.403957
3.008818 0.551269 3.076202
3.076369 -0.455406 3.206934
2.637190 -0.039601 3.557206
2.736768 -0.019647 3.507681
2.997082 -0.087232 3.426727
1.737096 -0.011010 1.875511
2.944231 -0.161036 3.402064
2.907165 -0.278843 3.370900
2.832528 -0.074113 3.471617
3.012208 1.031169 2.775596
2.928032 -0.158537 3.411687
2.919712 -0.072270 3.435524
2.853963 -0.093333 3.456168
3.001046 -0.090258 3.429388
3.001135 -0.003336 3.332689
2.656902 -0.373862 3.701545
2.660017 -0.407050 3.740926
-2.243695 -2.039787 -3.323308
3.109228 0.417731 3.091452
2.847708 -0.035927 3.460599
2.912229 -0.084550 3.452566
2.833533 -0.526624 3.598416
2.019916 0.312323 2.111129
2.728681 -0.108248 3.567670
2.135117 -1.302214 1.241714
2.937705 -0.167094 3.406723
2.756635 -0.017758 3.537740
2.665553 0.006913 3.562897
2.761839 -0.015541 3.520410
2.899976 -0.290818 3.347064
2.720940 -0.200883 3.644637
-10.430924 -3.915236 -11.704653
2.923454 0.526443 3.252857
2.175336 0.106578 2.573163
2.624057 -0.046559 3.541155
-2.533280 -1.614172 -3.927494
3.020927 -0.081084 3.447148
2.952778 -0.156389 3.408031
3.190756 0.933484 2.687103
2.954824 -0.151243 3.409712
2.842219 -0.054773 3.482883
2.977242 -0.150200 3.444928
5.365539 -2.518738 1.808026
2.701496 -0.091043 3.513632
3.025733 0.049708 3.324469
3.068011 0.163296 3.282331
2.725322 -0.109329 3.560337
3.013317 1.049352 2.758230
3.159541 0.921945 2.725787
2.988071 -0.089320 3.412307
2.642611 -0.022008 3.552432
2.999597 -0.087073 3.429777
2.871360 0.944053 2.898408
2.982069 -0.089103 3.403471
3.116191 0.700680 2.688717
2.450449 -0.335654 3.535838
3.346389 -0.057132 4.918489
2.813666 0.022900 3.543372
2.960246 -0.143875 3.412191
2.920833 -0.157233 3.402418
3.182923 0.963066 2.633924
2.804279 0.017209 3.523371
3.009974 -0.080007 3.436291
2.826893 0.025478 3.543513
2.114328 0.191791 3.853271
-3.795219 -3.533874 -6.918970
3.023985 0.557061 3.093066
2.920333 -0.264202 3.454422
2.921193 -0.156652 3.411759
2.905059 -0.091038 3.453469
2.956244 0.007242 3.491848
3.041872 0.089364 3.312716
-6.902649 -2.797812 -11.463824
1.400676 -0.166856 1.409953
3.118487 0.702303 2.692363
2.938363 0.519611 3.230059
3.079777 0.336141 3.129173
2.846978 0.259351 3.399563
2.823373 -0.072160 3.460619
2.660733 0.002998 3.561544
2.612487 -0.055932 3.548846
3.006329 0.734352 3.025103
2.828101 -0.069780 3.463387
2.706702 -0.085149 3.527306
3.023453 1.050920 2.771576
2.781903 -0.007744 3.559957
2.101573 0.188288 3.826853
2.890107 0.160719 3.413879
2.845136 0.908799 2.900075
2.773070 -0.013453 3.528268
2.906890 0.064015 3.413199
5.190000 2.899154 5.175170
-2.817616 -1.883690 -3.838000
3.129050 0.592845 2.977403
5.642312 -2.443606 1.803856
2.728628 -0.277109 3.731805
2.859548 0.941942 2.901899
3.042943 0.500924 3.125095
2.874015 -0.250298 3.383815
2.080062 0.213029 3.796408
2.911995 0.132034 3.388478
3.023120 -0.004211 3.391156
2.690587 0.457754 2.688803
2.792347 -0.074030 3.468875
2.944067 0.259541 3.360772
2.843924 0.921588 2.892503
-1.070566 -0.875561 -1.141552
4.098895 -0.104309 5.563144
5.398567 -2.534831 1.824050
2.831491 0.885439 2.901235
2.925038 0.513348 3.213058
3.082061 0.273325 3.199181
3.011135 -0.009380 3.363157
2.933448 0.007015 3.454689
5.405002 1.049806 7.601874
2.926771 -0.156132 3.414935
-2.650159 -1.737034 -3.847098
3.084985 0.435091 3.164315
3.008002 0.061011 3.339830
2.869777 -0.285614 3.368103
3.010204 -0.074996 3.437373
2.954385 -0.072190 3.462029
2.114191 0.205181 3.851093
-2.680226 -1.841027 -3.934096
3.084788 0.267699 3.199944
2.925671 -0.369752 3.585670
3.072537 0.213887 3.229469
3.124931 0.374798 3.153095
3.091641 1.032493 2.687361
3.011994 0.075708 3.340580
-1.767277 -0.709873 -2.920018
1.190597 -0.626792 0.682757
-1.773019 -0.710835 -2.917627
1.202684 -0.619500 0.731742
4.315358 -2.592188 1.287352
5.444379 -1.562559 7.588868
5.420510 -0.069488 6.669633
0.905985 -0.192643 0.374142
5.367830 -1.634750 7.727915
5.326141 -1.980466 7.897264
5.926749 -0.246072 7.126020
5.256056 -1.951131 7.783771
2.254133 0.109972 2.346949
6.129089 0.720943 6.616633
5.125397 -1.898009 7.625134
0.703871 -0.181262 0.022809
2.644009 -1.033264 4.043860
5.415956 -0.591580 7.013779
0.591787 -0.220321 -0.129107
-0.981187 -0.441986 -2.545129
5.475055 -1.708159 7.757602
5.539881 -1.531091 7.686263
0.575589 -0.263327 -0.203929
1.148037 -0.112762 0.704636
4.487001 0.791713 5.058185
5.312796 -0.008719 7.446579
0.658208 -0.236558 -0.006750
0.717635 -0.356665 0.069020
0.711911 -0.355585 0.087436
0.541646 -0.246036 -0.189503
6.121966 0.080056 7.138177
4.799061 0.675044 5.670698
3.789607 0.462977 7.234030
6.099763 -0.020655 7.186781
0.580757 -0.265311 -0.198702
0.690942 -0.217449 -0.088714
0.575428 -0.263274 -0.207285
5.482720 -1.369983 7.542805
5.845813 0.956206 6.085005
0.575647 -0.226556 -0.152508
4.573687 0.731228 5.267048
4.893983 -0.941694 7.089989
4.949155 -1.385436 7.553533
0.572915 -0.260412 -0.166956
5.612949 0.013279 7.946819
5.250318 -0.607081 6.989375
5.560126 -1.525962 7.715819
4.423052 0.770896 4.994172
1.586907 -0.115702 1.317256
5.737851 -0.745666 7.388490
4.502682 0.693966 5.086414
4.560370 0.720421 5.120146
5.208249 -1.494655 7.446159
5.539311 -1.641728 7.833108
5.305773 -1.635100 7.607475
5.393200 0.725281 6.032649
6.347923 0.604303 7.010460
0.075225 -0.321442 -0.936943
5.239686 -1.990791 7.674247
5.520146 -0.831894 7.068023
4.770421 0.774699 5.461836
6.160904 0.212792 7.081140
2.135526 -0.817667 2.996947
0.576025 -0.272167 -0.109328
5.117194 0.171529 6.357674
5.758980 0.788295 6.042963
3.596528 0.216108 6.935166
5.559257 -1.575168 7.753092
5.379844 -1.493720 7.476699
5.221898 -1.480861 7.478821
5.539406 -0.117823 6.958370
5.698986 -1.228114 7.796595
5.797552 0.141947 6.624838
5.859498 0.486647 6.542974
0.712127 -0.356090 0.087342
5.903904 -0.037763 6.931188
5.637901 -1.742939 8.017448
4.891993 -1.379944 7.429063
6.330937 -0.326939 7.730992
5.656842 -1.035853 7.423106
5.204115 -1.503866 7.520372
0.544936 -0.253020 -0.229609
5.427923 -0.019915 7.699057
4.712283 -1.638085 7.426372
6.460874 0.953383 6.873202
5.349771 -2.018434 7.861296
5.334351 1.068103 5.425184
0.971582 -0.456975 0.715752
5.600206 -1.587745 7.832118
0.642760 -0.234687 -0.031944
5.444907 -1.648359 7.858765
3.591503 0.232450 6.906646
4.995118 -1.788324 7.679228
4.713479 -1.731930 7.558424
4.484506 0.884395 5.004288
0.556248 -0.256396 -0.211852
5.967815 0.713996 6.451915
0.971496 -0.457001 0.718214
8.317273 1.394269 17.295984
5.606832 -0.983603 7.461783
-9.494809 0.337466 -15.579386
5.713756 -1.207706 7.874291
5.940534 -0.224706 7.136787
3.368207 0.196339 6.498935
0.986475 -0.473915 0.753519
4.678150 -1.624035 7.324328
0.983775 -0.473721 0.744419
5.929753 -0.394099 7.767468
0.963624 -0.376921 0.422199
1.219797 -0.646720 0.121849
5.738444 0.680546 6.153056
5.284049 -2.105425 7.949873
5.196016 -0.587639 6.988002
-0.472559 -0.277351 -1.256637
3.950262 0.933708 3.985637
5.321189 -2.124177 7.902951
5.264950 -0.278536 7.239812
5.554496 0.556483 5.967568
1.643454 -0.154136 1.439925
4.790177 0.223576 6.056316
0.643222 -0.234965 -0.031870
4.808394 0.739429 5.636361
5.386691 -0.098138 7.719614
5.111236 -0.601715 6.916327
5.420070 -2.042335 7.990321
0.639247 -0.234729 -0.038353
0.088014 -0.357523 -0.906681
4.866764 0.660158 5.498060
5.475407 -0.059347 6.755498
5.545148 -1.564797 7.727197
4.794184 -1.260756 7.282491
0.595288 -0.271333 -0.122171
5.439334 -1.702321 7.719965
5.082260 -1.492714 7.538967
5.790300 -0.057286 7.890172
4.787105 -1.781545 7.626305
5.511210 -0.753991 7.031257
3.728327 0.275143 7.286878
5.085634 -0.605995 6.743491
6.143947 0.552265 6.880658
4.794550 -1.034348 7.155172
0.989738 -0.478273 0.769174
5.732906 0.641578 6.241531
4.281362 0.754394 4.596951
5.261900 -1.484600 7.392557
4.352594 0.778051 4.689343
5.823629 -0.138362 7.540136
-3.628450 -0.789345 -4.308187
7.270433 -5.278888 7.082693
5.318408 -1.974971 7.035967
7.053327 -5.133355 6.823335
8.801093 -6.485681 2.964778
4.334051 -0.622847 3.810482
8.694200 -7.326370 2.651436
7.250522 -5.256683 7.038549
6.526811 -5.356497 2.336789
8.643856 -7.286308 2.638014
5.072186 -2.318708 6.735510
4.785952 -1.760664 6.444640
5.256128 -2.431397 6.905312
5.244536 -2.854514 7.263569
5.396266 -2.995560 7.567021
0.851902 -0.671360 0.301174
7.315310 -5.299915 7.286789
3.490255 -0.390643 3.371795
7.402132 -5.213934 7.258515
9.784624 -6.235663 2.791773
7.322529 -5.339947 7.180090
7.270381 -5.276236 7.094120
5.360970 -1.787508 6.519697
5.135607 -2.576557 6.882374
5.608906 -2.962795 9.193821
5.501641 -3.039357 7.727127
3.636060 -0.405330 3.533323
5.145597 -2.871715 8.595214
8.166511 -7.242091 2.761844
5.361838 -2.770107 8.359454
5.408425 -2.124957 6.783097
5.514407 -2.114466 7.062187
5.008700 -2.530955 6.770340
5.807848 -3.068102 9.658408
5.170575 -3.191285 7.444823
7.338430 -5.259572 7.191637
5.806934 -2.105255 7.204365
4.673806 -2.035282 6.559229
5.658844 -2.168064 7.246010
5.081419 -3.147325 7.303253
4.926611 -2.190036 6.769560
-1.013064 0.127446 -1.449980
8.197743 -7.237462 2.651058
3.884611 -0.817176 3.693950
4.245768 -2.859933 6.400697
2.182544 -0.517714 2.144086
5.299204 -2.744456 8.243435
-0.706248 -0.075231 -1.235467
4.805710 -2.441895 6.497281
4.301903 -2.891867 6.488173
7.306540 -5.331790 7.284666
4.351257 -2.007726 6.197080
0.566993 -0.623817 -0.154042
5.498215 -1.829396 6.649672
8.123338 -7.011650 3.473343
4.486978 -2.125489 6.249432
5.185501 -2.789698 7.211490
5.493995 -2.957325 8.959900
5.396625 -2.779461 8.469065
3.682864 -0.323361 3.503871
5.439418 -2.994247 7.605627
4.108451 -0.919636 4.331358
5.237874 -2.405042 6.848473
2.145295 -0.517294 2.095748
9.521899 -6.029758 2.739421
5.042820 -1.999664 6.348686
4.160671 -0.838954 3.999974
9.039595 -6.021391 2.742815
6.091306 -5.003734 2.120431
8.198236 -7.237375 2.650269
9.292292 -8.447445 4.088284
4.574595 -1.703258 6.124039
5.410963 -2.976805 7.675055
3.809046 -0.503613 3.428732
5.678545 -2.166312 7.291220
5.175290 -2.866712 7.342141
4.266110 -2.749421 6.840981
5.223968 -2.482455 7.128638
5.531802 -2.966538 7.750138
5.625999 -2.957013 9.192829
4.698143 -2.452977 6.393877
7.346831 -5.260517 7.374184
0.274115 -0.486988 -0.517459
5.837910 -2.043427 7.179741
8.784203 -7.291043 2.623141
5.176833 -2.830489 7.252824
0.389694 -0.539037 -0.339389
4.754026 -2.062199 6.713491
7.252281 -5.288771 7.110484
3.750927 -0.439500 3.315567
4.837494 -2.516715 7.033507
5.485140 -2.899256 9.073610
4.874899 -1.785287 6.556951
7.238613 -5.275121 7.086913
4.533694 -3.000422 6.608978
5.527236 -4.084417 5.227269
5.875369 -3.069472 9.664389
4.926068 -2.313081 6.833604
5.111913 -2.344277 6.755966
2.334535 -0.538756 2.367807
5.747909 -2.018922 7.064253
7.237462 -5.246503 7.209066
4.256631 -2.985278 6.285167
0.301086 -0.495191 -0.479106
8.952922 -7.216152 2.543994
4.638314 -2.023708 6.515353
5.406841 -2.978505 9.075969
7.267365 -5.157575 6.989821
3.885730 -0.246488 3.674201
5.479631 -2.141106 6.878271
4.523231 -2.029772 6.118535
2.485537 -0.585484 2.477932
0.270403 -0.538770 -0.466177
4.369298 -2.917165 6.420992
6.506033 -4.720640 6.292203
8.639246 -7.293503 2.604675
3.934599 -0.551813 3.600672
5.118922 -2.353795 6.764150
5.466023 -2.010303 7.019721
8.110164 -3.940142 1.369872
5.204584 -2.949803 8.380995
4.510363 -2.134330 6.434677
0.559223 -0.607055 -0.164247
4.531248 -2.126222 6.523570
3.088255 -0.736884 3.323251
5.455808 -1.944743 6.660986
5.225606 -2.414523 6.853607
4.004704 -0.494728 3.678920
7.314104 -5.158875 7.001512
-0.810069 -0.011864 -1.289141
5.908476 -2.074502 7.293737
5.138283 -1.892035 6.473148
8.091336 -6.987350 3.459047
0.259616 -0.524784 -0.499231
9.308712 -6.957384 2.342820
0.565990 -0.781326 -0.059442
5.367925 -1.758811 7.303329
0.621439 -0.693889 -0.121264
4.104781 -0.500395 3.747023
0.562232 -0.777366 -0.061788
4.942693 -2.416680 6.593911
4.298396 -2.898543 6.492641
4.597316 -1.621678 6.153064
5.152414 -2.561514 7.069408
-0.802822 -0.031242 -1.276358
3.865937 -0.901466 4.047572
5.811493 -3.093887 9.475900
5.916971 -3.079184 9.888648
5.720760 -1.844662 7.410163
5.369666 -2.774061 8.098865
5.889586 -4.249166 1.092002
5.855710 -5.075627 0.847368
5.910308 -4.194190 0.391205
5.927659 -4.206974 0.396057
8.737201 -2.938084 10.389140
5.923832 -4.200441 0.386638
5.862024 -5.077846 0.854169
8.683040 -2.044109 9.438623
8.688727 -2.308123 10.764231
5.880615 -5.065567 0.825869
5.870583 -5.065829 0.824763
8.625007 -1.979137 9.571856
8.694112 -2.623307 9.864976
6.545194 -3.741883 4.780635
5.878940 -5.101200 0.887612
5.803094 -3.430828 4.157249
6.433015 -3.694100 4.682321
4.972755 -3.753169 0.746195
5.899358 -5.069907 0.873801
5.846313 -5.150031 0.995134
8.582423 -2.565021 9.684191
8.458686 -0.319150 8.229534
8.991199 -2.358970 11.180001
6.065772 -4.682081 0.587683
8.607865 -2.530520 9.948273
8.593974 -2.750969 9.928060
6.056474 -3.749337 0.063609
9.043410 -2.645164 11.505840
5.850529 -5.087524 0.831172
8.894996 -4.285698 12.131916
5.604964 -3.346997 3.996291
5.880122 -5.100771 0.928925
8.951740 -1.783015 10.726752
5.875724 -5.091348 0.926232
8.778242 -2.005931 9.719850
6.638411 -3.856311 4.814460
8.215252 -4.312927 10.425239
6.597908 -3.764931 4.826253
5.893903 -5.257980 0.625075
5.967568 -4.243557 0.346272
5.854491 -5.077984 0.878924
6.697593 -3.801367 4.761217
8.912643 -2.661234 11.180809
8.507604 -3.254278 10.050407
8.834636 -2.047922 9.774252
8.521091 -2.880568 9.955195
8.550808 -1.725592 9.087540
8.590587 -2.026097 9.329753
5.851910 -4.991144 0.632443
5.847471 -5.052354 0.885252
5.852377 -4.218917 0.212288
6.847387 -3.860549 5.187688
-1.676460 -0.741428 -2.398429
8.773940 -2.576883 10.058756
8.631408 -2.841834 10.049291
5.911115 -4.214840 0.360323
8.755786 -2.899218 10.346164
6.704039 -3.812251 5.033266
5.908746 -4.317153 0.994621
5.901910 -4.289400 1.090253
8.713345 -1.860417 10.099017
5.914728 -4.258965 1.089625
6.075521 -3.849592 0.147766
5.867069 -5.025085 0.896801
1.516752 -1.201924 0.140041
8.689545 -4.152052 11.254445
5.852116 -5.230014 0.615477
2.170296 -1.456799 2.136999
5.871277 -5.039693 0.896211
7.972697 -3.079553 9.535782
8.140950 -3.154406 9.649663
6.348906 0.076661 5.987314
8.426006 -3.330309 11.555036
0.979597 -1.132636 -0.102879
8.917850 -2.351216 11.109894
5.878884 -5.056686 0.869356
8.891668 -2.470865 10.724647
8.255722 -5.075581 10.900032
8.875805 -2.499413 11.253795
6.028655 -3.840742 0.127445
5.680465 -3.366154 4.030162
5.904842 -4.307425 1.008725
9.092702 -2.651990 11.454722
8.440274 -2.935786 9.937170
8.407159 -4.710512 10.822561
8.382163 -1.842811 9.376171
5.865007 -4.390873 0.541625
5.815987 -5.202712 0.605068
7.822322 -5.248528 10.553013
8.916080 -2.723984 11.063829
5.841562 -4.373076 0.533787
8.514661 -4.700012 11.106044
13.765054 -8.115902 6.624785
8.544787 -1.829943 9.536222
8.260405 -5.068292 10.957373
6.049928 -4.672830 0.539892
8.585862 -1.830946 9.190016
6.007404 -4.701046 0.578057
8.794464 -2.817986 10.379023
8.522258 -3.268029 10.079579
6.037777 -4.155589 0.296586
6.723676 -3.888206 4.849753
5.280037 -3.912139 0.829082
9.015621 -2.481993 10.865455
8.716830 -2.551716 10.085925
5.282981 -3.914871 0.830946
8.173445 -4.920493 10.734065
8.897385 -1.781835 10.657825
8.807511 -2.599683 10.837004
8.182341 -4.909227 10.753231
5.880081 -5.039885 0.900877
5.852442 -5.054327 0.470793
8.679540 -2.541717 10.041403
5.956436 -4.906050 0.430953
5.970194 -4.905799 0.790910
8.825318 -1.855253 9.823511
5.897319 -4.873261 0.741078
8.839050 -1.757724 9.434668
8.601591 -1.830145 9.545467
8.516411 -2.995996 11.038410
8.739704 -4.171331 11.245248
-4.964805 0.862795 -1.612140
8.723005 -1.817322 9.663758
8.927542 -2.578573 10.290308
8.517926 -2.876370 10.022687
8.602635 -4.472117 11.037823
7.754597 -3.036958 9.196317
7.616951 -3.395783 9.145877
5.904864 -5.003236 0.563243
5.820955 -5.167187 0.752095
-10.813999 5.329222 -4.074383
5.983538 -4.640783 0.601170
5.818645 -4.363667 0.520865
8.006773 -5.204295 10.683809
8.184444 -3.183940 9.669382
5.876726 -4.231423 0.216644
13.609292 -7.813135 6.666869
7.438575 -4.192060 5.546318
8.453596 -4.404628 10.879384
8.514791 -4.511095 10.972324
5.941870 -4.812507 0.646374
8.802583 -4.248536 11.964291
6.026113 -4.869839 0.720098
9.281329 -2.496722 11.171440
5.917796 -4.985378 0.830800
7.004470 -4.841635 1.328330
8.617316 -1.823591 9.217133
6.110816 -4.186933 0.357155
7.826608 -5.273684 10.518621
1.016061 -1.137539 -0.084739
7.896971 -7.447462 6.725543
10.621837 -10.093225 5.994885
4.930146 -3.824099 1.256053
-13.148344 7.746328 -7.249536
13.251073 -9.681288 5.278411
9.759539 -9.563125 4.394942
7.842451 -7.387378 6.668791
11.878629 -12.256804 2.993450
2.852346 -1.991640 0.462991
9.158889 -8.876041 4.896791
2.557355 -2.818237 0.471445
11.701010 -11.931107 3.923049
5.423002 -4.664415 7.768777
1.141595 -1.239261 -0.738620
7.893105 -7.424703 6.732030
7.736796 -7.554734 6.411434
11.786877 -12.339491 3.389534
-1.224982 0.491300 -2.861326
8.010670 -8.334887 0.937381
8.965246 -9.208509 4.186091
6.052199 -5.281886 7.474362
1.218132 -1.366645 -0.823120
5.516977 -4.623958 7.855250
10.779957 -10.413923 5.721322
11.810127 -12.350078 3.365991
14.219107 -13.083993 4.039330
5.685446 -4.846691 7.833606
1.186389 -1.325404 -0.841589
10.430459 -5.251068 8.293744
12.082942 -12.599475 3.180398
12.324304 -12.834678 3.257420
6.000224 -5.313600 7.773251
12.247339 -12.633958 3.134940
14.177955 -13.401459 3.867820
14.630887 -9.517015 3.526094
5.648727 -4.798449 7.905613
2.047899 -2.337320 0.057254
11.024769 -10.484288 6.258974
5.605925 -4.917333 7.596921
5.911916 -5.141457 7.858690
11.549889 -12.059179 3.291879
-1.996600 1.464102 -1.903740
-1.612906 1.087382 -1.873379
6.195131 -5.391590 8.017668
1.785568 -1.443751 -0.433281
10.380100 -9.893808 5.689958
10.490446 -5.170180 8.146977
9.552924 -9.564809 5.473473
11.532336 -11.966086 3.277832
-0.454513 -0.019148 -1.805679
6.596503 -5.985837 7.675168
5.843425 -5.048486 7.622145
-0.655674 0.008255 -1.978668
12.253729 -6.092114 10.005762
5.539709 -4.833396 7.678760
10.547205 -5.301837 8.398800
5.893713 -5.166240 7.537453
5.672473 -4.815348 7.920430
11.481844 -5.748079 9.439139
13.725396 -12.996106 3.768894
5.165976 -3.587964 -0.056376
4.836828 -3.633322 0.993499
-0.704815 0.031551 -1.340217
7.134357 -5.589655 2.658286
-0.581343 -0.366414 -1.496916
6.685499 -5.242815 2.370775
-1.392422 0.397812 -1.635049
4.834139 -4.577493 2.552306
3.293116 -3.653680 -0.781140
4.931036 -5.440344 0.291232
-2.494801 0.417345 -2.498045
4.805331 -4.696578 1.142806
5.091178 -3.549296 -0.079176
-1.460733 0.443391 -1.653973
-0.711768 -0.286919 -1.470780
-0.728155 0.022835 -1.321761
3.598088 -3.956701 -0.690971
4.807207 -4.625897 2.338375
2.987255 -2.621267 0.203162
3.429542 -4.030978 -0.516117
-0.778050 -0.184297 -1.604182
-0.970714 -0.248954 -1.659190
-1.195999 -0.293851 -2.116187
-2.476556 0.941543 -1.714731
7.856169 -5.903822 2.888117
-6.001280 5.292678 -2.464052
-1.726480 0.736987 -1.836194
-1.353105 -0.174970 -2.091620
-0.595625 -0.334912 -1.549467
-0.740993 -0.240676 -1.537174
-2.644490 0.096722 -3.509318
4.970601 -3.806109 -0.301642
4.796000 -4.615846 2.324099
4.804946 -4.662008 2.369106
3.420655 -4.023706 -0.513215
-2.505694 0.411407 -2.546263
-0.784543 -0.186796 -1.594916
-0.695767 -0.394444 -1.560316
6.889964 -6.136336 3.414640
4.823714 -3.597757 -0.563326
4.877764 -4.230826 0.649142
4.839463 -4.602316 0.977713
3.466923 -4.140376 -0.428257
3.650846 -4.004785 -0.702129
-1.055338 -0.343396 -1.999444
4.793881 -4.729591 0.675769
4.826857 -4.695482 2.564553
4.751563 -4.366604 0.413474
4.951058 -3.815270 -0.417844
4.905403 -3.787151 -0.410513
4.805381 -4.690971 2.484692
3.766040 -4.585642 -0.150132
4.880197 -4.633197 2.532292
4.286535 -3.135828 0.038165
3.474088 -4.150564 -0.423998
-5.938768 5.232847 -2.487171
4.855153 -4.590643 1.016170
4.780227 -4.527197 0.970022
4.861901 -4.356726 0.754592
4.911008 -5.770873 1.461933
-0.753555 0.075318 -1.391435
4.788162 -4.659599 2.534330
4.761851 -4.660631 1.113474
3.804300 -4.624022 -0.158732
2.274320 -1.753893 0.024899
4.896008 -3.778592 -0.411208
4.697920 -4.574708 0.640913
4.765149 -4.544554 0.944798
-3.762508 3.115916 -1.840937
5.156008 -3.736310 0.136350
4.762628 -3.833085 -0.104048
4.738566 -4.025260 0.098972
4.978283 -3.491464 -0.378140
5.193720 -3.602923 -0.085720
4.756502 -5.187668 1.021112
4.832627 -4.201504 0.635091
4.833002 -4.816331 0.987579
5.426172 -5.914402 0.460329
-4.046564 2.491847 -1.899365
4.926445 -4.401047 0.764428
4.713076 -4.582202 0.649686
4.805061 -4.554138 1.007749
4.860221 -4.617271 2.516103
4.719155 -3.807751 -0.276997
-1.940686 0.017707 -2.575370
4.822991 -4.587391 2.547830
4.742152 -4.490842 0.947833
4.983521 -3.828387 -0.404379
5.179492 -3.743560 0.130584
4.094464 -4.476212 1.813898
5.626525 -3.380684 -0.468933
4.829962 -5.682104 1.406297
4.903564 -3.808436 0.216444
4.773325 -4.792282 2.690921
4.757408 -4.606372 1.072722
4.541818 -4.976333 1.049648
4.771670 -4.848252 0.959225
3.967381 -4.584688 -0.135472
-4.705423 1.226851 -3.444319
3.938726 -4.556630 -0.145809
3.795231 -4.600201 -0.164617
-0.865218 -0.310535 -1.619685
4.756863 -3.558222 -0.567344
4.551655 -3.120795 0.529555
5.741413 -3.383007 -0.517279
5.140896 -3.576951 -0.082816
4.821305 -4.579142 2.527468
4.669750 -3.642679 -0.463685
4.410716 -3.041492 0.480705
4.733843 -4.536701 0.975537
-1.883476 -0.000525 -2.435102
5.591660 -3.383919 -0.463301
-0.739424 0.073631 -1.396865
4.782563 -5.109131 1.384938
4.535038 -4.934761 1.045102
5.336000 -5.819577 0.407638
4.891158 -4.126453 0.571604
2.389455 -3.529952 -0.691947
6.401055 -6.726041 1.259591
-0.733780 0.041572 -1.336911
-0.573881 -0.263421 -1.489463
1.546313 -2.199217 -0.715290
3.751961 -4.570824 -0.220742
-0.553154 -0.268643 -1.484485
4.776379 -4.612672 0.936491
1.656063 -1.971556 -0.726252
4.896526 -4.353362 0.797706
4.575331 -4.942723 1.025391
4.462710 -3.006064 0.411750
4.849698 -4.347484 0.733203
5.099055 -3.455755 -0.205729
-0.679438 -0.005487 -1.390641
-0.752864 0.068771 -1.388311
4.664497 -4.650669 0.649501
3.325044 -3.697121 -0.756508
-1.754354 0.828443 -1.914217
5.130084 -5.517816 0.794487
3.277697 -3.643874 -0.782833
6.375559 -6.700755 1.243721
0.949030 -1.519651 -0.986112
4.832038 -4.200269 0.632341
4.873441 -4.339741 0.791098
4.864937 -4.619688 2.522272
-3.159970 1.183910 -2.380326
8.004775 -4.490066 0.848629
10.539905 -11.425929 -1.738924
-2.010205 0.413775 -1.901685
7.017078 -5.641007 -0.894737
10.441723 -9.991428 3.995576
-3.173665 1.231177 -2.423732
11.043438 -11.931828 -1.725716
10.075246 -11.197034 -2.132015
13.556698 -11.402919 3.303483
8.550414 -5.389582 0.407505
11.094850 -11.904376 -1.806454
-5.988115 2.307307 -2.703795
1.428051 -1.846220 -0.743605
8.535496 -5.376472 0.408431
6.248108 -5.525451 -0.531241
8.232862 -4.833534 1.193640
10.710741 -11.597856 -1.732778
9.345937 -7.910034 3.737353
8.046806 -8.587092 -0.762104
-9.807101 4.998582 -2.174826
7.971844 -4.606082 0.535514
-8.449823 6.849271 -2.330251
9.548263 -7.413972 2.343018
8.821433 -6.469163 2.515660
8.384220 -5.136033 1.406858
9.487031 -8.943761 3.809782
8.298591 -4.871227 1.227024
10.774622 -11.579992 -1.787666
-8.784307 7.192207 -2.362236
-1.430843 0.268884 -1.611506
7.573876 -6.756169 -0.118783
-2.563152 0.556202 -1.911432
-4.357733 2.853525 -1.237646
9.036474 -9.461181 1.601558
9.477181 -7.844679 3.079911
10.365694 -11.686361 -1.933377
9.961832 -9.445459 4.321596
9.657877 -9.226349 3.951275
8.883510 -9.352589 1.449837
0.889644 -1.428438 -1.025233
10.047628 -8.467883 2.676546
13.773121 -12.931265 4.282996
8.021193 -7.553632 0.379955
5.885138 -3.083878 1.291114
-3.104875 0.714676 -2.319450
-1.254635 0.288413 -1.788087
9.652118 -9.175306 4.161637
8.574821 -5.390371 0.415164
5.903369 -4.851400 -0.374676
2.323642 -1.722181 -0.183434
9.330980 -7.585515 3.424728
10.453240 -11.893330 -1.914014
1.732073 -1.685957 -0.794651
9.217436 -6.323357 -0.785871
8.449532 -5.070270 0.165263
11.300301 -10.785443 3.138301
0.897918 -1.408877 -1.079881
8.379034 -5.350994 1.532929
5.964325 -3.332826 1.447669
8.713896 -5.477878 0.433193
7.995693 -4.383636 0.739432
9.527683 -9.072839 4.064813
8.339452 -5.326853 1.532488
10.671544 -10.126058 3.992363
4.135150 -3.931212 -0.859857
14.053910 -13.183256 4.445557
9.258242 -7.532772 3.400192
9.710310 -7.517476 2.440698
9.460684 -8.262455 4.665755
13.283968 -11.181677 3.267355
-1.477676 0.009497 -1.629289
8.869080 -9.312170 1.552761
9.527374 -9.050950 3.904184
7.088236 -7.698964 -0.796840
8.020596 -4.400365 0.740655
9.353145 -7.186728 2.545535
9.462237 -7.271867 2.584016
-3.122161 2.700405 -0.828972
9.455367 -7.877671 3.675174
9.805706 -8.298125 2.927935
9.031473 -6.664286 2.696955
-2.997736 0.785250 -2.017278
9.701873 -8.064307 2.894453
7.804397 -4.392694 0.744042
-3.044030 0.807873 -2.017267
7.494839 -7.084433 0.244531
9.672032 -8.226245 2.905427
9.525876 -7.389437 2.379243
8.210943 -4.822124 1.179491
9.287783 -7.232302 2.272537
8.862949 -6.337197 2.387578
8.979243 -9.416899 1.591757
-1.650004 0.132424 -2.121883
9.028506 -6.815249 2.843938
8.086833 -4.531747 0.833667
-3.936541 1.327369 -2.151269
9.222985 -6.998225 2.834327
9.993374 -8.424643 2.656909
8.735868 -5.780791 1.057704
9.696572 -8.038905 2.884574
9.137915 -7.879129 4.965794
9.393166 -8.261088 4.746917
8.422264 -8.611311 1.068577
9.454351 -7.991291 3.798478
8.513722 -8.781033 2.671960
9.126381 -6.683434 1.795305
6.055952 -6.773334 -1.214277
10.319019 -11.599094 -1.974246
8.519298 -5.360627 0.407268
10.006067 -8.426766 3.023120
8.858260 -6.490103 2.527515
9.934200 -8.496419 3.084495
5.990215 -3.210205 1.333179
8.635149 -6.000977 2.106436
5.979049 -3.315192 1.461351
9.325724 -7.580483 3.466964
9.561558 -7.944492 3.756361
8.123665 -4.548170 0.858101
8.989553 -9.452136 1.480046
11.783113 -9.976512 2.628173
9.236437 -6.063071 1.222616
13.764094 -12.926195 4.293288
9.042184 -9.464240 1.596905
8.175954 -5.008340 1.289003
8.023383 -8.059380 0.715537
0.676955 -0.904829 -1.366973
-1.642960 0.452111 0.861310
1.104541 -1.428130 -1.696764
0.874790 -1.042459 -1.628361
0.948902 -0.968345 -1.769880
1.102618 -1.430049 -1.718983
1.044302 -0.812103 -0.989475
1.218695 -1.508471 -1.820681
0.685463 -0.928508 -0.846222
0.957348 -0.881928 -1.829329
0.906359 -1.049824 -0.846043
1.267423 -0.832431 -1.126906
0.471026 -0.948104 -0.840651
6.433091 -3.139740 -4.582688
0.358224 -0.610038 -0.990249
1.799188 -3.413279 -3.873946
7.682330 -4.098495 -5.334463
2.666881 -2.425832 -2.320594
0.910188 -1.044563 -0.819636
7.322649 -4.076607 -5.059839
0.690430 -0.825852 -1.428557
1.095050 -1.423815 -1.726821
0.348930 -0.608269 -0.987691
0.366463 -0.614541 -0.993718
0.358262 -0.611546 -0.992261
0.634064 -0.814815 -1.445630
0.384630 -0.675290 -0.946619
1.103719 -1.424446 -1.697195
2.333137 -2.240321 -2.248519
0.819111 -0.884494 -1.509299
1.101495 -1.412890 -1.750327
7.641626 -5.928806 -5.054401
1.541004 -2.722551 -2.867225
2.596450 -2.334906 -2.148866
1.094649 -1.423715 -1.726605
0.682965 -0.802933 -1.488418
1.082689 -1.418276 -1.734320
6.442966 -4.563489 -8.992897
-1.369353 0.592385 0.661646
0.512113 -0.886465 -1.378002
1.090625 -1.421483 -1.732082
0.279646 -0.594136 -0.971440
1.215283 -0.882868 -1.065816
0.374208 -0.623118 -0.989233
-1.884153 0.834752 0.737667
1.097542 -1.430539 -1.715886
0.296379 -0.630241 -1.073590
1.197083 -0.876138 -1.056904
1.094541 -1.424908 -1.727876
0.360119 -0.616036 -0.993933
-1.804542 0.796919 0.691159
-14.543463 6.329128 9.427236
1.175773 -1.475685 -1.787071
1.139839 -0.843699 -1.034777
-2.157717 1.061574 0.942473
1.634641 -2.977158 -3.254435
0.376444 -0.617550 -0.998023
1.137629 -0.841305 -1.035216
1.188724 -0.860456 -1.070909
1.861030 -3.487073 -3.995911
1.010883 -2.294050 -2.124508
1.066085 -2.388824 -2.184358
1.236915 -1.524466 -1.842843
1.103005 -1.400332 -1.721652
1.133254 -2.438759 -2.266938
1.095317 -1.392747 -1.718114
1.375421 -1.011589 -1.119528
1.021440 -2.445166 -2.711291
0.357561 -0.610360 -0.990120
0.691143 -1.822827 -1.836894
0.358482 -0.611025 -0.990731
1.099900 -1.420236 -1.717438
0.369192 -0.619370 -0.997149
1.844933 -3.466789 -3.993760
1.797036 -3.413263 -3.907798
1.105136 -2.443394 -2.219375
4.880003 -8.274970 -8.194300
1.685420 -2.959312 -3.186165
1.188070 -0.859204 -1.072183
1.170570 -1.471324 -1.782707
7.234851 -5.086528 -4.655167
2.686082 -3.284811 -4.928112
1.154897 -2.493784 -2.277341
1.821802 -3.457033 -3.882630
3.414142 -5.314237 -4.807646
4.574164 -7.439216 -7.009377
1.201280 -0.883566 -1.040926
0.647773 -1.324842 -1.026300
1.754859 -3.312287 -3.859439
0.246811 -0.634312 -1.093004
1.690694 -3.010308 -3.261113
1.447418 -2.241917 -2.016061
2.725391 -3.326670 -4.980825
0.720982 -1.566927 -1.605461
0.263346 -0.956492 -1.043600
1.813139 -3.295675 -3.705989
1.840628 -3.477711 -3.920197
3.106172 -4.909359 -4.483395
1.639617 -2.324848 -3.655661
0.612092 -0.787456 -1.398937
1.068541 -2.348228 -2.196577
1.831947 -3.470186 -3.881464
1.195457 -0.863553 -1.074594
1.860381 -3.355874 -3.760611
1.048988 -1.797329 -1.465325
0.880073 -2.158976 -1.975652
-0.176563 -0.525983 -0.967795
1.474805 -2.516702 -2.848256
1.018086 -2.310439 -2.117229
0.238426 -0.956366 -1.013657
1.810226 -3.289142 -3.700763
2.555916 -3.164568 -4.740869
1.832456 -3.473976 -3.903895
1.826313 -3.457881 -3.876479
1.030715 -2.439239 -2.695569
-0.152546 -0.564791 -0.965874
1.685733 -3.000861 -3.247576
0.651098 -1.700261 -1.808445
1.146342 -1.958908 -2.611055
3.159918 -5.508684 -5.422163
2.891866 -2.657980 -4.446584
1.823241 -3.461648 -3.888923
0.311887 -0.822856 -1.131434
0.269019 -0.633851 -1.028807
1.533094 -3.076675 -3.189890
0.376884 -1.084131 -1.052289
-0.014123 -0.728736 -0.969587
0.289408 -0.925259 -1.023581
1.131965 -2.414725 -2.242144
2.852057 -4.998991 -4.962475
1.966036 -3.659079 -3.658597
0.262175 -0.954106 -1.038134
0.192574 -1.093843 -1.358406
-0.136624 -0.540784 -0.977359
0.830843 -1.426989 -1.269446
1.841426 -3.475923 -3.923685
-0.001227 -0.700677 -1.014724
-0.008931 -0.739123 -0.971666
0.459247 -1.147994 -1.534908
0.072681 -0.716001 -1.013324
-0.185627 -0.508556 -0.966741
0.847939 -1.456848 -1.268900
0.323672 -0.918960 -1.044729
1.103381 -2.421087 -2.593630
0.979138 -2.147461 -2.247456
1.815959 -3.296985 -3.706396
0.651657 -1.713581 -1.782206
0.328150 -0.885174 -1.060114
1.819198 -2.596571 -3.331494
0.978394 -2.747338 -3.446604
1.866905 -2.542097 -3.326784
0.442212 -1.990625 -3.979447
2.025634 -2.362060 -2.271709
1.704554 -2.055690 -1.933072
1.272601 -2.996552 -3.181224
0.596305 -2.151525 -3.914240
1.586443 -1.518563 -3.931646
1.852323 -1.770341 -3.701588
1.312324 -2.985705 -3.102267
0.441250 -1.982792 -3.973909
1.326231 -3.000042 -3.097236
1.398736 -2.907825 -3.163858
1.861036 -2.539659 -3.318394
1.400424 -2.920365 -3.165276
1.877865 -2.622588 -3.249256
1.407285 -1.759566 -1.586712
1.603229 -1.654052 -3.876601
0.579349 -2.142818 -3.918457
1.448851 -2.887244 -3.167627
1.684780 -1.497466 -1.897220
0.604343 -2.117758 -3.927949
0.241684 -2.371040 -3.889373
2.445392 -2.954021 -3.281949
2.440275 -2.980727 -3.273481
2.188287 -2.076418 -3.280816
2.009030 -2.375668 -2.286136
1.642681 -1.973464 -1.798592
1.348040 -1.760121 -1.708199
0.312684 -2.343308 -3.900332
0.440642 -1.994425 -3.977101
2.395942 -1.855729 -3.816525
0.431495 -2.065441 -3.954958
0.590769 -2.148723 -3.913651
1.310924 -1.833192 -1.975396
1.319837 -3.032812 -3.159899
2.166541 -2.338582 -4.922458
2.305129 -2.326704 -5.469929
2.190232 -2.363604 -4.983145
1.417674 -2.907415 -3.176626
1.867559 -2.612376 -3.268702
1.849160 -2.609542 -3.288764
0.472717 -2.157807 -3.928484
0.539333 -2.177246 -3.892971
0.515320 -2.203056 -3.909369
2.389954 -1.897122 -3.832731
1.862406 -2.545419 -3.324149
1.668426 -2.464020 -3.429938
2.154204 -1.721319 -3.434404
1.592911 -1.754256 -3.811078
2.512908 -1.695862 -4.092870
1.912420 -1.650985 -3.071298
2.752876 -2.513246 -3.973630
4.447916 -3.626662 -5.227206
1.971086 -2.330243 -2.270794
1.949245 -1.699478 -3.112960
2.446360 -2.606763 -5.500218
2.423444 -1.864987 -3.836465
2.412803 -1.898448 -3.826575
2.610589 -3.127024 -3.428509
0.899508 -2.578506 -3.600609
3.831111 -3.099188 -4.227211
5.679960 -5.170899 -7.366680
2.444036 -2.983165 -3.261214
2.432491 -2.940038 -3.275569
0.603418 -2.119135 -3.922887
1.059726 -2.510617 -3.673489
1.834289 -2.854371 -3.119106
0.647791 -2.361696 -3.834904
1.319215 -2.995321 -3.123722
0.652709 -2.287608 -3.825050
1.592114 -2.873789 -2.773815
1.548276 -1.589588 -1.723977
1.273204 -2.991279 -3.173669
1.026006 -1.226667 -1.487111
1.133539 -2.092353 -2.011138
4.765193 -6.049371 -9.485841
1.428785 -3.056894 -3.032096
2.187022 -3.346141 -3.174670
0.979617 -2.753377 -3.445498
1.281350 -1.670295 -1.578443
2.463563 -2.959090 -3.227765
0.556098 -2.158014 -3.928137
1.830633 -1.710452 -3.723818
0.427425 -2.065208 -3.958274
0.485515 -2.111180 -3.924257
0.322342 -2.206581 -3.923968
10.609184 -8.690588 -13.603797
1.444478 -1.232748 -1.835098
5.555111 -5.378703 -7.072032
1.273347 -2.992198 -3.163320
2.146239 -1.569963 -3.526922
2.075608 -2.508563 -2.854884
2.070887 -3.113891 -2.674899
1.414428 -2.898911 -3.167735
0.601076 -2.117877 -3.919329
1.605212 -2.944232 -3.142142
0.923919 -2.850042 -3.377198
2.434163 -1.909021 -3.829425
0.492023 -2.138782 -3.924334
1.869394 -2.612228 -3.262528
1.884188 -3.005764 -2.976521
0.452352 -2.056079 -3.944150
0.564592 -2.142655 -3.901751
1.810282 -2.539762 -3.397479
1.840139 -1.730726 -3.717395
1.056973 -1.291125 -1.505175
2.481144 -2.989723 -3.228566
1.252773 -2.982576 -3.176846
0.519863 -2.172920 -3.917236
2.165774 -1.602356 -3.672904
2.637492 -3.156708 -3.458508
0.454108 -2.049724 -3.955933
0.963731 -2.775022 -3.423433
2.466605 -2.943974 -3.267979
0.450489 -2.391535 -3.847357
1.906756 -3.007583 -2.922387
2.442990 -2.983502 -3.262191
0.938444 -2.579282 -3.604160
1.861609 -1.774420 -3.700003
0.590876 -2.140506 -3.900296
0.375774 -2.336843 -3.892033
0.690558 -2.331273 -3.814635
1.854024 -2.606956 -3.297822
2.449933 -2.987828 -3.256755
1.765141 -2.505234 -3.378353
0.893611 -2.718696 -3.507294
1.266785 -2.992515 -3.198093
0.983081 -2.743317 -3.466267
0.510456 -2.188234 -3.908770
0.787086 -2.516157 -3.687049
0.977306 -2.772727 -3.457527
0.660387 -2.837316 -3.497368
2.430009 -1.906974 -3.840704
2.421808 -1.865137 -3.849664
0.653168 -2.286906 -3.823329
1.843730 -2.624501 -3.296982
0.473435 -2.156161 -3.910205
0.427221 -2.021663 -3.964513
0.916722 -2.827551 -3.410428
2.237731 -1.736182 -3.496409
1.602947 -2.870693 -3.172367
1.397002 -2.917708 -3.157182
1.663153 -2.457580 -2.274000
1.586857 -2.970247 -2.984366
2.439033 -1.855856 -3.824252
1.552523 -1.754635 -3.841335
0.879784 -2.685343 -3.547704
-0.406212 -4.516549 -8.438335
-1.853111 7.700572 11.003517
-1.646817 6.562969 9.376812
-1.294190 6.974968 10.783470
-1.547192 6.691597 9.582135
-0.125438 -5.218201 -9.712028
-2.601009 8.573731 12.202681
-1.681910 8.923480 13.639215
-0.338191 -3.065510 -5.568539
-0.138769 -5.681164 -10.780468
-0.506816 -7.811942 -15.590584
-0.244400 -2.323984 -4.232630
-1.613907 7.276424 10.790575
-1.617799 7.471993 11.818700
-0.275132 -0.339087 -0.774956
-1.647899 6.983377 9.869108
-0.265651 1.492645 2.434997
-1.628724 6.740861 9.605559
-0.226554 0.427194 0.857714
-0.582800 -4.898945 -9.226592
-0.545322 -4.134285 -7.314077
-0.293826 -2.510813 -4.548362
-0.268065 -2.935291 -5.343773
-0.267294 -0.351445 -0.795660
-1.851836 7.311490 10.381568
-1.472934 6.739888 9.895766
-1.684204 6.757235 9.614839
-2.738883 9.221483 13.994105
-0.225075 0.977021 1.608946
-0.433003 -4.867139 -9.432564
-1.689854 7.963723 11.743336
-0.232572 -2.152101 -3.924546
-0.633036 -6.331845 -12.480433
-0.300255 1.913823 3.127489
-0.485695 -3.557538 -6.306405
-1.635040 6.463236 9.098728
-0.753227 7.441285 13.609382
-1.736945 7.124158 10.178782
0.594041 -6.951827 -16.391976
1.640926 -8.619138 -14.976332
0.071222 -7.437796 -14.709896
0.185415 -6.933883 -13.361646
2.240733 -10.101199 -17.002882
-1.351446 5.511714 9.835487
-0.966626 3.652587 6.564854
-0.007401 -4.330988 -8.687643
0.951149 -6.807940 -14.799543
2.279114 -9.566604 -15.711860
0.471110 -5.395021 -13.058932
-0.564626 0.631792 0.805826
0.627577 -6.613473 -12.643417
0.754902 -7.194636 -15.818117
0.597357 -5.715003 -11.387519
0.777377 -8.978250 -17.320975
0.836745 -5.503413 -9.766733
0.232249 -4.143194 -7.874619
1.003780 -7.062252 -15.301801
1.488744 -7.803398 -13.388539
-0.002092 -4.429656 -8.894953
0.026331 -4.906976 -9.854084
-0.808859 5.928834 11.837211
0.270321 -6.615317 -13.450141
-0.107289 -1.245916 -2.407707
-1.384393 4.718088 8.610211
1.212059 -8.236094 -17.840654
-0.059072 -1.442106 -2.894489
0.067315 -2.508824 -4.845291
0.124857 -4.508411 -8.491781
1.269674 -8.247735 -17.406644
0.158430 -3.956547 -7.736487
-0.500994 -7.093863 -13.951796
2.269035 -8.706649 -13.834248
-0.115441 -3.623855 -8.218913
-1.083082 4.058946 7.710291
-1.498315 5.202534 9.416285
-1.675158 7.335326 16.164907
-0.004235 -4.876401 -9.512054
0.077299 -3.957059 -7.696069
0.009320 -3.421971 -6.635952
0.264310 -6.242216 -10.739154
-0.085849 -3.664296 -8.173898
0.383287 -5.777474 -9.808157
2.410411 -9.631378 -15.697221
0.288575 -6.029093 -10.281003
0.011917 0.085344 2.594260
-0.005823 -0.081168 2.015123
-0.554039 -8.521643 -16.915599
-0.262862 -3.766988 -7.429141
-0.872509 -2.318947 -11.598292
-0.439820 -5.734145 -11.372973
-0.163687 -2.937025 -6.848594
0.019733 0.224929 4.407594
-1.418860 -5.080230 -11.807778
-0.185437 -1.146817 -2.749027
-0.108025 0.071800 2.366197
-0.188597 -1.044169 -2.194668
-0.367620 -4.894724 -9.680644
-0.232644 -4.146948 -11.548208
-0.040762 -0.112533 2.127455
-0.185974 -1.005667 -2.156385
-0.188209 -1.019148 -2.124232
0.028634 -3.104641 -12.526885
-0.956826 -3.977875 -16.742992
-0.190006 -1.009881 -2.109597
-0.209135 -1.066328 -2.739480
-0.191449 -1.004179 -2.119248
-0.264116 -1.184246 -3.553922
-0.127451 -0.903614 -1.561157
-0.200139 -1.054059 -2.489882
-0.188127 -0.999435 -2.071830
-0.188219 -1.013251 -2.114146
-0.217738 -3.113913 -6.117350
-0.157506 -0.645852 -1.186911
-0.206484 -2.680004 -5.253493
-0.171022 -0.659834 -1.216912
-0.157781 -0.978560 -1.902282
-0.172635 -0.616864 -1.128845
-0.121791 -0.897701 -1.540284
-0.165156 -0.979069 -1.889673
-0.141965 -0.820490 -1.468382
-0.117791 -0.760148 -1.331816
-0.165599 -0.982365 -1.909979
-0.168859 -0.643405 -1.180923
-0.174773 -0.793661 -1.469645
-0.168607 -0.644495 -1.182177
-0.154166 -0.903611 -1.700998
-0.161978 -2.744599 -5.364650
-0.154240 -0.970437 -1.860314
-0.171888 -0.976364 -1.856104
-0.173400 -0.621712 -1.137264
-0.129842 -0.769243 -1.390368
-0.189158 -0.504340 -0.919377
1.509466 -7.208681 -10.751316
1.507895 -7.211260 -10.382869
1.530551 -7.324706 -10.598456
-0.495594 -7.123969 -9.628306
-0.495061 -7.132602 -9.639032
1.576566 -7.286154 -10.891193
1.505371 -7.288429 -10.687727
1.499794 -7.188271 -10.342995
-0.072652 -7.031174 -9.556602
0.458879 -7.025298 -10.017780
1.545129 -7.240192 -10.813155
1.522056 -7.245682 -10.550490
0.836667 -7.106821 -9.867803
-0.017916 -6.980886 -9.707258
1.463504 -7.208451 -10.739406
1.559951 -7.354433 -10.718287
-0.101781 -6.998945 -9.528025
1.503551 -7.156660 -10.693156
1.419126 -7.194407 -10.341852
-0.012315 -6.944423 -9.665432
0.529686 -7.032427 -9.694254
-0.022694 -6.938559 -9.712405
-0.019434 -6.945509 -9.647173
-0.096028 -7.001319 -9.534051
1.595253 -7.267753 -10.263712
1.610041 -7.334826 -10.500635
-0.009361 -6.984226 -9.711147
-0.022174 -6.919189 -9.705037
0.527687 -7.025596 -9.683119
0.740429 -7.017905 -10.183060
1.486723 -7.221707 -10.140578
0.967627 -7.075093 -10.706215
0.181980 -6.990826 -10.910040
0.925005 -7.031486 -9.784268
0.744595 -7.033499 -10.207973
1.694417 -8.926002 -13.232014
0.524624 -7.079287 -9.782566
1.645808 -7.308238 -10.350347
0.316699 -6.990482 -9.848208
0.184870 -6.917107 -9.822934
1.022186 -6.994985 -9.938436
0.841374 -7.143678 -9.921236
1.424187 -7.301263 -10.812431
-0.112646 -6.958284 -10.282148
-0.827236 -10.022142 -13.094521
0.003358 -7.047458 -9.599431
0.365587 -7.165053 -11.995169
0.046922 -6.896649 -10.163076
0.192770 -6.945792 -9.849988
0.231937 -7.081428 -11.164584
0.171652 -6.986294 -9.908458
1.144172 -7.085076 -10.440907
0.081811 -6.920290 -9.958594
-0.117282 -0.349404 -0.167489
0.801963 -6.553988 -10.052309
0.024999 -7.116306 -11.346987
0.113235 -6.963460 -10.171159
-0.227093 -0.490833 -0.417450
1.017084 -7.208542 -10.628319
1.025381 -7.139480 -10.126069
1.027686 -7.026181 -10.031076
0.290374 -7.075072 -9.632810
-0.103743 -3.684388 -5.229448
1.319459 -7.553569 -10.542908
0.209917 -7.079554 -9.602607
-0.802250 -1.069413 -1.657440
0.608797 -5.538336 -8.101889
-0.084357 -7.233375 -9.888395
0.917571 -5.859557 -8.276318
-0.018275 -3.446350 -4.840709
0.128846 -7.186339 -9.977913
0.160783 -5.643877 -7.724720
-9.214274 -7.415346 -11.340828
1.176211 0.525625 1.799061
-0.833110 2.236143 2.652324
1.162068 0.516752 1.799348
-11.315897 -6.532618 -13.022369
-11.242020 -6.829847 -13.078542
-10.967832 -6.680478 -12.787222
-11.304186 -6.536772 -13.016510
-0.018335 -2.024641 -2.635855
1.182495 0.531951 1.812807
-10.872851 -6.577323 -12.569537
1.079371 0.488946 0.741912
1.315921 0.743052 0.915881
-11.231352 -6.501974 -12.971522
-10.723642 -6.582297 -12.538865
-10.957657 -6.688710 -12.771326
-0.931934 2.800573 3.384669
1.781887 1.127575 1.511409
1.188911 0.596647 1.460996
-0.667187 2.637782 3.462732
-0.061633 -1.180290 -1.590969
-0.099219 -1.371632 -1.868561
2.029340 -11.362352 -15.174124
-0.214936 -1.358522 -2.012552
0.079024 -2.210459 -3.056660
1.883744 1.133326 2.566907
-0.447401 1.183580 1.499464
1.832446 -9.995155 -13.239065
-0.244106 -1.378013 -2.069470
-0.097134 -1.232160 -1.654236
-1.066499 3.070442 3.637745
-0.087253 -1.272375 -1.761882
-0.145558 -1.231557 -1.726138
-0.635570 3.877309 4.666608
-0.627108 1.543947 1.813968
-0.094675 -1.222482 -1.642896
-0.331737 -1.452049 -2.061978
-9.231322 -7.382914 -11.346683
-8.498954 -5.244417 -9.550745
-0.189178 -1.345581 -1.781604
-0.250045 -1.407841 -2.021734
2.953253 0.573634 2.326287
-0.343077 -1.456022 -2.015874
-0.101109 -1.215056 -1.652681
1.545976 0.633938 0.618233
-1.026749 3.899156 4.489365
-0.154804 -1.330395 -1.887940
-0.124900 -1.229196 -1.688918
0.028678 -3.817603 -4.835210
0.643622 -8.224694 -10.179450
-0.445727 8.280721 10.731080
-1.023733 10.651083 13.841685
9.201767 3.163940 9.588437
-0.170477 -1.312909 -1.814215
-0.201172 -1.352685 -1.993975
-0.187654 -1.270900 -1.741035
-0.344547 1.615354 1.843603
0.238257 2.894589 3.530450
-0.844423 11.727952 14.648291
-0.164980 -1.250382 -1.729261
-0.203680 -1.275694 -1.759803
-0.179962 -1.252347 -1.757928
3.763279 1.028376 3.445469
-0.894686 -10.205340 -12.236415
1.210764 -9.914984 -11.999982
-0.528787 -9.136344 -12.080705
-0.921185 -10.671875 -12.781107
0.651690 -9.378549 -11.931194
1.239804 -9.898347 -12.028839
0.473974 -9.275601 -11.920235
1.218624 -9.806206 -11.958476
-0.977918 -10.873045 -12.592563
-0.980890 -10.823440 -12.533079
0.460149 -9.070114 -11.669155
-0.518587 -9.323312 -12.359488
0.981570 -8.956199 -12.105709
1.098436 -9.590523 -11.934737
-1.115903 -10.463547 -12.529389
1.430888 -9.226424 -12.529872
-0.779350 -9.591899 -12.287465
0.386140 -8.828735 -14.192113
-0.675399 -9.525449 -12.335465
-1.126654 -10.048810 -12.068528
-1.142568 -10.302969 -12.332407
-0.962259 -10.714899 -12.835396
-1.112519 -10.438206 -12.423759
-1.102679 -10.131889 -12.000977
-0.856164 -9.522739 -12.238538
-0.854347 -9.571219 -12.304523
-1.173855 -10.412862 -12.325348
1.110822 -9.649750 -12.014171
0.389312 -8.786873 -12.162206
-1.191960 -10.740490 -12.406011
-1.132966 -10.023784 -11.937818
-0.239234 -3.666981 -5.275810
-0.098313 -3.174763 -5.280916
-3.347198 -6.666773 -7.745018
-0.380323 -4.071020 -5.249120
-3.367506 -6.694618 -7.812792
-5.069351 -7.685893 -8.362856
-5.375985 -7.679592 -8.466772
-5.218876 -10.641528 -12.672249
-5.649562 -7.626323 -8.656029
-0.506442 -4.050123 -5.183663
-3.384650 -6.750137 -7.880387
-5.681270 -7.792420 -8.551953
-5.214312 -7.685458 -8.323487
-4.640580 -7.459057 -7.997614
-10.185554 -6.008932 -12.044867
-5.235066 -7.649966 -8.293311
-5.524028 -7.708458 -8.432341
-0.223527 -3.534091 -5.283762
-6.253522 -11.108773 -12.882370
-0.245032 -3.648094 -5.257673
-0.254650 -3.654195 -5.280093
-3.147132 -5.472699 -9.963890
0.159596 -5.533908 -7.817044
-4.937256 -7.582949 -8.223297
-5.110412 -7.687637 -8.196024
-0.531269 -4.082822 -5.192423
-9.765667 -7.159508 -11.916804
-5.146920 -7.563123 -8.331690
-11.548757 -7.435972 -12.161598
0.286078 -3.127028 -5.092740
-10.175172 -7.077230 -12.526217
-5.469561 -7.729597 -8.474628
-0.206865 -3.538597 -5.288692
-10.615637 -5.822700 -12.211888
-10.050687 -7.284966 -12.199600
-0.378442 -4.066622 -5.236803
-3.342454 -6.657721 -7.796513
-11.340764 -6.267095 -11.983830
-5.527179 -7.748485 -8.523003
0.485051 -3.528039 -4.950369
-0.297254 -3.834271 -5.274892
-4.900354 -7.287766 -8.273414
-4.982506 -7.382122 -8.276903
-0.249789 -3.630032 -5.228022
-4.984685 -7.363135 -8.286476
-9.997785 -7.269544 -12.159934
-4.943715 -7.353843 -8.438147
-11.238533 -6.202237 -11.888653
-5.069920 -6.390047 -9.621861
-5.553642 -7.698507 -8.702495
-5.195297 -7.452034 -8.504130
-4.871437 -7.655314 -8.105554
-11.426112 -6.320124 -12.103116
-5.761970 -7.846029 -8.765850
-5.193496 -7.511849 -8.309553
-4.726903 -7.594712 -8.130953
-0.517188 -4.073525 -5.154378
-0.491159 -4.092711 -5.167273
-5.096927 -7.714439 -8.298922
-0.424057 -3.871584 -5.184914
-0.525283 -4.041113 -5.157390
-11.376918 -6.282062 -12.069406
-5.253993 -7.751778 -8.274833
-10.742309 -5.852228 -12.306499
-10.018385 -7.256087 -12.055231
-5.628413 -7.754189 -8.792622
-0.257057 -3.539081 -5.316982
-6.173229 -8.158274 -8.746803
-4.913932 -7.450231 -8.352618
-4.640771 -7.495941 -7.997793
-0.300876 -3.575991 -5.294384
-0.461677 -3.965052 -5.201113
-10.352168 -7.461219 -12.652707
-5.023079 -6.409919 -9.720332
-0.584350 -1.693183 -2.975040
-0.362524 -3.801696 -5.209383
-5.588749 -7.699292 -8.462328
-5.171361 -7.571799 -8.421240
-5.636303 -7.633669 -8.638020
-4.514330 -7.405178 -7.912027
-0.318476 -3.554520 -5.173773
-0.431136 -3.896645 -5.139886
-5.693365 -7.811871 -8.566610
-5.462820 -7.671590 -8.440283
-0.312595 -3.539072 -5.274717
-4.115764 -7.124876 -7.903099
-0.468173 -3.869633 -5.155303
-0.404335 -3.921022 -5.219618
-10.149725 -7.365976 -12.323954
-5.756464 -7.792794 -8.829041
0.530947 -10.945393 -15.090653
-10.867747 -6.613293 -12.077813
-5.366412 -7.609556 -8.328410
-5.338493 -7.895237 -8.613158
-4.087900 -5.381333 -10.838267
-3.659407 -5.424139 -10.256466
1.226407 -7.618977 -10.674377
-5.192940 -7.446352 -8.500124
-5.040262 -7.475754 -8.154061
-0.405245 -3.784699 -5.163949
-0.420976 -3.810373 -5.192219
-10.189365 -7.292907 -12.420426
-3.920734 -5.321730 -10.470132
-5.582508 -7.711685 -8.491614
-5.475453 -7.724455 -8.481121
-3.333968 -6.573765 -7.836078
-5.319767 -7.823760 -8.353145
-11.513523 -6.341853 -12.202041
-4.964044 -7.359061 -8.455095
-0.317455 -3.666441 -5.200738
-4.666587 -7.507970 -8.041027
-4.590198 -7.497661 -8.022871
-4.149473 -7.463076 -7.773905
-0.462111 -3.995660 -5.238739
-3.683427 -5.546916 -9.908093
-5.173857 -7.794634 -8.378948
-11.205029 -6.426241 -12.232023
-9.775882 -6.836658 -12.140046
-4.967183 -6.082599 -9.891827
-5.434099 -7.979552 -8.523208
-5.106831 -7.784225 -8.457143
-0.405848 -3.812230 -5.249741
-5.690508 -7.792040 -8.550681
-0.546265 -4.087196 -5.192685
-5.425961 -7.564005 -8.549220
-5.302747 -7.649681 -8.464874
-10.011775 -5.913774 -11.931361
-5.530174 -7.675971 -8.692247
-0.328859 -3.536380 -5.285923
-5.503349 -7.735958 -8.463293
-5.428314 -7.747818 -8.518378
-0.456658 -4.029962 -5.143510
-0.308805 -3.503064 -5.152549
-5.033772 -7.573303 -8.142662
-11.563354 -7.400970 -12.696723
-4.925853 -7.267403 -8.365276
-0.296833 -3.739948 -5.164276
-12.069531 -8.003877 -12.818700
-5.746483 -7.892560 -8.674978
-10.852037 -6.550755 -12.057060
0.280351 -3.117031 -5.079031
-8.326423 -5.958481 -13.272521
-10.160791 -7.343588 -12.327716
-4.823287 -7.455460 -8.116405
-11.368618 -6.277416 -12.072826
-5.648940 -7.741716 -8.494372
-0.544141 -4.082226 -5.183797
-8.271404 -6.073647 -13.214758
-0.295755 -3.484708 -5.309972
-4.944779 -7.587699 -8.234265
-0.599016 -4.677881 -6.304803
-0.452998 -3.752277 -5.095462
-6.163071 -8.379912 -9.525081
-6.793813 -9.101307 -11.158564
0.299257 -5.184551 -9.523907
-0.512648 -4.250097 -5.668570
0.209509 -4.724821 -8.584224
-0.448265 -4.302793 -6.035283
-5.926289 -8.019277 -9.128456
-0.656293 -5.110674 -6.814392
0.000973 -4.876262 -8.440649
-0.608329 -4.691788 -6.266464
-0.580031 -4.227003 -5.698462
-0.368470 -4.513000 -5.750844
-6.983827 -9.383945 -11.480552
-0.157475 -4.688482 -7.589478
-0.223915 0.548311 0.647655
-0.515984 -4.375806 -5.837869
-0.318452 -4.967273 -7.276919
-0.582719 -5.064946 -6.842427
0.192753 -4.556234 -8.285573
-7.800467 -9.176027 -10.715081
-0.223944 0.545876 0.623960
-0.221120 -5.730811 -9.246259
0.347319 -5.364202 -6.786609
-0.369078 -4.314695 -5.531827
-6.766428 -8.842872 -10.180528
-0.319689 -4.894350 -7.479089
0.473545 -6.164184 -8.216648
-0.164431 -1.136347 -1.923044
-0.384824 -4.710339 -6.979080
-0.181897 -5.182170 -8.617427
-0.169294 -0.244503 -0.666189
-0.017643 -3.227387 -5.460418
-7.176360 -8.461158 -10.471656
0.045742 -1.620672 -2.476704
-0.302287 -5.113111 -7.759860
0.006299 2.405657 3.182456
0.164961 -5.884605 -9.482765
-0.249077 -5.954164 -8.283670
0.544150 -6.200375 -8.368109
-6.967876 -9.365350 -11.456594
-6.903849 -8.125615 -10.062968
-6.597865 -8.462570 -10.528886
-0.394059 -4.542033 -6.702564
-0.224441 0.481977 0.543357
-0.036499 -4.970820 -8.451789
-0.538936 -4.099131 -5.569517
-6.736804 -7.962873 -9.857506
0.018985 -5.284349 -9.155678
-0.197290 -1.193607 -1.894752
-0.390969 -4.476474 -6.632603
-7.538689 -10.053877 -12.285090
0.101922 -5.203351 -9.158224
-5.496682 -7.705278 -8.877012
-0.313748 -6.666955 -9.449590
0.108356 -5.145524 -9.055821
-5.552045 -8.113618 -9.360032
-7.040520 -9.025597 -10.778327
-0.344135 -4.331352 -5.683701
-0.614471 -6.941689 -9.614737
-6.580029 -9.356117 -10.622414
-0.322110 -5.024979 -7.664387
-0.166782 -5.355494 -8.948157
0.538143 -6.385494 -8.497693
-0.172855 -0.250581 -0.668543
-0.356164 -4.808555 -7.075009
-5.803673 -8.495650 -10.081140
-6.519722 -8.675948 -10.123588
0.541242 -6.279483 -8.157860
-0.229359 -6.570559 -9.232424
-6.301967 -7.850788 -9.116544
-5.376612 -7.850148 -8.993953
0.093444 -5.750107 -9.235229
0.274138 -5.371386 -9.931134
-0.045256 -0.529475 -1.089682
2.192316 -6.001850 -10.268714
0.554824 -3.756340 -4.906013
0.551597 -3.823530 -4.877763
0.845313 -3.758304 -5.170905
0.046800 -4.499520 -6.837230
0.727166 -3.329964 -4.837185
0.616549 -4.460910 -5.614241
-0.089734 -0.319102 -0.899834
0.708083 -3.258952 -4.749127
0.838547 -4.301808 -5.968590
0.967997 -3.711138 -4.726926
0.728090 -3.280520 -4.795540
0.197482 -4.676555 -7.267520
0.140935 -4.145854 -6.435649
-0.198427 -4.088286 -5.723359
0.642266 -3.493913 -4.726542
0.734211 -3.884842 -5.025004
0.655930 -3.671399 -4.968404
0.988801 -3.603941 -4.681042
0.781471 -5.074735 -9.005475
0.092421 -4.380885 -6.724070
-0.012595 -0.665678 -1.300443
0.509570 -3.509954 -4.615860
0.050923 -4.373892 -6.629394
-0.163949 0.177500 -0.099783
0.043170 -5.367042 -7.129426
0.155017 -5.533438 -7.296076
-0.132334 -0.283497 -0.661520
-0.121739 -0.311287 -0.701558
2.179650 -6.005035 -10.203280
0.969316 -4.118791 -5.046529
0.859233 -4.421791 -5.278215
0.090112 -1.343191 -2.100364
0.447359 -3.646566 -4.650959
0.798328 -4.171113 -5.013967
0.505416 -3.518057 -4.578427
0.632827 -3.968760 -5.213803
0.626400 -3.656180 -5.108319
-0.229971 -4.073509 -5.610354
-0.181504 -4.163013 -5.878000
-0.025914 -4.313474 -6.245915
0.021448 -0.839300 -1.574229
0.536171 -3.980706 -5.009202
0.520607 -3.890282 -4.936835
-0.001133 -3.956190 -5.873628
0.117938 -4.251782 -6.538179
0.560993 -3.552736 -4.692791
0.064930 -4.759074 -7.278669
0.600189 -3.506034 -4.776501
0.738978 -4.643976 -5.979195
0.739883 -2.465222 -3.540194
0.134995 -1.764843 -2.567693
0.001010 -0.696263 -1.342975
0.030345 -4.099338 -6.120689
3.121356 7.910785 17.556280
0.564082 -3.470898 -4.686933
0.013309 -5.483354 -7.101884
0.671813 -3.888397 -5.469364
0.027387 -0.755142 -1.323941
0.743158 -3.893951 -5.200653
0.143314 -1.172266 -2.018908
-0.293578 -1.259328 -2.304192
0.489663 -3.868307 -4.848087
0.923744 -6.233011 -11.118644
1.008294 -3.635774 -4.747970
-0.181854 0.293290 0.072866
-7.498651 -11.390826 -14.063776
0.603086 -3.798439 -4.904735
0.103594 -0.899314 -1.651751
-0.125659 -0.528556 -1.110525
0.673835 -3.650454 -4.906395
4.009635 -10.339847 -15.230988
0.833097 -3.455862 -4.591810
0.712254 -3.962514 -5.222074
3.786432 -10.280180 -14.778367
0.677669 -3.655170 -5.150914
0.739345 -4.145608 -5.813874
0.118960 -0.904153 -1.568010
0.803796 -5.820504 -7.059488
-2.682802 9.368958 10.211300
0.023058 -0.835778 -1.571180
0.408875 -7.947355 -10.787946
0.116368 -1.005962 -1.664627
0.568416 -3.340498 -4.564173
0.019345 -0.863337 -1.593030
-0.164506 0.363930 0.094183
0.111879 -1.578448 -2.597096
-0.058853 -0.449730 -1.077925
0.906796 -4.577811 -6.247553
0.325617 -3.856734 -5.095914
0.050819 -1.307257 -2.134129
0.562579 -3.513691 -4.761871
3.335848 -8.625938 -14.367620
-0.977170 5.181094 8.210099
1.725289 -4.715601 -6.567620
-0.119032 -0.416466 -0.992366
1.415137 -4.699488 -7.406730
0.907199 -2.795743 -4.012662
-0.357829 1.007757 1.082765
1.041883 -3.702218 -4.764688
1.171100 0.468145 0.607834
0.359344 -2.095171 -3.160337
0.435880 -3.559993 -4.537506
-0.079204 -4.816467 -6.979946
-0.212922 0.119789 -0.082689
0.093618 -1.659905 -2.470443
0.629269 -3.599241 -4.915227
0.536072 -3.821156 -4.803866
0.892095 -3.638716 -4.668885
-0.130419 -0.533888 -1.100921
0.615572 -3.468987 -4.853892
-0.199096 -4.208777 -5.872884
-0.069501 -0.503865 -1.104799
1.668928 -5.457224 -8.438192
0.556093 -3.837100 -4.885117
0.024956 -0.640942 -1.318628
0.057544 -5.073332 -6.724206
-0.214080 -4.227958 -6.000060
-1.670236 5.871886 7.342248
-0.081845 -4.311752 -6.246943
0.835413 -2.728931 -3.762650
0.485244 -3.762038 -4.761467
0.525047 -3.917473 -4.952790
-0.324631 0.390814 0.383758
-0.159192 0.026850 -0.293911
-0.118137 -0.552485 -1.117917
-0.178597 -0.361521 -0.840172
0.054298 -1.541189 -2.371988
-0.107117 -0.327615 -0.876990
0.071147 -3.057697 -5.737709
0.903538 -3.556323 -6.045719
0.090372 -4.114815 -5.132788
0.237787 -0.999319 -1.692979
0.537406 -3.540315 -5.300299
4.672875 -9.915882 -12.213244
0.018958 -3.229749 -6.034358
-0.017027 -3.342968 -6.032155
0.386144 -2.580897 -3.517799
-0.011970 -4.133105 -4.842727
0.673071 -5.919181 -7.088137
0.362137 -2.347494 -3.275522
0.144417 -3.921949 -5.047698
0.367986 -1.428086 -2.243701
-0.317452 -3.202170 -5.267497
0.015774 -3.107591 -5.815159
0.279243 -2.085737 -3.256052
-0.172459 0.043275 -0.381478
2.517665 -5.204240 -7.961406
0.130272 -1.981633 -2.774333
0.043755 -3.915187 -4.875777
-0.007487 -4.237444 -4.908438
-0.216305 0.058246 -0.374122
0.363134 -1.413899 -2.220882
-0.394536 -5.662940 -7.011782
0.200575 -3.776685 -5.022810
0.538348 -3.694049 -5.814377
0.378592 -1.451715 -2.277080
0.120714 -1.383604 -2.347996
0.448338 -5.476692 -10.819580
0.035188 -3.962034 -4.857579
0.648499 7.789997 9.991437
-0.082351 -0.138480 -0.545523
0.828904 -3.153875 -5.658605
-0.028326 -3.191012 -5.920347
-0.170912 -0.128926 -0.473566
0.050584 -1.551299 -2.444175
-0.580477 -3.991538 -6.225369
-0.722894 2.845112 3.077591
0.075997 -3.814410 -4.854532
0.979754 -8.027568 -8.504205
-0.065514 -2.008815 -3.567075
0.157682 -1.681138 -2.469872
0.281879 -2.092532 -3.264633
7.501103 8.376753 10.532406
0.177651 3.051120 3.888477
0.248780 -3.968855 -6.738925
0.512168 6.514430 8.392682
0.534835 8.261161 10.774091
0.825908 -3.158122 -5.675486
2.100458 -5.016233 -7.232304
0.056669 -3.903230 -4.909202
0.122344 -1.894296 -2.591790
0.140626 -4.632322 -5.716402
-0.324047 -3.402122 -5.743398
0.245843 -3.918763 -6.650917
-1.695932 -2.557270 -4.801151
-0.553511 -6.584174 -9.370312
0.536488 -3.560563 -5.304113
0.104733 -2.271501 -3.082152
-0.178813 0.053066 -0.368006
0.066346 -3.761060 -4.646212
0.183122 -4.079375 -5.175194
0.174084 -0.504654 -0.378636
-0.177400 -0.335234 -0.825916
-0.042819 -0.292167 -0.780068
-0.101116 -0.319650 -0.748469
-0.430398 -0.322317 -1.180163
0.086543 -0.443411 -0.443888
-0.095458 -0.295015 -0.768447
-0.140526 -0.326217 -0.795187
-0.123649 -0.327559 -0.783940
-0.131032 -0.311034 -0.785780
-0.104681 -0.320011 -0.754720
-0.103915 -0.319518 -0.755447
-0.047184 -0.317125 -0.685285
-0.050864 -0.269832 -0.709787
-0.085026 -0.319011 -0.738180
-0.102238 -0.319970 -0.748806
0.154306 -0.550497 -0.386305
0.017194 -0.434400 -0.389145
0.283302 -0.435284 -0.382566
-0.157868 -0.326703 -0.802632
-0.134454 -0.313083 -0.788569
0.171881 -0.555486 -0.389060
0.099248 -0.512292 -0.365411
0.018917 -0.291627 -0.451085
-0.126519 -0.326660 -0.787557
-0.134268 -0.317991 -0.788460
-0.171892 -0.332565 -0.822681
-0.030461 -0.266277 -0.686648
-0.180840 -0.331156 -0.832230
-0.154987 -0.326093 -0.801495
-0.116410 -0.320960 -0.765763
0.138630 -0.424271 -0.316001
0.053813 -0.364417 -0.376212
-0.050938 -0.317145 -0.707927
-0.314237 -0.441728 -1.075006
-0.162884 -0.324383 -0.813129
-0.030455 -0.315306 -0.690107
-0.108016 -0.320016 -0.755686
-0.022563 -0.316023 -0.677565
0.062032 -0.319578 -0.378068
-0.122810 -0.330553 -0.776701
-0.154377 -0.325936 -0.801033
-0.122601 -0.320985 -0.776432
-0.325288 -0.411536 -0.959586
0.013375 -0.367274 -0.689635
-0.121371 -0.321905 -0.776101
0.091390 -0.457841 -0.442240
-0.099532 -0.329362 -0.764363
0.105634 -0.424241 -0.286809
0.126803 -0.476469 -0.637442
0.118577 -0.295567 -0.845285
-0.157832 -0.326571 -0.802233
0.111385 -0.314211 -0.720136
-0.103152 -0.320477 -0.756727
0.008879 -0.314952 -0.639332
0.048084 -0.339532 -0.420295
0.056238 -0.252228 -0.480607
0.000656 -0.326144 -0.681356
-0.153224 -0.326580 -0.802418
0.157834 -0.494171 -0.464131
-0.126318 -0.327144 -0.779656
-0.004454 -0.315699 -0.706277
0.251486 -0.496637 -0.397342
-0.312317 -0.436313 -1.032764
0.264352 -0.438032 -0.368721
0.041363 -0.396204 -0.410285
-0.010234 -0.334531 -0.670701
-0.160429 -0.324909 -0.812539
0.035231 -0.267376 -0.440982
-0.057220 -0.317841 -0.710509
-0.337847 -0.431281 -0.998770
0.179168 -0.195449 -0.300983
0.305881 -0.625481 -0.433480
-0.001147 -0.318960 -0.454261
0.039790 -0.278651 -0.683908
-0.316004 -0.281505 -0.980435
0.002267 -0.355068 -0.751497
-0.101126 -0.315145 -0.807780
0.166762 -0.661350 -0.347055
-0.207216 -0.371408 -0.967442
-0.065280 -0.278817 -0.726431
-0.055219 -0.301478 -0.716992
-0.042219 -0.286933 -0.693351
0.050973 -0.400450 -0.376269
-0.028808 -0.291253 -0.677948
-0.319652 -0.343504 -0.937863
0.247180 -0.356509 -0.368327
-0.322308 -0.437232 -1.041009
-0.601196 0.090126 -1.418746
0.037196 -0.258783 -0.450721
-0.259615 -0.309475 -0.893875
0.329692 -0.449795 -0.403144
-0.054492 -0.273785 -0.719657
0.160292 -0.583461 -0.419289
0.247973 -0.466067 -0.397161
-0.040636 -0.293640 -0.776783
-0.279814 -0.265888 -1.020844
0.259102 -0.548617 -0.469675
0.035656 -0.226089 -0.518066
-0.755392 0.234271 -1.626765
-0.112819 -0.320221 -0.770432
0.185857 -0.630051 -0.331654
0.129765 -0.567177 -0.404817
0.482397 -0.879011 -0.319099
-0.213404 -0.317941 -0.914434
0.242480 -0.528187 -0.331533
-0.713752 -0.146152 -1.556560
0.220278 -0.534507 -0.446002
0.245021 -0.526422 -0.320342
0.036393 -0.449146 -0.356141
0.366872 -0.678544 -0.400923
0.196954 -0.560031 -0.429108
0.064844 -0.395382 -0.430280
0.207053 -0.490371 -0.480052
-0.195177 -0.335457 -0.852112
-0.061843 -0.277689 -0.721283
-0.323548 -0.336655 -0.903140
-0.134402 -0.273819 -0.906443
-0.026993 -0.346944 -0.729718
0.205979 -0.263410 -0.308909
0.032555 -0.302765 -0.493582
-1.131712 0.559368 -2.204214
-0.261630 -0.351633 -0.892827
0.041867 -0.319608 -0.441851
0.243249 -0.479733 -0.516654
0.249050 -0.575864 -0.424545
-0.298015 -0.276874 -1.175294
0.013950 -0.366882 -0.691794
-0.390914 -0.164934 -1.123767
0.143069 -0.569809 -0.428441
-0.213359 -0.318726 -0.852907
0.283658 -0.520557 -0.421235
0.293442 -0.611400 -0.426278
0.031286 -0.380740 -0.422780
0.066056 -0.417485 -0.655235
0.096470 -0.584573 -0.396737
-0.256596 -0.384257 -0.881969
-0.063350 -0.278406 -0.721894
0.122477 -0.384321 -0.393717
0.369586 -0.683387 -0.399686
0.325988 -0.530258 -0.374026
0.090450 -0.300973 -0.498665
-0.347882 -0.186316 -1.064151
0.141611 -0.578628 -0.402910
-0.130089 -0.300274 -0.893072
0.016670 -0.370006 -0.689908
0.169879 -0.636637 -0.340255
0.035876 -0.372044 -0.684083
-0.062223 -0.286691 -0.785314
0.025251 -0.326154 -0.478204
-0.960250 0.188189 -1.989965
-0.047776 -0.481585 -0.478909
-0.216318 -0.348193 -0.838163
6.075170 -7.035942 14.713282
-0.576218 -0.073966 -1.319906
-1.162011 0.353068 -2.331549
-0.241531 -0.359710 -0.851173
-0.338366 -0.353710 -0.914240
-0.180211 -0.348884 -0.812068
-0.609054 -0.008366 -1.484538
-0.576510 -0.063813 -1.333083
-0.545754 -0.090223 -1.257931
-0.585424 -0.064060 -1.344163
-0.514355 -0.109355 -1.212951
-0.403826 -0.349665 -1.012883
-0.444586 0.040424 -1.313043
-0.597618 -0.033546 -1.507360
-0.607316 -0.049503 -1.396782
-0.605110 -0.043189 -1.407712
4.124369 -3.328731 6.282097
-0.580951 -0.061209 -1.361071
8.498855 -6.309239 13.431825
-0.140067 -0.344094 -0.787357
-0.441415 -0.311199 -1.008201
-0.303969 -0.367483 -0.916576
-0.525025 -0.055243 -1.371098
-0.454031 0.033163 -1.323603
7.215759 -5.379327 11.287974
-0.602520 -0.037443 -1.476632
-0.591439 -0.047401 -1.464897
-0.435860 -0.349227 -0.972281
-0.570534 -0.056208 -1.401156
-0.580338 -0.051153 -1.415785
-0.322798 -0.224844 -0.865955
-0.515462 -0.155396 -1.193302
-0.441640 0.041328 -1.309434
-0.542973 -0.083225 -1.290658
-0.546850 -0.080799 -1.299002
-0.140317 -0.344055 -0.787388
-0.407793 -0.378657 -0.967356
-0.580037 -0.058951 -1.345154
-0.456667 -0.326858 -1.061093
-0.590779 -0.198454 -1.250493
-0.525885 -0.216323 -1.146270
0.599112 -0.298414 -0.020640
-0.190798 -0.336534 -0.813074
-0.562675 -0.005291 -1.486561
-0.178203 -0.271884 -0.892031
-0.172152 -0.345594 -0.804337
-0.559342 -0.108313 -1.258948
-0.594108 -0.072587 -1.321286
-0.486790 0.018317 -1.425441
-0.204872 -0.375051 -0.851207
-0.598886 -0.047412 -1.389094
-0.166266 -0.287751 -0.858623
-0.315325 -0.325151 -0.865607
-0.215960 -0.248713 -0.934169
-0.341675 -0.347617 -0.960339
-0.362275 -0.182675 -1.097862
-0.178334 -0.346703 -0.807092
0.830956 -0.042064 0.180709
-0.383390 -0.350628 -0.998251
-0.236102 -0.224895 -1.000752
-0.393991 -0.222395 -0.987065
-0.576724 -0.080417 -1.307744
-0.039248 -0.317444 -0.665788
-0.584189 -0.056866 -1.356849
-0.034526 -0.337116 -0.693581
-0.205117 -0.374988 -0.851200
-0.811243 -0.178709 -1.282183
-0.035101 -0.338488 -0.694804
-0.319296 -0.374414 -0.959000
-0.200948 -0.273457 -0.889161
-0.403006 -0.347934 -0.997424
-0.615588 0.030000 -1.382589
-0.570812 -0.055438 -1.338433
-0.425705 -0.362604 -1.030485
-0.051565 -0.526337 -0.321285
-0.330991 -0.374673 -0.944644
0.196481 -0.758146 0.199260
-0.396777 -0.342953 -0.938352
-0.639640 0.000978 -1.444454
-0.138280 -0.333771 -0.767412
-0.368763 -0.388124 -0.957872
-0.933241 0.160029 -1.878237
-0.315027 -0.376087 -0.955119
-0.320134 -0.374967 -0.960122
-0.334027 0.028772 -1.167324
-0.383808 -0.375872 -0.965519
-0.431207 -0.350367 -1.039441
-0.632003 0.002934 -1.416760
0.000672 -0.284766 -0.564542
-0.302036 -0.381851 -0.944605
-0.147367 -0.296135 -0.807077
-0.511883 0.059851 -1.355080
-0.420342 0.014792 -1.350338
-0.143803 -0.343929 -0.805635
-0.577683 -0.054839 -1.349287
-0.504476 0.048998 -1.407674
-0.170799 -0.286185 -0.864295
0.286088 -1.104829 0.444915
-0.211617 -0.356865 -0.847117
-0.190267 -0.305042 -0.916714
-0.388486 -0.366363 -0.948457
-0.166280 -0.291501 -0.853309
0.942229 -1.587540 1.668232
-0.264451 -0.316694 -0.989083
-0.136313 -0.348478 -0.815093
-0.295691 -0.337021 -0.887678
-0.266799 -0.375477 -0.918632
-0.370439 -0.380392 -0.953521
0.631425 -1.232401 0.962615
0.791088 -0.064150 0.196086
-0.389583 0.004620 -1.256063
-0.081110 -0.352630 -0.759891
-0.354967 -0.251533 -1.000712
-0.374790 -0.377367 -0.959124
-0.301521 -0.344970 -0.869105
-0.464909 0.163310 -1.177710
-1.406828 -0.320959 -1.928620
-0.070531 -0.351676 -0.756111
-0.754905 0.028257 -1.455689
-1.305292 -0.478445 -2.252975
-0.353338 0.054030 -1.216571
1.157070 -1.342073 0.285915
-0.131224 -0.405203 -0.846794
-0.242273 -0.350128 -0.973554
-0.300023 -0.329835 -0.883728
-1.459396 1.401251 -2.835678
-1.645158 2.091589 -3.763583
-1.648375 2.101412 -3.769388
-0.222547 -0.250136 -0.901598
-2.235706 3.732439 -4.996188
-4.028380 5.431770 -7.515048
-1.641554 2.083991 -3.751859
-1.900414 3.846220 -6.283624
-1.620533 2.035143 -3.622554
-1.586081 1.998259 -3.559562
-1.625427 2.065775 -3.724105
-1.877641 3.826978 -6.230861
-1.632226 2.011637 -3.619356
-1.651973 2.142017 -3.786328
-1.575011 1.933266 -3.489619
-0.475496 1.352809 -3.014628
0.319988 -0.140087 0.142744
-0.234383 -0.215912 -0.949435
-1.562409 1.919648 -3.417536
-0.188081 -0.290106 -0.819258
-0.915446 0.342503 -2.272484
-1.738704 2.647439 -4.466597
4.265999 -6.425075 6.499485
-0.415463 0.078392 -1.307297
-1.238131 1.030904 -2.661013
-1.617833 1.859206 -3.407975
0.145492 -0.139152 0.168320
-1.397300 1.201005 -3.289341
-1.584068 2.786241 -4.361637
0.336432 -0.138432 0.028660
0.148812 -0.158256 0.181872
0.146391 -0.143968 0.184691
0.281378 -0.096377 0.031566
-1.305919 1.273653 -3.422713
0.195071 -0.050396 0.397735
0.148450 -0.084525 0.348762
-4.317047 5.653540 -8.783968
0.155475 -0.115189 0.190169
0.122178 -0.091909 0.116297
0.692436 -1.321924 1.754285
0.160879 -0.131502 0.172599
0.146203 -0.115741 0.147857
0.273374 -0.120653 0.087080
0.850357 -0.831586 1.226708
0.177148 -0.237571 -0.118220
0.161462 -0.131478 0.177175
0.334069 -0.158022 0.187706
1.132400 -2.209672 2.692646
0.495074 -0.962877 1.256932
0.134090 -0.088684 0.107695
0.145105 -0.112077 0.142913
0.413432 -0.840451 1.139816
0.135070 -0.106695 0.164143
-4.675161 10.201884 -13.557084
1.782640 -5.171522 4.551165
2.968074 -7.977216 7.696317
-3.542416 7.717405 -9.858060
-2.018768 4.039285 -5.734985
-7.718239 12.555172 -13.323267
-0.176862 -0.455503 -0.510190
-0.252922 -0.177744 -1.016764
-4.240154 9.323811 -12.583062
-6.572297 10.609043 -11.423994
0.073548 -0.734920 -0.385965
-7.136962 10.995509 -14.582376
0.168880 -1.027495 -0.058202
-2.902204 6.173588 -6.302455
0.643622 -1.856960 0.957304
0.052190 -0.674056 -0.399926
0.252809 -1.189231 0.063622
0.014794 -0.748999 -0.275305
0.135039 -0.986031 -0.008862
-0.170057 -0.423953 -0.553424
-0.038290 -0.748833 -0.286822
-0.077768 -0.550862 -0.515275
-3.901568 8.410646 -8.326296
0.193911 -1.081324 -0.020817
-0.092005 -0.614225 -0.443634
-3.443584 7.300659 -7.390556
0.509564 -1.656982 0.416331
-0.175123 -0.306277 -0.602796
0.195015 -1.082967 -0.019338
0.271954 -1.284937 0.239475
2.830328 -12.333054 11.973506
0.565719 -4.215903 2.938088
0.293118 -3.418166 2.311614
-3.004298 9.055252 -6.429066
-3.880261 14.162902 -9.817796
0.124303 -3.563275 2.459754
-0.276457 -1.541412 1.627269
-1.198744 9.318004 -10.677493
0.525094 -5.816494 4.049536
-0.328103 0.582202 -1.577959
0.486205 -5.592478 3.870275
-0.831384 7.052771 -8.305792
0.331216 -4.957254 3.887961
-0.578120 0.644364 -1.694788
0.034186 3.196052 -3.562547
-5.686843 14.992340 -9.348944
1.858264 -6.808868 3.939520
1.885432 -6.897767 3.991312
-0.529826 0.943610 -2.252001
-0.634597 3.104946 -3.833843
-1.873258 8.972054 -5.271404
-0.100503 -1.136002 0.875406
-4.150772 9.630018 -7.135470
-2.981348 6.301129 -7.056960
0.023339 -3.140511 2.078658
1.171300 -3.802554 2.324014
-0.914722 6.433922 -7.245185
-1.322523 2.085078 -2.392129
-1.265483 2.220960 -2.418956
-2.964190 5.584025 -7.062573
-2.951400 6.212142 -6.984382
-1.473245 3.468596 -3.720378
-1.514193 4.612037 -7.574567
-2.950269 8.717295 -6.088749
0.037026 -1.342953 1.387986
0.613870 -4.100759 2.791562
-5.111854 13.799912 -8.510544
-2.230218 5.892895 -5.285866
-0.200629 -1.927994 0.970933
0.092618 -3.185143 2.086712
2.042789 -12.592191 8.910521
-0.100579 -1.139537 0.878911
-0.050276 -2.051214 1.123121
0.212985 -3.566358 2.389793
-0.634372 1.917137 -3.144070
-0.517208 1.759553 -1.919397
-2.966123 7.751646 -6.167074
2.064267 -5.749721 4.317858
-3.101216 9.271466 -6.449579
0.401394 -2.266603 1.241394
0.923474 -4.069206 2.586820
-2.008016 -9.206136 8.444095
-0.459514 3.571611 -3.836976
0.979115 -4.046224 2.496229
-1.019871 5.789509 -3.653280
0.267221 -2.540363 1.401132
-2.740855 7.152948 -5.676818
-0.516323 1.249804 -1.676819
-1.112476 8.283790 -8.414608
1.871623 -6.006183 3.636007
-0.603126 3.632638 -4.128387
-0.209221 -1.959445 1.099968
3.161162 -11.547018 6.708424
-0.401995 1.002765 -1.503300
-0.384349 -1.206430 1.164817
-3.682683 7.723764 -8.140438
-2.165904 5.953087 -5.770000
-1.696619 4.489913 -4.890555
-1.688295 4.487128 -4.886192
-2.165570 5.970035 -5.774594
-0.715908 6.635809 -9.392246
0.176306 10.964941 -7.656228
-1.757381 4.579842 -4.978498
-0.936362 6.460237 -8.872863
-1.172663 5.427988 -10.073015
-0.939431 6.480200 -8.901836
0.892035 5.847358 -12.215661
-2.591018 4.792340 -5.928916
-2.004119 6.607029 -5.572199
-0.809786 5.365781 -9.632959
-0.228485 6.436335 -9.767968
-0.274408 6.502853 -9.939351
-6.409880 12.643556 -13.812956
-0.809109 5.725018 -10.122466
-0.941166 8.785222 -7.459828
-0.106236 8.213077 -9.808358
-1.469145 7.846226 -6.464431
-0.870085 9.312838 -7.830417
-2.019739 6.662517 -5.608641
-0.751202 6.698131 -9.468585
-1.491024 7.787651 -6.441507
-0.956372 6.741934 -9.195596
0.038147 11.407755 -8.039881
-2.170797 5.510060 -5.867060
-0.720381 6.504862 -9.260693
-0.902812 5.698974 -10.130269
0.416134 10.896530 -8.158200
0.010604 7.569164 -9.288663
-0.936181 8.848143 -8.733672
-0.851894 6.448158 -8.717857
-0.114980 8.274109 -9.910071
-0.292527 1.615039 -2.996562
-1.484652 3.933063 -5.063730
-0.915420 8.807956 -7.480321
-1.022606 6.529810 -9.024465
-0.595377 6.379279 -9.129349
0.660636 7.970875 -9.782937
-0.857838 9.130744 -7.719303
-0.023186 7.523659 -9.232032
-0.890339 5.539483 -9.341507
0.051403 11.415177 -8.047401
-2.129044 5.458763 -5.814508
0.216865 7.831757 -9.688474
-0.287826 1.606707 -2.994339
-0.164327 7.653353 -9.302249
-0.452986 6.737550 -9.610461
-0.742381 6.933844 -9.700791
-0.680892 6.711069 -9.619488
-1.224210 7.740904 -7.475766
-0.631218 6.365065 -9.113988
-0.945159 5.667964 -9.697450
0.451106 11.005730 -8.219236
-0.941393 5.615576 -9.637278
-0.386702 6.636026 -9.400957
0.135926 6.686354 -10.244731
-0.481533 9.682145 -7.514800
-0.614006 6.539646 -9.387355
-2.265208 6.460239 -6.295753
-0.554975 1.311499 -3.163854
-0.891693 5.736006 -10.172076
3.063852 -12.046506 6.171216
1.056535 10.282890 -9.390938
0.997960 -3.482779 1.467145
-0.546692 8.987902 -7.720291
-0.276310 7.147985 -9.011040
0.396301 10.854053 -8.158471
-1.000317 6.515048 -8.908485
-1.398165 3.294663 -4.047133
-1.444241 7.824563 -6.464104
2.306420 -9.051536 7.694263
-1.748976 5.047316 -5.743712
0.400449 11.269028 -8.455000
0.415082 10.836453 -8.172682
2.936309 -6.569684 3.740831
-0.654730 6.474766 -9.233006
0.550955 8.053735 -9.717214
0.337011 7.581070 -9.205992
-0.575078 6.469748 -9.208176
-0.778970 8.813367 -7.511077
0.165012 4.349119 -7.466745
1.418256 -5.254478 2.189269
-2.332662 6.625420 -6.444932
0.428983 10.871637 -8.266520
-0.179566 1.727137 -3.208708
-0.831309 8.978183 -7.615004
0.200841 11.093049 -7.697504
-0.295052 6.385311 -9.812875
-0.119745 7.383712 -8.815193
-0.793752 7.011874 -9.573182
-0.022058 9.888088 -8.601555
0.153446 11.048908 -7.663834
-0.240959 4.371583 -6.360865
0.208364 11.012258 -7.633334
-1.463613 7.953912 -6.554443
0.043921 11.659252 -8.205980
0.963108 10.028868 -9.263760
-0.810048 8.015350 -6.962275
-1.128768 5.839396 -9.869214
-0.454865 1.032073 -3.781962
-1.175765 7.373728 -7.208054
-0.632195 6.704916 -9.554154
1.025892 -3.519982 1.534763
-0.588672 7.017958 -9.394984
0.448150 10.630443 -8.118853
0.529443 7.993838 -9.665368
-0.825064 5.625200 -9.977057
-0.612143 6.382289 -9.136575
0.695843 4.584093 -10.049753
-0.898686 5.812290 -10.284432
0.330465 7.793895 -10.081754
0.963064 10.003358 -9.233831
-1.942167 8.111025 -5.598878
0.276298 11.263513 -8.545400
0.452889 10.808951 -8.241803
0.454169 -1.970282 0.086541
0.387182 -2.604001 0.319406
-0.268259 1.853394 -3.429921
-0.167703 7.738613 -9.402069
0.742427 7.934577 -9.587772
0.700977 5.050322 -11.120069
-0.804804 8.708476 -7.440160
0.210103 10.883084 -7.544855
-1.447350 7.892025 -6.465411
-0.553396 5.684389 -5.488767
-0.880416 8.152762 -8.098872
0.846309 -3.399424 1.684701
0.185627 7.694175 -9.620996
0.888998 -2.912868 1.521016
0.454994 -5.054233 2.437799
0.442972 10.798538 -8.191294
0.441020 10.525450 -8.057367
0.674137 7.885080 -9.655083
-1.082543 5.627059 -9.604110
-0.974496 5.020429 -9.285993
0.071280 6.243549 -10.512634
0.271031 11.247830 -8.546632
-3.645153 10.060424 -9.543390
0.457318 10.996343 -8.209215
-0.029371 7.855973 -9.565126
-2.612801 4.566635 -6.165743
-2.551522 4.579684 -6.204817
-0.232635 6.158568 -9.418451
-2.571485 14.281508 -13.011140
-1.620226 -9.929381 11.845399
-0.322072 -6.229221 5.795649
-2.472679 13.693331 -12.550312
-0.373108 -6.268770 5.929993
-1.697702 -6.010408 6.479597
0.109706 3.766204 -6.855500
-1.421051 2.508159 -3.871096
-0.371337 -4.023319 2.431718
-0.740090 0.671366 -3.092604
-0.606474 2.525940 -4.174876
-0.472815 -6.503983 5.651543
-0.212912 1.700888 -3.560557
-0.246690 0.848147 -2.209981
-0.653308 -0.440526 -2.767975
-0.573020 -0.445367 -2.852251
-1.001220 -0.436486 -3.842495
-0.586794 -0.606582 -2.703797
-0.554397 -0.433782 -2.836324
-0.644873 -0.419811 -2.781188
-0.472012 -0.477908 -2.900549
-0.586970 -0.599413 -2.703534
-0.397372 -0.461542 -2.983886
-0.622391 0.407375 -3.186293
-0.554982 -0.434187 -2.842706
-0.884475 0.091343 -2.757633
-0.896106 -0.562953 -4.068663
-0.469747 -0.230300 -3.034148
-0.465211 -0.479137 -2.903514
-0.542835 -0.435458 -2.869560
-0.513846 -0.451196 -2.855369
-0.393633 -0.467391 -2.968915
-0.063041 -0.755898 -2.974357
-0.646072 -0.420174 -2.775733
-0.803814 -0.080420 -2.831492
-0.995008 0.081639 -3.843876
-0.671515 -0.226219 -4.880769
-0.168896 -0.438000 -3.163624
-0.518843 -0.136459 -2.289929
-0.298733 -0.767629 -4.482978
-0.170560 -0.450066 -3.190061
-0.593114 -0.449609 -2.828942
-0.892767 0.076802 -2.771917
-0.471089 -0.484585 -2.906977
-0.674076 -0.216103 -4.892158
-0.744022 0.103536 -2.942556
-0.462861 -0.499726 -2.905597
-0.499764 -0.204840 -3.036746
-0.480277 -0.232955 -3.034577
-0.393287 0.141094 -3.301198
-0.708154 0.057787 -2.551370
-0.242302 -0.257977 -2.775878
-0.561902 -0.413746 -2.846085
-0.542107 -0.635623 -2.686896
-0.520474 -0.221105 -3.017605
-0.440226 0.236127 -1.624145
-0.468256 -0.472875 -2.878029
-0.504064 -2.087826 -7.439388
-0.619912 0.382344 -3.164360
-0.724340 0.050781 -2.592590
-0.552133 -0.370774 -2.866587
-0.430744 -0.217757 -3.081108
-0.342898 -1.110522 -3.907644
-0.079040 -0.749609 -2.967713
-1.228894 -3.043458 -11.206027
-0.529759 -0.625391 -2.695888
-0.351847 0.126328 -3.322602
-0.467593 -0.475166 -2.900230
-0.450653 -0.671977 -4.442972
-0.463782 -0.476461 -2.900466
-0.475242 -0.488914 -2.869564
-0.453897 -0.486514 -2.897809
-0.169400 -0.443671 -3.178732
-0.443321 -0.182558 -3.079985
-0.380753 -0.626346 -2.887304
-0.376334 -0.217086 -3.109060
-0.728642 0.117765 -2.955980
-0.665417 -0.231779 -4.893756
-0.218696 -0.069431 -1.694374
-0.474264 -0.483705 -2.907552
-0.491850 -0.248082 -3.014503
-0.387971 -0.409568 -3.197814
-0.455282 -0.266358 -3.063628
-0.540923 -0.319362 -2.942209
-1.151181 -0.552957 -5.414899
-0.368604 -0.530382 -2.937534
-0.393780 -0.464343 -2.980225
-0.526533 -0.426186 -2.867461
-0.534343 -0.336235 -2.917352
-0.376747 -0.623321 -2.874667
-0.528465 -0.265509 -3.003896
-0.472272 -0.479475 -2.868575
-0.494705 -0.386372 -2.710976
-0.236606 -0.755098 -2.890897
-0.504101 -0.254733 -2.988251
-0.745626 0.126179 -2.905159
-0.549491 -0.418760 -2.882063
-0.455772 -0.120576 -2.206976
-0.350659 -0.526904 -2.955419
-0.046119 -0.752307 -3.051521
-0.517464 -0.217657 -3.015259
-0.704616 0.238553 -3.038116
-0.184405 -0.252495 -1.905205
-0.266556 -0.540991 -3.036208
-0.393414 0.205067 -3.330398
-0.385792 0.147748 -3.308395
-0.220559 -0.735545 -2.885553
-0.062793 -1.581344 -4.267321
-0.586635 0.119293 -3.115395
-0.018132 -0.734192 -2.478717
-0.743332 0.129274 -3.004723
-1.477341 -3.274570 -11.472164
0.437952 2.453191 8.908252
-0.463103 -0.480165 -2.924585
-0.277178 -0.435082 -3.716258
-0.746633 0.102748 -2.956866
-0.714450 -0.224915 -4.122703
-0.698679 -0.061320 -2.912591
-0.456526 -0.460489 -2.922255
-0.204108 -1.057963 -3.379256
-0.371647 -0.017396 -2.195553
-0.192337 -1.240387 -3.669545
-0.099317 -0.740114 -2.970899
-0.465468 -0.473639 -2.889216
-0.466428 -0.477401 -2.906997
-0.263030 -0.376863 -3.148439
-0.711248 0.236523 -3.009748
-0.459044 -0.463249 -2.891964
-0.698129 0.215584 -3.031499
-0.249399 -0.214693 -2.810225
-0.283544 -0.486046 -3.670200
-0.384357 -0.306704 -3.098719
-0.558285 -0.403014 -2.833809
-0.736279 0.135240 -2.986970
-0.530567 -0.632300 -2.683077
-0.293625 -0.424390 -3.078230
-0.677127 -0.208632 -3.319420
-0.503613 0.078894 -3.163204
-0.294117 -0.426270 -3.070770
-0.392441 -0.306648 -3.097950
-0.808098 -0.739870 -7.227578
-1.322086 -0.507611 -4.547362
-0.448465 -0.177173 -3.097708
0.031266 -0.769508 -3.074249
-1.245171 -3.088926 -11.386033
-0.220567 -0.740213 -2.887440
-0.348800 0.135057 -3.306100
-1.304436 -2.571249 -11.222517
-0.502965 0.079258 -3.182585
-0.267089 -0.372421 -3.145965
-0.308644 -0.243152 -2.752259
-0.227385 -0.740651 -2.888525
-0.485395 -0.229296 -3.204128
-1.063503 -0.745659 -5.799522
-0.460149 -0.267688 -3.083204
-0.540441 -0.318012 -2.929167
-0.181522 -0.385890 -2.048988
-0.173125 -0.384237 -2.042469
-0.294276 -0.424989 -3.080713
-0.282179 -0.307502 -3.163138
-0.220430 -0.758906 -2.891510
-0.243305 -0.163044 -1.895425
-0.386340 0.204883 -3.318348
-0.539441 -0.327483 -2.942997
-0.940911 0.533458 -5.604613
0.620920 -0.827553 -6.638154
-0.896122 0.492573 -4.319041
-0.877540 0.510582 -4.227627
0.699041 -0.773512 -6.431272
0.678731 -0.782966 -6.500279
0.613671 -0.776171 -6.421230
0.657411 -0.787846 -6.402902
0.689386 -0.756553 -6.361170
0.627766 -0.780921 -6.342751
-0.393732 -0.285894 -15.031276
0.737887 -0.774399 -6.313202
-0.894922 0.485162 -4.314779
0.635382 -0.784923 -6.385726
0.584508 -0.780121 -6.441991
-1.124816 -0.056724 -18.289697
-0.398558 -0.286711 -14.800155
0.616981 -0.744704 -6.312130
-0.972910 0.488631 -5.669136
-0.073037 -0.157576 2.162132
0.746428 -0.726380 -6.112665
-1.104103 0.004072 -16.859195
0.723824 -0.735757 -6.134201
0.492620 -2.155386 8.038212
-0.314128 -0.205591 -13.942097
0.067517 -0.024244 -11.516967
0.749731 -0.732214 -6.127297
-0.389633 -0.351683 -14.517584
-0.358574 0.016748 -2.707479
0.520019 -0.042657 -9.571349
-0.616915 0.568375 -3.569067
0.134734 -0.346325 3.759903
-1.103862 -0.033762 -18.233307
-0.053502 -1.004500 -12.392561
-0.337942 0.110598 -2.452848
-0.004408 -0.433955 2.380198
0.353219 -0.880904 -7.446582
0.884027 -0.987231 -7.988956
0.643925 -0.882874 -7.605629
-0.103395 -0.464822 2.695953
0.569695 0.868474 -8.828575
0.870082 -0.914064 -7.744449
0.381128 -0.880842 -7.422399
-1.388837 2.240447 -8.389146
-0.155483 1.203105 -12.983986
0.382378 -0.875659 -7.389650
0.360518 -0.993754 -7.756462
0.876550 -0.953206 -8.009019
0.712824 1.394204 -7.773106
0.131859 -0.395371 3.011793
-0.368682 0.309644 -5.633480
0.358529 -0.936106 -7.564843
-0.587079 -0.244030 2.434088
-0.265740 -0.522566 5.029159
-0.156645 -1.031501 -12.926735
-0.971261 -0.046863 -17.526124
-0.254887 -0.250660 -13.583773
-0.531334 0.673957 -3.845312
0.218133 0.055256 -6.055508
-0.234171 -0.246171 -3.644077
0.082060 -0.890112 -11.753497
0.509583 -0.533033 -9.315132
0.713617 -0.732186 -6.085481
-0.156427 1.212747 -13.083940
-1.129491 -1.971312 -19.075016
-0.931551 0.023143 -17.190295
0.646144 0.946240 -8.790799
0.718727 0.145102 -8.288915
0.625785 -0.805530 -6.857389
0.444674 -0.875782 -7.365073
0.270314 2.572713 -9.999649
-0.250294 1.310434 -13.357706
-0.569563 1.559871 -14.968912
0.557520 0.218657 -9.545970
0.689412 1.485442 -7.591141
0.825484 -0.946307 -7.999095
0.008136 -0.728718 4.356721
-1.470696 3.451610 -11.728918
-0.631033 1.330260 -15.463170
-0.301328 -0.206157 -13.523299
0.164785 -0.053529 -6.321876
-0.310634 0.558869 -3.833298
-0.818204 0.018491 -17.779330
-0.328248 -0.323931 -15.056058
-0.354462 1.554743 -14.428384
0.688092 1.484800 -7.557834
0.424127 0.150126 -9.444409
0.560227 0.219773 -9.544041
0.376512 -0.923896 -7.463656
-0.559433 0.824363 -11.007648
-0.679918 0.123333 1.286910
0.047783 -0.134776 -8.683257
1.321933 -1.427064 -7.178932
-0.067652 0.442610 -3.334457
0.709302 0.155327 -8.213662
-0.536942 1.594430 -15.011256
-0.258688 -0.264433 -13.887367
0.273225 2.595779 -9.974882
0.569192 0.754145 -9.202429
0.380579 -0.951698 -7.790359
-0.209103 -0.256209 -3.369760
-0.138176 1.065450 -12.104811
-0.579073 -1.259858 7.733654
-0.256853 -0.255552 -13.740793
0.768601 -0.728577 -6.109372
0.579420 1.053295 -8.793270
-0.434033 0.450014 -3.170054
0.538237 0.399785 -9.226023
0.807348 -0.977250 -8.021114
0.405876 2.348767 -9.280649
0.108958 -0.443558 -11.384207
0.433405 0.182607 -9.676440
0.703513 0.147447 -8.200028
-0.781044 0.799617 -16.917137
-0.522838 1.538296 -14.805571
-0.827864 0.788225 -17.741491
0.510997 -0.290562 -9.532298
0.769960 -0.741082 -6.132535
0.797206 -0.751880 -6.203627
-3.036215 3.423380 -6.103789
-2.944513 3.405524 -6.024235
-1.906464 1.654714 -5.564143
-1.014376 0.477697 -2.767748
-2.924604 3.378239 -5.990547
-1.566973 0.811341 -5.312721
-0.677469 1.366553 -4.773490
-1.420775 1.492360 -5.274657
-1.545121 1.532137 -5.379508
-0.526413 0.336338 -5.020201
-0.497046 1.167484 -4.677823
-0.708980 0.554047 -5.221144
-2.971979 3.311859 -6.021297
-1.172636 1.985135 -5.048456
-1.553411 1.477289 -5.345432
-1.536877 1.545547 -5.354759
-1.612158 1.050153 -5.402723
-0.211929 0.454797 -4.739975
-1.604219 1.053398 -5.388242
-1.205881 1.947815 -5.082738
-1.497250 1.519968 -5.373169
-0.314753 0.472991 -4.816815
-1.941582 1.690876 -5.624942
-0.577510 0.346411 -5.061342
-1.303448 2.690049 -4.949547
-0.751221 0.568120 -5.209922
-0.820869 2.569314 -4.557100
-1.403657 0.926941 -5.208681
-0.683461 1.023637 -4.773789
-0.735235 1.294508 -4.799217
-1.340023 2.737173 -4.993051
-0.751751 0.571696 -5.218098
-1.523211 1.493497 -5.319625
-1.255823 1.337934 -5.244949
-0.690131 1.180059 -4.832614
-1.586920 0.839253 -5.377303
-1.065965 0.914175 -5.067901
-1.602265 1.039762 -5.367857
-1.219579 1.278234 -5.118624
-1.576485 1.534619 -5.440430
-1.392465 0.932759 -5.223160
-0.284669 0.489434 -4.799234
-0.678466 1.498733 -4.771436
-2.925935 3.416711 -6.016438
-0.999955 1.689620 -4.940252
-0.503298 0.326692 -4.967463
-0.733324 0.917843 -4.849220
-0.724392 0.553649 -5.175588
-0.437667 0.527157 -5.001232
-0.249281 0.477505 -4.762469
-0.745647 1.713052 -4.761209
-1.052582 1.233169 -5.042901
-0.361836 0.496462 -4.884236
-1.143895 1.774047 -5.023158
-1.436796 1.509013 -5.293428
-1.406150 2.076398 -5.180655
-0.292493 0.456551 -4.751461
-1.015279 0.479446 -2.768092
-0.544975 0.688169 -3.863184
-2.923152 3.393182 -5.942645
-0.589287 0.695729 -3.852868
-1.587088 1.674551 -5.398717
-2.550325 3.023010 -5.871840
-0.888096 2.192078 -6.861284
-3.056180 3.466784 -6.161320
-1.878195 1.700488 -5.511215
-1.009053 1.275981 -5.017143
-3.133761 4.438250 -6.112581
-0.350533 0.466091 -4.766783
-0.710134 0.584591 -5.275794
-1.010135 1.270420 -5.019891
-1.258424 1.284370 -5.202977
-1.444683 0.922629 -5.255285
-1.382056 1.950369 -5.195674
-0.713877 0.575408 -5.275480
-1.181977 1.298615 -5.127813
-1.397199 1.988240 -5.234530
-1.312341 2.018076 -5.153490
-1.442650 0.899732 -5.207028
-1.080863 0.917546 -5.053599
-0.357869 0.518063 -4.931202
-1.052100 0.902740 -5.050165
-1.407721 2.051112 -5.226137
-1.521197 1.508923 -5.300497
-0.922679 0.934748 -4.992969
-0.970847 0.903596 -4.977760
-1.320505 1.989346 -5.215025
-0.646161 1.676276 -4.678709
-0.964060 1.092018 -5.004570
-0.701485 0.943702 -4.863528
-0.123579 0.318921 -4.636068
-1.462113 1.757329 -5.301085
-0.922364 2.550061 -4.628966
-0.927291 1.744915 -4.900158
-1.157850 1.952713 -5.000354
-0.337231 0.502269 -4.869703
-0.442530 0.512091 -4.977776
-1.208367 1.308190 -5.172203
-0.527511 0.336380 -5.017600
-0.955502 1.037416 -4.960037
-0.305739 0.486716 -4.816381
-0.644887 1.673889 -4.672871
-0.486722 1.173073 -4.653830
-0.498490 0.325509 -4.970699
-0.688991 0.976893 -4.831649
-0.648541 1.705232 -4.690322
-0.499554 0.328919 -4.971264
-2.624803 3.734479 -5.727646
-1.028511 0.476669 -2.783355
-1.422438 2.096243 -5.222977
-1.596606 1.629339 -5.372400
-0.953419 2.570325 -4.693851
-0.659401 0.990454 -4.803842
-1.111351 1.895931 -5.018927
-0.995775 1.831422 -4.935317
-0.255639 0.485958 -4.768989
-0.304939 0.495619 -4.835517
-0.363123 0.490466 -4.921659
-0.494352 1.153469 -4.663791
-1.249361 1.270564 -5.149946
-0.685621 1.031368 -4.833532
-1.482242 3.442982 -4.826816
-0.838681 2.496433 -4.616427
-0.281290 0.474913 -4.783071
-0.897326 2.571176 -4.614633
-0.687373 1.381317 -4.794488
-1.293980 1.990236 -5.134953
-0.969524 1.066145 -4.967917
-1.155854 1.768143 -5.044677
-0.964461 2.605600 -4.674506
-0.514695 0.901039 -3.780677
-1.441785 1.746515 -5.227859
-1.463821 3.390080 -4.828427
-0.856625 2.520569 -4.642258
-0.999525 1.685967 -4.974178
-0.384374 0.521296 -4.957383
1.069307 -2.700213 2.065044
-0.192122 0.454999 -4.722183
-1.262333 1.284795 -5.195842
-1.064105 1.249853 -5.078589
-1.930255 1.667839 -5.588803
-0.956202 2.576300 -7.032974
0.720329 -2.388610 1.406144
-0.959683 2.569286 -4.707511
-0.780790 1.687659 -4.792947
-0.940796 1.864263 -4.893682
-0.510843 0.510941 -4.980595
-2.214385 2.901611 -5.625808
-1.419052 0.900633 -5.195520
-8.081240 7.726639 -15.842263
-2.988569 2.942185 -12.394266
-3.864189 1.720283 -13.854299
-7.368864 5.974360 -16.726211
-5.205423 0.615882 -15.696241
-5.613887 2.536168 -16.271033
-4.123039 1.819557 -14.271035
-5.422990 -0.017755 -15.958606
-3.285180 2.737168 -13.160405
-4.166719 1.849869 -14.435917
-5.316857 0.655783 -15.973225
-4.378026 1.937530 -15.029531
-3.335901 2.847855 -12.990985
-6.886254 5.828165 -16.053360
-4.318793 1.779960 -14.578994
-3.168789 1.376273 -13.431327
-3.301414 1.433644 -13.876548
-5.201269 0.635541 -15.665367
-5.555997 2.229166 -15.693116
-4.256453 0.353968 -14.416531
-2.398655 0.409429 -12.535507
-3.738828 1.796051 -13.873479
-4.819851 4.558497 -13.978327
-7.138530 6.123087 -16.459954
-3.155058 2.917151 -12.716385
-4.462657 0.398969 -15.032116
-4.760315 5.505506 -12.956997
-2.257699 0.401208 -12.388533
-4.044680 1.887675 -14.483865
-3.162486 4.240049 -11.565003
-4.176194 1.761861 -14.226755
-3.126261 2.654629 -12.740732
-4.751946 0.368639 -15.422328
-3.031960 1.344329 -13.306067
-3.118727 1.385370 -13.245941
-2.421888 2.403436 -12.103814
-2.046846 0.919423 -12.132889
-4.572959 5.272789 -12.491131
-1.139739 0.198473 -3.455640
-4.414972 1.832552 -14.878030
-4.870599 4.712435 -14.141236
-2.971798 1.202750 -12.916294
-4.298124 2.129196 -14.327289
-2.747193 2.866838 -12.441934
-4.281859 1.977605 -14.813335
-5.274553 1.848224 -14.857624
-4.306793 5.160042 -12.122217
-5.102355 0.646135 -15.567999
-3.562374 2.341624 -13.517838
-3.172706 1.487983 -13.491833
-2.428944 0.441956 -12.666673
-2.623096 0.403141 -12.983738
-3.596455 2.394188 -13.801038
-2.678400 4.238665 -10.735233
-3.351262 1.311418 -13.634524
-1.174631 0.162978 -3.486819
-3.003003 2.707665 -12.565765
-2.287533 0.509654 -12.303028
-8.056016 7.721453 -15.807898
-2.809460 1.218934 -13.012089
-2.584917 0.388221 -12.867835
-2.349678 2.379147 -11.915475
-2.419046 2.406230 -12.095316
-4.053362 1.956871 -14.257779
-2.329090 0.590158 -12.781510
-2.985428 2.838089 -12.750826
-4.575342 5.331418 -12.503411
-3.426187 2.287350 -13.111645
-2.734898 1.182945 -12.719027
-2.914916 0.348487 -12.839605
-2.369104 0.817955 -12.472065
-4.701456 4.451050 -13.676652
-4.668016 4.529993 -13.634193
-4.165616 5.002279 -11.813832
-3.165470 4.237824 -11.516844
-3.108446 2.612564 -12.623135
-4.677690 5.480855 -12.810905
-2.459000 1.307948 -12.765738
-2.457164 1.274322 -12.738042
-4.681870 0.340949 -15.228628
-4.876868 4.671441 -14.100148
-5.103786 0.650917 -15.570245
-4.717534 4.472219 -13.724491
-2.361568 0.810601 -12.428859
-2.995122 2.994107 -12.523588
-2.479050 2.685612 -11.749869
-5.729264 2.276916 -16.131471
-2.392868 0.724449 -12.458653
-4.825587 4.618963 -13.953494
-3.990833 1.845046 -13.930621
-0.495743 -0.522932 -2.250224
-2.614633 0.375539 -12.954383
-4.394455 2.212242 -14.876658
-2.993005 2.859231 -12.559685
-5.244595 0.680831 -15.997403
1.008684 0.904535 13.017668
-3.475935 2.423449 -13.261725
-2.356525 2.338266 -11.853241
-2.290221 0.409324 -12.546171
-4.163945 5.080410 -11.891094
-2.504432 2.449539 -12.429119
-6.746900 5.988334 -16.123651
-4.464216 5.131008 -12.207944
-6.576139 5.749353 -15.560191
-2.416800 2.656984 -11.897857
-2.405859 0.883466 -12.422691
-4.741686 5.639422 -12.852492
-2.748761 2.511766 -12.133756
2.045719 -3.345075 5.556303
-3.443947 5.247672 -10.933499
-5.103460 0.590686 -15.379017
-2.254364 0.492149 -12.214621
-3.204224 1.200619 -13.113539
-0.691343 -0.703351 -3.797823
-2.209768 2.144686 -12.015988
-4.571252 4.267677 -13.295387
-2.648983 2.737584 -11.937932
-2.384399 0.712636 -12.479727
-2.534598 1.169910 -12.583766
-3.646584 2.346866 -13.694949
-2.232193 1.261967 -9.461247
-3.311219 1.408428 -13.658544
-2.256192 0.934691 -12.391552
-0.381699 -0.477622 -2.418115
-2.997301 2.956815 -12.478566
-2.379274 0.773957 -12.332253
-2.304290 1.080467 -12.365314
-3.116065 2.226569 -12.820379
-3.038168 2.749515 -12.666636
-2.503717 2.275536 -7.207382
-3.973838 1.898026 -14.086523
-3.085066 1.348023 -13.127159
-2.474095 4.586380 -9.874452
-2.470456 0.736121 -12.709460
-3.037393 1.287997 -13.126873
-3.540681 5.292371 -11.041757
-0.845978 0.327955 -3.529152
-2.645341 1.223254 -12.963450
1.134959 0.919032 13.567577
-3.180929 1.357116 -13.688998
-4.070643 1.945799 -14.374549
-4.711451 1.884844 -15.200991
-1.075966 -1.331757 -10.550849
-3.369753 0.538903 -4.699699
-5.550539 1.116580 -6.828084
-6.025072 2.954601 -8.001534
-6.159138 1.279796 -7.006765
-6.564080 4.047424 -8.766396
-4.529118 0.694798 -7.319332
-3.367475 1.103334 -7.962009
-3.459644 1.145194 -8.164483
-7.116044 3.301436 -7.977582
-2.991978 0.255149 -7.446924
-2.909250 1.010780 -7.984610
-3.437078 1.129483 -8.100368
-3.039928 -0.054701 -7.335359
-7.248074 3.342714 -9.154700
-4.574196 3.260351 -9.101259
-6.842150 3.284498 -8.097010
-3.475010 1.140977 -8.187804
-5.163462 0.546721 -6.693184
-4.842869 1.527585 -8.165433
-3.067621 1.014292 -8.141607
-2.898996 1.061437 -8.009320
-5.698108 0.503319 -6.621479
-5.257775 2.308180 -7.129949
-2.760419 1.072195 -8.043050
-2.998347 0.299515 -7.476600
-2.819608 1.960622 -8.720359
-7.200439 3.311404 -9.095698
-2.458360 0.894763 -7.954772
-7.040411 3.110759 -7.746793
-2.916357 1.079035 -8.066198
-1.860472 0.992448 -3.576233
-3.455237 1.099135 -8.117775
-7.256442 3.327537 -7.944599
-3.339278 1.057801 -7.935803
-2.494567 0.866219 -8.019050
-3.450509 1.083099 -8.112220
-2.884352 1.162866 -8.150804
-2.543738 0.800571 -7.948716
-2.907670 1.010224 -7.985295
-2.898912 1.098612 -8.028997
-5.193698 0.756157 -6.739573
-5.174050 0.749606 -6.698346
-5.297898 0.737447 -6.893706
-2.974486 0.259842 -7.431518
-2.700064 1.908488 -8.454804
-3.017557 1.225848 -8.220799
-5.402785 0.646591 -7.025714
-5.366067 0.742429 -6.960258
-6.235556 2.401534 -8.006469
-4.490305 3.186792 -8.964573
-4.267613 3.082828 -9.071694
-2.753774 1.603553 -8.356631
-2.826735 1.485962 -8.340078
-3.002258 0.311943 -7.450272
-2.877795 1.158449 -8.140550
-4.112786 2.973007 -9.029033
-3.287002 1.024281 -7.872783
-2.814589 1.636241 -8.398849
-5.365307 0.172221 -6.343937
-2.462662 0.878452 -7.940701
-7.007014 3.095255 -7.853998
-7.085659 3.136000 -7.785448
-5.558266 0.814308 -6.913562
-6.198857 2.388512 -7.962638
-3.007953 -0.080771 -7.265297
-2.958940 1.087620 -8.179638
-6.802820 4.231752 -8.923778
-2.830777 1.540831 -8.405804
-5.434493 0.833553 -6.770157
-2.280166 -0.949605 -7.663746
-2.811706 1.032643 -7.985449
-2.225196 0.831530 -7.966859
-2.811285 1.624210 -8.390933
-2.371148 0.752604 -7.737144
-2.455521 1.093156 -8.116520
-3.655589 0.733594 -4.598130
-2.784873 1.550126 -8.324915
-2.821821 1.647484 -8.510998
-0.944054 0.266784 -2.847107
-5.680360 0.900579 -6.804327
-6.138410 2.503060 -7.940185
-3.402393 1.065460 -7.980777
-5.001044 1.420351 -7.667844
-2.801971 1.592584 -8.427509
-2.348130 1.028533 -7.968803
-6.971153 3.042486 -7.814218
-2.869147 0.127480 -7.505239
-2.871144 1.204978 -8.008776
-2.814368 0.166631 -7.561382
-5.807217 0.731654 -6.633085
-7.737909 4.038535 -8.144409
-7.003171 3.008861 -7.756478
-0.798667 0.388729 -2.484949
-3.057995 0.334824 -7.579116
-2.734661 1.990417 -8.696779
-0.875547 0.629118 -2.381629
-7.127280 3.307877 -7.980726
-2.253612 2.064304 -7.004283
-6.345554 2.991889 -8.195607
-4.171065 3.049101 -9.169334
-6.678901 2.382672 -7.549083
-5.731516 0.907982 -6.844033
-6.350759 3.000319 -8.205333
-3.776831 3.219966 -9.197054
-5.011544 0.553267 -6.535229
-3.413362 0.979236 -7.945322
-2.954495 1.156249 -8.142528
-3.085509 0.996415 -8.089914
-6.578347 1.996108 -7.238355
-6.099126 2.499146 -7.906702
-6.976345 2.981704 -7.717782
-3.809170 3.171469 -9.255019
-2.820481 1.128365 -8.233338
-4.128812 3.030737 -9.103490
-2.993225 0.287998 -7.514267
-2.562775 0.811672 -7.980766
-4.520378 3.458984 -9.275239
-7.387909 3.357842 -9.331641
-2.549099 0.806546 -7.963555
-5.324119 0.733662 -6.914243
-3.803458 3.201577 -9.241638
-2.669972 1.145693 -8.051257
-4.885529 1.564693 -8.182845
-4.098179 3.002010 -9.133933
-4.019141 -1.726050 -6.101196
-5.864233 0.861880 -6.688298
-1.172408 -0.355841 -3.201460
-2.998718 0.287892 -7.449934
-4.564913 3.271954 -9.090365
-1.135954 -0.715728 -4.094532
-6.149415 2.488650 -7.950993
-5.495798 0.810539 -6.880808
-4.818600 0.488569 -6.274519
-6.282153 2.425014 -8.060908
-7.268242 2.673263 -17.715360
-3.016770 0.275574 -7.532360
-7.279629 3.347253 -9.224056
-5.684581 0.478426 -6.608687
-5.556593 0.824591 -6.917158
-3.107530 1.026273 -8.102414
-0.802360 0.661906 -2.359832
-2.751162 1.642406 -8.374969
-1.257500 0.741762 -2.707956
-2.734510 1.949757 -8.663965
-2.876215 1.130573 -8.117043
-7.711659 4.420972 -8.357305
-2.313670 -0.964521 -7.743505
-4.940432 0.542674 -6.476165
-2.580387 -0.922980 -3.080335
-1.664569 -0.686575 -3.959060
-1.855523 -0.861577 -3.755481
-2.585470 -0.924162 -3.084393
-2.640382 -0.877167 -2.997655
-1.860085 -0.885588 -3.725880
-2.582339 -0.856603 -2.941223
-1.860475 -0.889702 -3.733182
-1.850458 -0.877760 -3.747153
-1.852059 -0.916374 -3.709599
-1.700922 -0.864534 -3.842843
-1.843471 -0.859561 -3.741839
-1.850648 -1.729503 -2.694204
-1.683248 -0.824989 -3.886492
-1.857429 -0.889755 -3.724738
-2.365210 -1.047769 -3.065751
-1.696067 -0.847611 -3.854400
-1.704777 -0.820551 -3.862718
-1.708277 -1.162334 -3.595291
-1.662483 -0.686409 -3.954788
-1.816035 -1.805810 -2.608620
-1.854281 -0.862442 -3.746460
-1.842238 -0.878195 -3.736039
-1.842224 -0.854898 -3.741497
-1.699591 -0.836798 -3.857798
-1.841830 -0.870007 -3.726002
-2.354917 -1.039523 -3.061513
-1.709290 -0.869877 -3.864145
-1.695087 -0.845925 -3.857177
-1.726401 -1.185653 -3.594161
-2.435578 -1.046661 -3.069129
-1.669874 -0.674394 -3.972671
-1.716054 -1.164135 -3.627716
-1.728590 -1.183772 -3.601978
-1.690718 -1.277194 -3.498466
-1.727406 -0.881227 -3.796499
-1.685803 -0.846860 -3.860582
-2.517736 -1.071967 -2.843264
-1.682162 -1.289971 -3.476097
-1.729103 -1.149554 -3.625429
-2.367238 -1.046014 -3.070562
-2.348948 -1.036860 -3.054904
-1.865614 -0.891616 -3.743214
-1.861143 -0.878427 -3.740184
-1.712145 -1.170540 -3.609948
-1.124350 -2.851118 -3.107653
-1.698785 -0.848784 -3.866149
-2.650993 -1.026827 -3.161815
-1.698976 -0.847636 -3.866970
-2.593580 -1.029184 -2.782253
-2.634551 -1.020869 -3.142830
-1.679371 -0.812381 -3.881747
-2.416027 -1.025776 -3.014493
-1.752065 -0.814434 -3.892899
-1.655953 -1.225473 -3.609423
-1.635769 -1.218547 -3.608972
-2.252695 -0.359753 -3.000885
-2.509016 -1.107971 -2.861099
-1.845895 -0.898285 -3.704482
-1.637884 -0.807916 -3.942787
-1.862837 -1.731456 -2.711915
-2.437010 -1.092637 -3.020461
-1.823821 -1.813875 -2.609272
-1.693655 -1.300752 -3.491224
-1.771075 -1.732074 -2.749270
-1.860065 -0.899697 -3.726893
-2.669798 -0.865117 -2.991313
-1.650909 -0.682794 -3.973175
-1.645498 -1.215679 -3.633615
-1.700133 -1.275129 -3.522382
-1.679299 -0.831022 -3.871803
-1.636037 -1.199265 -3.632446
-1.689193 -0.829651 -3.895134
-2.555181 -1.098600 -2.750235
-1.641333 -1.213546 -3.611622
-1.630943 -1.205373 -3.618646
-1.744727 -0.889525 -3.818796
-2.437275 -1.090844 -3.023612
-2.425634 -1.014766 -3.019886
-1.652670 -1.221112 -3.604905
-1.646092 -1.188632 -3.653230
-1.682281 -0.530680 -3.109297
-1.761175 -0.885143 -3.811613
-1.770003 -1.723255 -2.764558
-1.183477 -2.889940 -2.951914
-1.733617 -0.882965 -3.804666
-1.715497 -0.537119 -3.144941
-1.927430 -0.184618 -2.335818
-1.674795 -0.645413 -3.991968
-2.589169 -1.071261 -2.786719
-1.640677 -1.190784 -3.642410
-2.570877 -0.541980 -3.283352
-1.841744 -0.861640 -3.708892
-1.083821 -2.852716 -3.230201
-1.641513 -1.214388 -3.622813
-2.553680 -1.101661 -2.794230
-2.543023 -1.112770 -2.801267
-2.432422 -1.026334 -3.026902
-1.691970 -0.634834 -4.030853
-1.636723 -1.192885 -3.632888
-1.083043 -2.864256 -3.245613
-1.857945 -0.918252 -3.716301
-1.715500 -1.170343 -3.583032
-2.410449 -1.060807 -3.027144
-1.729561 -0.881197 -3.809908
-2.487683 -1.109330 -2.850463
-1.647241 -1.198558 -3.658326
-2.527300 -1.078600 -2.854879
-1.838638 -1.716793 -2.683658
-1.648917 -1.191640 -3.660061
-1.612002 -1.191131 -3.615720
-1.735388 -0.888447 -3.790509
-1.277861 -0.206689 -2.210585
-2.571947 -1.074420 -2.780572
-2.584586 -0.533426 -3.307953
-2.213871 -0.377562 -3.021514
-1.566555 -0.932348 -3.892722
-1.087320 -2.873926 -3.242845
-2.517050 -1.073384 -2.848161
-2.565039 -1.086069 -2.775881
-2.588155 -1.024628 -2.785172
-2.581152 -0.567735 -3.290176
-1.096194 -2.908271 -3.357892
-1.655271 -0.855730 -3.885378
-2.179710 -0.952220 -3.589821
-1.693935 -0.846500 -3.899223
-1.626573 -1.189442 -3.617955
-1.738200 -0.871830 -3.773147
-2.573149 -1.088683 -2.780728
-2.436952 -1.097228 -2.977998
-1.801137 -0.218806 -2.159713
-2.393986 -0.974501 -2.631159
-0.597207 -0.255992 -1.540955
-1.011160 -0.466592 -1.812342
-0.973698 -2.415324 -2.802715
-2.573274 -1.088742 -2.782567
-2.688901 -0.569939 -3.106659
-2.412141 -1.032815 -3.026190
-1.517902 -0.228488 -2.186930
-2.442857 -1.182180 -2.759929
-2.540970 -1.134654 -2.726425
-2.268115 -0.994030 -2.495805
-2.744840 -0.438008 -3.036352
-1.491039 -0.233246 -2.203937
-1.486979 -0.443675 -2.916867
-2.468783 -1.097154 -2.919717
-1.057070 -2.747591 -3.222277
-1.514944 -2.827391 -2.688870
-2.633662 -1.000945 -2.820098
-2.611406 -0.984766 -2.826191
-9.988314 -4.535002 -9.748303
-6.759734 -7.812120 -8.161412
-9.727245 -4.969023 -7.992718
-9.674918 -4.720752 -8.539055
-10.118724 -4.517253 -8.910910
-9.847608 -4.482887 -9.600266
-9.605897 -4.961557 -9.105191
-6.630315 -7.220537 -8.212259
-9.813340 -5.026684 -9.277742
-9.365969 -5.123421 -7.872168
-9.557459 -5.157792 -8.125432
-9.620207 -4.986366 -9.118617
-6.756721 -7.808052 -8.174210
-9.644771 -4.914112 -8.437129
-9.820595 -4.937610 -8.857776
-9.734960 -4.471888 -8.607960
-9.734998 -5.048331 -9.490292
-6.469057 -7.346005 -8.592224
-9.943932 -4.667509 -8.025123
-9.535346 -4.952498 -8.978153
-9.332216 -5.409193 -8.934629
-9.535463 -4.857311 -8.343549
-10.165694 -4.553103 -9.087776
-9.998134 -4.487863 -9.393015
-9.515285 -4.867929 -7.850740
-9.892509 -4.877628 -10.434373
-9.683243 -4.943349 -8.795159
-6.475664 -7.955027 -8.503483
-6.441038 -7.764822 -8.445291
-10.315698 -4.265353 -8.340498
-10.289503 -4.234946 -8.350009
-9.745240 -4.882586 -8.779909
-9.575873 -4.963190 -9.380425
-9.881029 -4.351038 -8.624374
-9.872209 -4.425542 -8.827011
-9.858220 -4.387172 -8.859746
-10.202662 -4.549210 -9.956406
-9.112215 -5.293412 -8.744010
-9.739248 -4.820999 -8.647940
-6.434377 -7.807975 -8.448059
-9.643717 -4.729420 -8.560891
-9.710865 -4.962396 -9.187364
-9.124831 -5.368372 -8.803516
-9.644898 -4.680708 -8.557443
-10.018053 -4.444575 -9.369344
-9.809777 -5.078578 -9.214906
-9.363847 -4.708650 -10.216963
-9.931363 -4.563238 -8.759579
-10.146298 -4.274168 -8.870400
-9.750142 -4.332136 -8.781976
-9.141111 -5.161493 -8.541085
-9.119894 -5.296400 -8.744799
-10.061321 -4.521665 -9.455044
-10.200361 -4.639971 -8.984101
-9.374032 -5.072025 -7.507005
-10.036070 -4.417769 -8.723216
-9.755376 -4.560882 -8.603586
-9.931210 -4.470894 -8.875467
-10.177968 -4.411075 -9.133205
0.364400 1.512344 0.573557
-9.889233 -4.396475 -9.264517
-9.899346 -4.472364 -9.297652
-9.236178 -5.227870 -8.657445
-9.976084 -4.362918 -8.680495
-6.345854 -7.704386 -8.387377
-9.831527 -5.030853 -8.083562
-9.657032 -4.957298 -9.516215
-10.053143 -4.517576 -8.949738
-9.989992 -4.559551 -9.716609
-7.108705 -8.222223 -8.555981
-6.403842 -7.760507 -8.428534
-9.850578 -5.016053 -8.924894
-9.613381 -4.670022 -10.065929
-9.773582 -4.817975 -8.687455
-10.040381 -4.091362 -7.994024
-10.166731 -4.203776 -8.101756
-9.548090 -5.013479 -8.404010
-9.630662 -4.986384 -8.680567
-9.697552 -4.529969 -9.862324
-9.907037 -4.553625 -8.743071
-9.677843 -4.834168 -8.523909
-9.531520 -5.013644 -8.384404
-9.676329 -5.020835 -9.098009
-9.854961 -4.970421 -10.764413
-9.172536 -5.337759 -8.787329
-9.969654 -4.178099 -8.719209
-9.907723 -4.406054 -8.760556
-9.850671 -4.990940 -8.897923
-9.871437 -4.344811 -9.249679
-10.099194 -4.687511 -9.849449
-10.432860 -4.411234 -9.095208
-9.813987 -4.432463 -9.220934
-9.755930 -4.888430 -8.589638
-9.835684 -4.845542 -8.709821
-9.276169 -5.383983 -8.960496
-9.304701 -4.761487 -8.137676
-9.482664 -4.793115 -8.299536
-10.074608 -4.519508 -9.458930
-9.890404 -4.478648 -8.735938
-9.917473 -4.589774 -9.712036
-9.956203 -4.850843 -8.719322
-9.607693 -4.977590 -9.117742
-6.637379 -7.234616 -8.211729
-6.465968 -7.360774 -8.609225
-8.959307 -5.220118 -8.543268
-9.485697 -4.852681 -9.933258
-10.115496 -4.568408 -8.917443
-9.904026 -4.889629 -8.756922
-9.950737 -4.458236 -8.894652
-9.520693 -4.866960 -8.585797
-9.679650 -4.940788 -8.749043
-9.517751 -5.056363 -8.964288
-9.651768 -5.010956 -9.447794
-9.450534 -4.851734 -8.535081
-9.651784 -4.884334 -8.736379
-9.711869 -4.874184 -8.748613
-9.555876 -4.476544 -8.960550
-9.651114 -5.006256 -9.073857
-9.906145 -4.413093 -9.244744
-9.851357 -4.888396 -9.196857
-9.635244 -4.986370 -9.024159
-9.528411 -4.745984 -8.903105
-6.766371 -7.719142 -8.961353
-9.838317 -4.432190 -8.754787
-9.768503 -4.713435 -10.247428
-6.325595 -7.690976 -8.374456
-9.696052 -4.549672 -8.542348
-9.689631 -4.315637 -8.588720
-9.654621 -4.949756 -9.507020
-10.134507 -4.434126 -8.798343
-9.938670 -4.504458 -8.781196
-9.493095 -4.927508 -9.286621
-8.598543 -7.392376 -16.222095
-9.851784 -4.869366 -10.429787
-9.541204 -4.988282 -8.431207
-9.634469 -4.899998 -8.511327
-1.182026 -1.522607 -2.791000
-2.111250 -1.529196 -3.094006
-1.191814 -1.529525 -2.811136
-1.188807 -1.491451 -2.795581
-1.199332 -1.507453 -2.817716
-1.194166 -1.532327 -2.810895
-2.130081 -1.514352 -3.114797
-1.166978 -1.496323 -2.768796
-1.161868 -1.494867 -2.755686
-2.150806 -1.518080 -3.137667
6.245991 0.725826 9.172890
-2.108503 -1.497223 -3.087786
-2.034414 -1.362143 -3.135578
-1.999031 -1.323084 -3.093490
-1.258555 -1.646588 -3.132415
-1.180855 -1.536669 -2.805760
-1.143204 -1.695756 -2.827365
-1.091151 -1.368930 -2.891935
10.194111 0.290248 11.819944
3.809680 -0.467312 4.068581
-1.972118 -1.313665 -3.073941
-1.139574 -1.694526 -2.817371
-1.162912 -1.682125 -2.849877
9.340911 0.075316 16.798320
11.216781 0.380928 13.031570
-1.147113 -1.521796 -2.747527
-1.982679 -1.442106 -3.079751
3.598961 -0.375389 3.741037
-1.162230 -1.562477 -2.780579
-1.177055 -1.526641 -2.804129
-0.705338 -1.386471 -1.533845
4.778138 -0.308234 5.790425
-1.383002 -1.573265 -2.750874
-1.114673 -1.541089 -2.685596
-1.164737 -1.628603 -2.822093
-2.688808 -0.733880 -4.056524
-1.239161 -1.658758 -2.958402
7.742232 0.148071 12.150051
-1.181369 -1.629178 -2.843224
-1.201481 -1.627763 -2.884979
8.487110 0.313191 10.292935
-1.967375 -1.344991 -3.075574
-1.173550 -1.619929 -2.833529
-1.187726 -1.616927 -2.842998
4.651381 -0.054251 5.872891
-1.160913 -1.559882 -2.780392
-1.964992 -1.302184 -3.068925
-1.174026 -1.660252 -2.844556
-3.456775 -0.927255 -4.442244
-1.179367 -1.705524 -2.895783
-2.053884 -3.389518 -2.520635
-1.172006 -1.672856 -2.843166
-1.146691 -1.585332 -2.757794
-1.169584 -1.678186 -2.840227
-9.651004 -2.193348 -13.085336
-1.019537 -1.138194 -2.083764
-1.174832 -1.664152 -2.843872
-1.160260 -1.573270 -2.786719
6.290578 0.182575 7.747748
-1.295404 -1.072841 -2.467818
-1.172347 -1.665574 -2.844903
6.067935 0.140375 7.468362
3.027929 0.159652 2.576322
-1.567390 -1.714724 -2.686030
-1.170804 -1.685818 -2.843870
-2.003804 -1.412562 -3.128057
0.405895 -0.286828 -0.041291
-0.935892 -1.470189 -2.123755
-1.364449 -1.071188 -2.494745
-1.162616 -1.690923 -2.829685
-1.200668 -1.741034 -1.746760
-1.504396 -1.158594 -2.878842
-2.480908 -0.665548 -4.317142
-1.298362 -1.101409 -2.337594
6.330309 0.385397 7.544555
-2.730807 -0.647072 -4.847764
-1.520237 -1.446220 -2.252771
-5.891579 -0.307613 -6.519672
-2.210312 -1.451690 -3.011846
3.272886 0.127878 4.564919
-1.338286 -1.048256 -2.199479
-1.330625 -1.006308 -2.611598
-3.175064 -1.250191 -6.386240
-0.979965 -1.158370 -1.676352
-1.093133 -1.225860 -1.780641
-0.707288 -1.164959 -1.737004
-1.638380 -1.136544 -3.386504
0.438941 -0.284651 -0.197342
0.353906 -0.205668 -0.052183
-1.810591 -1.127950 -3.636265
-0.846072 -1.131104 -1.791468
-1.715288 -0.840697 -3.508603
-2.251460 -3.112211 -3.388099
3.968169 6.547427 5.449631
-1.629016 -0.999666 -3.194557
-1.960904 -1.429655 -2.923056
-1.458571 -0.965713 -2.969253
-1.421205 -0.979046 -2.816808
-1.714936 -0.859674 -3.300194
-1.694287 -0.879759 -3.321620
-2.072520 -2.029733 -3.567897
-3.290779 -4.358256 -7.043719
-3.243469 -4.265419 -6.944801
-2.475592 -4.303945 -6.048269
-3.250760 -4.297390 -6.838303
-3.564117 -4.819392 -7.463664
-2.144295 -2.159624 -3.689784
-1.961466 -1.940917 -3.528574
-2.107771 -2.068971 -3.628869
-2.702924 -4.227120 -6.328929
-3.435428 -4.633894 -7.233385
-3.315157 -4.360199 -6.991227
-2.740377 -3.882767 -5.829206
-3.419032 -4.542947 -7.222122
-4.633640 -3.735149 -5.729916
-3.220499 -4.226502 -6.933798
-2.852536 -4.471142 -6.519306
-3.501796 -4.909703 -7.375693
-3.196881 -4.204422 -6.942327
-2.712529 -4.152934 -5.864423
-3.067822 -4.623169 -6.593469
-2.878539 -4.851226 -6.523373
-2.783994 -4.587434 -6.152081
-2.955392 -4.871140 -6.496736
-6.660539 -8.159546 -8.612296
-3.190512 -4.230813 -6.982715
-3.490228 -4.730973 -7.434951
-2.816275 -4.656602 -6.217599
-3.528807 -5.143506 -7.456883
-7.432185 -6.949106 -7.927513
-2.508458 -3.587349 -5.363849
-3.097756 -4.293646 -6.681953
-2.359016 -3.545073 -5.587017
-3.017483 -4.236566 -6.398793
-2.204676 -3.822108 -5.691280
-2.755157 -4.270346 -5.968362
-1.322558 -0.970032 -2.545301
-0.876134 -0.689105 -1.675381
-3.002850 -4.723540 -6.446991
-1.032086 -1.067504 -2.093336
-2.801089 -4.439997 -6.071231
-4.270028 -3.731957 -5.041405
-2.679580 -3.862276 -5.764909
-3.523794 -5.108025 -7.462469
-3.526529 -5.271392 -7.537065
-2.760692 -4.343093 -5.981662
-2.757376 -4.310916 -5.965864
-3.818170 -4.009962 -6.812014
1.220827 3.334392 0.308477
-0.898757 -1.104728 -1.858523
-2.755942 -4.270438 -5.948438
-1.743223 -1.188409 -3.149542
-0.953089 -1.272785 -2.010185
-2.769536 -4.132360 -5.969191
-1.892527 -2.505709 -4.452117
6.742462 13.995871 1.797009
-2.201144 -2.372775 -4.266455
-1.430836 -1.095817 -2.837175
-1.198244 -1.265952 -2.115174
-1.119962 -0.867926 -1.803888
-2.015244 -1.497102 -3.450973
-1.747128 -1.202588 -3.223434
-1.739458 -1.848285 -3.425486
-1.703730 -1.255880 -3.191062
-1.625297 -1.128362 -2.992130
-1.387580 -0.866019 -2.286142
-2.199204 -1.311835 -3.040705
-0.039234 1.047302 -0.398850
0.035613 0.910705 -0.520440
-2.543229 -1.571193 -3.377588
-1.510733 -0.835987 -2.352271
-1.932527 -1.432207 -3.457382
-2.042800 -1.592007 -2.649440
-2.898632 -2.746167 -5.210018
-2.176567 -1.890404 -4.106447
-1.251214 -0.965113 -2.711507
-1.694136 -1.299613 -3.198422
-1.241776 -0.960316 -2.676369
-1.331975 -1.059522 -2.810077
-1.706989 -1.162171 -3.174516
-1.852803 -1.425171 -3.504852
-1.804511 -1.465996 -3.630533
-1.302841 -0.997412 -2.731997
-2.287312 -1.482060 -3.337092
-1.621886 -1.203162 -3.283335
-1.653757 -1.178364 -3.158185
-0.509415 -0.298870 -0.209021
-0.487863 -0.300505 -0.379589
-0.502816 -0.271493 -0.045790
-0.328386 -0.445919 -0.624113
-0.404122 -0.434596 0.202236
-0.326968 -0.444578 -0.632355
-0.556208 -0.150578 -0.208838
-0.542932 -0.209378 -0.137526
-0.424051 -0.449927 0.105996
-0.558826 -0.320970 -0.164746
-0.420582 -0.458158 0.039779
-0.403751 -0.436071 0.207098
-0.423711 -0.451060 0.104488
-0.424151 -0.453103 0.096838
-0.452859 -0.477458 -0.036593
-0.517744 -0.056352 -0.197497
-0.306898 -0.454133 -0.934779
-0.574084 -0.204243 -0.189761
-0.521033 -0.308493 -0.147662
-0.815804 -0.507343 3.105670
-0.203481 -0.415756 -1.408670
-0.399390 -0.254446 -0.092394
-0.456277 -0.454731 0.074998
-0.511426 -0.136872 -0.299160
-0.399279 -0.254468 -0.092398
-0.409752 -0.432310 0.186155
-0.438919 -0.475076 0.190056
0.338509 -0.337725 -5.517359
-0.283986 -0.424530 -0.854200
-0.313453 -0.433352 -0.575745
-0.399186 -0.307965 0.087200
-0.501843 -0.120301 -0.158045
-0.464935 -0.332997 0.031459
-0.422893 -0.452122 0.104968
-0.298944 -0.428970 -0.734638
-0.453816 -0.155140 -0.246372
-0.461386 -0.419676 0.090968
-0.286238 -0.428492 -0.818004
-0.425594 -0.450705 0.100133
-0.403107 -0.437421 0.198269
-0.325249 -0.442820 -0.641784
-0.394973 -0.151238 -0.247336
-0.376746 -0.138086 -0.271347
-0.392269 -0.450793 -0.146315
-0.317572 -0.411445 -0.757462
-0.399458 -0.255710 -0.088817
-0.544553 -0.199958 -0.169735
-0.329778 -0.421007 -0.656836
-0.367177 -0.421765 -0.268671
-0.318949 -0.451061 -0.569952
-0.429958 -0.441268 0.106036
-0.218231 -0.419441 -1.351738
-0.318254 -0.429819 -0.600838
-0.554714 -0.308901 -0.047258
-0.298034 -0.429778 -0.746337
-0.304114 -0.427796 -0.685822
-0.505645 -0.135486 -0.185629
-0.414122 -0.116037 -0.115378
-0.411203 -0.437885 0.169129
-0.294152 -0.429872 -0.797766
-0.402964 -0.113091 -0.328037
-0.319502 -0.427279 -0.592248
-0.443801 -0.446706 0.485744
-0.381885 -0.513602 -0.811334
-0.482107 -0.457493 -0.088876
-0.302664 -0.435515 -0.750948
-0.514277 -0.241906 -0.349434
-0.419498 -0.446390 0.124025
-0.412518 -0.117806 -0.145621
-0.479438 -0.204061 -0.141396
-0.318721 -0.443363 -0.668463
-0.416975 -0.457883 0.060689
-0.421403 -0.449874 0.113767
-0.367771 -0.420154 -0.242038
-0.409678 -0.436431 0.178278
-0.408290 -0.450339 0.177062
-0.496732 -0.318652 -0.012535
-0.417867 -0.443316 0.134418
-0.406747 -0.438859 0.184054
-0.530740 -0.189585 -0.270568
-0.396115 -0.433690 -0.061828
-0.435280 -0.234183 -0.065470
-0.438835 -0.456250 0.055410
-0.420839 -0.454487 0.104991
-0.406479 -0.441532 0.183498
-0.428044 -0.447330 0.099044
-0.354324 -0.414385 -0.629127
-0.405910 -0.441999 0.182882
-0.374920 -0.439114 -0.576831
-0.462455 -0.310830 -0.167643
-0.441708 -0.455905 0.044214
-0.440984 -0.447515 0.332108
-0.420227 -0.453599 0.107059
-0.315495 -0.439930 -0.685075
-0.332686 -0.423529 -0.612560
-0.295648 -0.429151 -0.886659
-0.429665 -0.452609 0.072305
-0.367800 -0.420932 -0.243466
-0.419641 -0.441707 0.131414
-0.413079 -0.459192 -0.254012
-0.421671 -0.469036 0.189406
-0.324422 -0.425190 -0.738998
-0.315677 -0.439650 -0.716936
-0.313507 -0.440697 -0.719766
-0.499517 -0.334457 -0.101923
-0.433378 -0.448669 0.077676
-0.518106 -0.303708 -0.017527
-0.427914 -0.442068 0.158429
-0.454549 -0.473303 -0.395644
-0.367071 -0.441478 -0.191077
-0.317781 -0.430717 -0.704753
-0.470562 -0.503091 -0.122713
-0.366362 -0.420006 -0.710222
-0.510893 -0.142359 -0.207422
-0.334633 -0.429614 -0.790541
-0.419856 -0.454185 0.114923
-0.277308 -0.419066 -0.894886
-0.496314 -0.279693 -0.012866
-0.352641 -0.438087 -0.381308
-0.427734 -0.449277 0.094631
-0.403368 -0.125455 -0.162748
-0.428030 -0.449581 0.096050
-0.446228 -0.472661 -0.035057
-0.346131 -0.432407 -0.502934
-0.352041 -0.437305 -0.394369
-0.374242 -0.439760 -0.578073
-0.426258 -0.431544 0.135958
-0.416359 -0.443114 -0.052813
-0.439426 -0.470843 -0.000999
-0.120589 -0.432048 -1.835136
-0.411520 -0.448441 -0.136168
-0.446473 -0.470784 -0.012702
-0.430494 -0.456782 0.165145
-0.453425 -0.479227 -0.035300
-0.443996 -0.469213 -0.022441
-0.321680 -0.432017 -0.581717
-0.457354 -0.416636 -0.534396
-0.256611 -0.416471 -0.985286
-0.440621 -0.464151 0.028844
-0.471754 -0.492262 -0.163695
-0.267001 -0.418366 -0.931734
-0.431224 -0.440829 0.152035
-0.508413 -0.460596 -0.271190
-0.397002 -0.447968 -0.148787
-0.407257 -0.455671 -0.088625
-0.405272 -0.304612 -0.142047
-0.539983 -0.359046 -0.112304
-0.426885 -0.476833 -0.117171
-0.439665 -0.461427 0.027812
-0.399425 -0.255304 -0.089845
-0.596808 -0.048448 0.723515
-4.428418 -9.919024 -11.191648
-0.573520 -0.295916 -0.199823
1.848829 5.669150 5.548681
2.338953 6.966186 6.710889
-0.602482 0.025498 0.506718
-0.572629 -0.250519 0.048290
1.820792 11.310234 9.588338
1.023265 4.405193 4.085976
-5.166039 -11.746762 -13.266602
1.018069 -1.081562 -5.031405
1.885802 5.832078 5.705529
-0.272154 -0.422755 -0.852953
-0.397959 -0.362295 -0.560460
-2.089685 0.490129 3.895905
-0.140985 -0.710990 -1.170911
-0.318643 -0.376018 -0.630882
-0.623576 -0.193443 0.097677
-0.182991 -0.439211 -1.238576
-0.546406 -0.286593 -0.253515
-0.604218 -0.347204 -0.119627
-0.585126 -0.331372 -0.117274
-0.676882 0.258536 0.688151
0.031017 -0.585882 -2.633111
1.972551 5.612684 5.488093
-0.562003 -0.281929 -0.190307
-0.310698 2.651801 6.319341
1.699592 5.226057 5.151388
-0.397692 -0.360417 -0.536188
0.586810 -0.859882 -3.092707
-0.248050 -0.456638 -0.769546
-0.319440 -0.420052 -0.655475
-0.712600 -0.171217 -0.084157
-0.942037 1.611171 2.202390
-0.295497 -0.449567 -1.124823
-0.603014 -0.343605 -0.126559
-0.135996 -0.632784 -1.643010
-0.803076 0.489198 0.829160
-0.642762 -0.188546 0.105529
-0.493644 -0.305812 -0.311624
5.534389 -2.102491 -16.807196
1.936851 5.377103 5.266103
-0.680687 -0.140765 0.043855
-0.352242 -0.493390 -1.173046
-0.826741 -0.144612 0.337512
-0.296093 -0.428709 -0.795105
0.711765 -1.352089 -5.974121
-0.468752 0.295104 1.298549
-0.712687 0.025691 0.271566
-0.261724 -0.667046 -1.502912
-0.552690 -0.291247 -0.211350
0.076876 -0.476059 -2.216337
3.195765 11.911240 12.253009
-0.625876 -0.260543 -0.019943
-0.684692 -0.177768 -0.019461
-0.172538 -0.512825 -1.796424
-0.549750 -0.376739 -0.242705
-0.634326 -0.227178 -0.105706
-0.199188 -0.460078 -1.183890
0.180162 -0.651299 -3.463310
2.133486 5.830972 5.678338
-1.339520 0.552743 3.882717
-3.345034 1.701537 10.072602
-0.752189 -0.001989 0.191083
-0.776711 -0.161233 0.480796
-0.979152 0.101931 0.432715
-0.598780 -0.059970 0.437749
-0.646926 -0.075051 0.322723
-0.610748 0.133171 0.313493
-0.692331 -0.087406 0.050753
2.770475 -2.284487 -5.695903
-0.567521 -0.181650 0.228322
-0.618987 -0.116743 0.125249
-2.723563 0.524084 6.120204
-0.866476 -0.073973 0.536802
-0.289942 -0.406359 -0.710605
-0.725185 -0.197401 0.282516
-0.421935 -0.287433 -0.594241
1.674688 3.945245 4.526744
1.731148 4.752741 4.666323
-0.536034 -0.157016 0.276853
-0.507657 -0.214828 -0.316378
-0.808458 -0.123117 0.121574
-1.512095 0.659297 3.804730
0.018449 -1.022642 -3.279899
-0.109091 -0.499453 -1.759096
-0.317109 -0.374266 -0.863153
0.439530 -1.014248 -2.111267
-2.311575 -7.738682 -7.522120
0.152432 -0.508929 -2.240350
-0.449483 -0.307482 -0.678179
-0.719025 -0.213939 -0.057907
-2.080413 0.734731 5.143474
1.961884 -5.977978 -8.273735
2.747885 7.441080 7.132962
-0.360313 -0.405001 -0.467262
0.311503 -0.530024 -3.058259
0.054969 -0.661705 -1.847318
-0.685543 -0.183370 0.315932
-9.370095 4.859347 11.090873
8.413041 -6.175331 -11.760688
-10.785955 6.057181 11.639977
5.343656 9.827132 14.451865
0.201749 1.824446 1.851814
-8.397009 6.295489 12.516252
-2.230532 -11.730856 -13.361326
-4.030694 1.749357 4.215252
0.362458 0.781434 0.901554
5.634949 9.605417 13.659606
-5.643998 3.423943 7.406854
2.820545 -2.431415 -5.035914
-3.611775 1.354126 3.509490
-6.983368 3.695774 7.809417
-4.143306 1.657929 4.202027
-1.581904 -0.024687 1.114995
-3.555710 1.663773 4.239215
-4.429904 2.405286 4.812405
-3.125793 1.226826 4.457237
8.280842 -6.349948 -13.677231
-6.991661 3.846977 10.485269
-3.125962 0.796155 3.320548
-2.305853 -11.499648 -12.892104
-2.225799 -11.677177 -13.334428
-4.234353 1.409698 6.428063
-6.195467 3.126655 7.690950
-4.236692 2.166288 4.523984
-5.622767 3.334067 6.563787
-1.778643 0.951875 2.740418
4.762987 -3.733400 -8.759891
5.284422 -4.100584 -10.601229
-2.999577 1.214370 3.134437
-4.727529 1.746160 6.114394
9.563833 -8.014144 -14.408743
3.954985 -2.945059 -7.592540
-4.044901 3.413669 9.444949
-0.087565 -1.032559 -1.073037
-2.445853 4.084029 4.890074
0.328769 3.450693 3.799786
-3.216980 1.756250 3.314637
-1.555325 -0.083064 1.581992
-4.164477 1.862859 4.272668
-1.058452 -0.122034 0.675745
-5.455501 1.726073 8.087268
-3.030703 0.959655 2.762314
0.048734 -1.497381 -2.046695
-3.063884 3.607526 5.152034
1.682732 3.311759 4.598622
-5.760737 11.176640 13.976627
-2.143026 -11.547500 -12.961679
-1.889239 1.655167 3.247057
2.475376 -2.545556 -6.277748
6.557682 -4.057886 -9.941661
-9.496541 5.661804 11.206953
-2.285974 0.415363 2.855592
-2.041323 0.430614 2.150593
2.916979 -5.718579 -15.291372
1.706040 3.296602 4.622429
-0.681604 0.033954 1.273177
-3.294987 1.098508 4.186260
8.865963 -6.611766 -12.100499
-4.486293 2.021253 9.967296
-7.303753 2.632847 10.235914
-4.692934 1.124566 5.976072
2.001632 -4.042582 -6.481660
-0.136331 -0.053829 0.083562
-2.920191 0.824285 3.922302
-2.323336 -11.396682 -12.998564
4.959877 8.770432 12.032888
-4.436171 1.364937 5.102526
-1.134189 0.001606 3.300366
-4.758087 2.320622 4.869203
-0.058865 -1.092662 -1.188739
-8.443308 4.771260 10.161296
-6.309119 2.192012 8.617604
-1.014603 -0.248277 0.728290
-6.657637 4.866223 9.591275
-4.751531 3.502113 6.042536
-2.293771 -11.519935 -12.939735
2.297273 -2.409567 -5.539343
-4.744557 3.027194 5.471182
-4.626900 2.673151 6.536850
-4.371092 1.849028 5.248360
-3.427564 6.632459 9.997358
-2.198085 -11.844604 -13.324565
-1.048635 1.423090 2.428276
-1.828135 -0.101759 2.839143
-1.973671 1.069564 5.294967
-0.189799 1.819490 6.287901
2.367900 3.550860 5.687372
0.525308 -1.508586 -3.420641
-2.729362 0.998806 3.398267
0.926953 -1.448035 -2.579927
-2.633660 4.304604 7.260385
-0.459889 0.330359 0.855736
-0.826295 0.666015 1.388278
3.815620 -2.751566 -6.079354
-0.390984 -2.854740 -3.462039
-1.856963 -0.229194 9.176213
-1.316246 0.309815 1.217263
-2.256537 -0.007888 8.534286
-1.203774 0.406195 1.289233
-0.025187 1.415598 1.723383
-0.364288 0.784960 5.180974
-0.462898 -0.307794 5.232180
-0.887995 0.670886 2.793989
-1.318681 2.112816 6.376705
-2.031050 0.079615 7.463192
-1.488184 2.887104 12.524327
-0.237917 1.552832 8.068999
-1.190161 0.612815 5.315661
-1.306865 0.526543 1.595116
-1.411944 -0.260567 3.575428
-0.716986 0.139272 0.325824
-0.621058 0.234831 0.637798
-1.532017 3.025016 12.949839
-0.816474 -0.700908 3.231328
0.732781 -0.336865 -7.318526
-1.018466 0.501466 8.773400
-0.808326 1.342713 7.788083
-2.095468 -0.026207 6.623408
0.417867 0.398483 -9.185987
-1.915665 -2.383845 -5.433874
-0.843789 0.300971 0.986501
-1.291304 0.235473 1.293980
-1.219403 0.353287 1.122602
-2.189526 -0.775884 6.019065
-0.961401 -0.342860 1.861177
-0.044708 0.869485 1.030666
-2.127126 -0.528322 3.901154
-2.267681 -0.026452 5.714819
-1.089278 0.387270 1.460213
-2.996606 -3.618582 -6.840119
-1.367577 -0.272377 4.029469
-1.270386 -0.297047 2.890927
-1.439691 1.956455 10.066089
-1.026043 0.333855 1.705593
-0.835853 -0.995190 3.700451
-2.001214 0.253517 4.229799
-0.757605 0.672328 1.619702
-0.928019 0.559542 2.435049
0.443069 1.484479 2.584473
-1.581776 -0.666457 3.113310
-1.115547 -0.658967 2.477338
-3.635865 -0.375040 18.977475
-0.821987 0.085319 3.707243
-1.387721 -0.492995 2.903807
1.195275 3.546189 8.633272
-1.345524 -0.379283 2.660820
-1.297271 0.183247 1.551913
0.640515 2.140495 3.699712
-1.267847 0.481247 1.729228
-0.841436 0.244008 0.823939
-0.653272 -0.668442 3.232126
-0.660421 -0.371038 1.715460
-1.097870 0.117248 1.140906
-2.122740 -0.180073 7.065804
-1.904857 -0.413420 3.607450
-1.230836 -0.079963 1.545843
-1.202978 -0.176954 1.953050
-1.066775 0.055230 0.970551
-1.324179 0.344225 1.726486
-1.272711 0.305637 1.721328
-0.777086 1.111523 3.110211
-1.058872 0.351869 1.369950
-1.380589 0.562859 2.502220
-0.752511 0.636725 1.487719
-0.826815 0.086135 1.164197
-2.032616 -2.177249 -5.281878
-1.561098 -1.106319 4.932773
-0.913678 -0.725936 2.144023
-1.251556 0.273845 1.374902
-1.162373 -0.145665 0.837273
-1.104191 -0.283444 2.180745
-1.914384 0.380965 3.164600
-1.086570 0.293959 1.538897
-1.109428 0.915857 5.299878
-0.794458 0.257813 0.889164
-1.018994 0.479262 1.527833
-0.783520 0.628963 1.486552
-0.288597 -0.164072 1.905104
-0.931838 -0.397234 3.069295
-0.966926 -0.019683 0.722289
-1.063577 -0.008308 0.825648
-1.863278 0.556331 5.613319
-1.227353 -0.117864 0.976121
-0.040488 1.458389 1.899475
-0.834880 0.177113 0.575110
-0.849621 0.469876 1.198353
-0.888226 0.308495 1.298857
-1.083829 0.194129 0.680490
-1.949261 -0.785418 4.190853
-0.917379 0.583488 3.395907
0.421619 1.999261 3.249641
-1.234659 0.140502 1.198892
-0.858217 -0.884510 3.618514
-1.274379 0.404183 1.283972
-1.370528 0.396177 1.535457
-2.559427 -0.695194 7.126074
-1.207929 0.087271 3.194145
-1.814851 0.279705 4.291268
-0.749548 0.210542 0.790558
-0.860488 0.089176 0.935721
-0.766117 0.689919 2.445440
-0.871563 0.337293 1.171469
-0.940361 0.546435 1.749001
-1.173577 -0.088980 0.982566
-2.508642 0.150653 6.901519
-1.292515 -0.288948 2.024275
-1.953846 -1.793058 -4.551307
-0.767208 0.391317 0.855221
0.238320 2.168750 3.167865
-1.113487 0.418914 1.545065
-0.875926 0.478576 1.326600
-0.767063 0.657285 1.507787
-1.000525 0.185687 0.824599
-1.348821 -1.412309 3.996945
-1.216638 0.485664 1.967366
-1.697377 0.328276 3.221511
-0.809782 0.979138 1.389394
-0.751088 0.530794 1.515783
-0.718877 0.960168 2.829923
-1.799227 -1.204733 10.461050
-0.780994 0.159369 0.585989
-1.084115 0.013299 0.895893
-1.172817 0.297155 1.254007
-0.855764 0.525895 3.213354
-0.802238 0.205009 0.937092
-1.127809 1.227805 2.971321
-1.124900 0.002498 0.972319
-0.755118 0.580098 1.255479
-0.837819 0.235113 0.788382
-0.884475 0.088248 2.074342
-3.759455 -3.062390 17.047662
-0.831017 -0.752837 2.036867
-0.353877 -0.561212 6.494150
-0.583269 -0.153746 1.126587
-1.665667 -1.159913 5.193136
0.180983 1.197362 6.988453
-1.613835 -1.044104 4.162035
-1.216048 -1.158469 3.317112
1.415854 0.861902 -7.309151
3.129205 5.039510 10.314896
-0.635473 0.118469 2.593082
-0.305775 1.929793 11.295274
-0.480079 2.159847 12.993690
1.668545 0.700190 -8.581943
-0.665019 -0.622884 2.500812
-0.955032 -0.516582 2.238001
-1.636096 -1.272605 3.703087
-0.499695 -0.267125 1.236987
-0.163892 0.633733 10.171264
-0.772149 -0.707587 2.405750
-0.458502 0.163254 -4.348351
0.340057 1.517753 2.380973
-1.851792 -1.822065 5.602584
0.545737 1.858784 10.330245
-0.797749 -0.850622 2.654150
-0.950671 -1.030341 3.550300
-0.415477 0.540504 5.954049
-0.899097 -0.519550 7.503476
-0.486766 -0.658865 4.464508
-1.519379 -0.318903 7.428012
-0.894723 0.964930 9.277823
-0.981696 -0.733171 2.309644
0.295949 -0.334538 -6.663833
3.407740 5.591574 11.450784
-0.269592 0.645746 3.650853
3.215445 5.039474 10.429928
-1.357195 -1.319236 3.893736
1.017304 0.624859 -7.435963
-0.652922 0.569224 5.026756
-0.805162 -1.250624 3.583465
-1.781411 -0.425039 14.538385
-0.580758 -0.239947 1.199085
-1.157185 -0.620089 2.132467
-0.715393 -0.486652 1.693828
-1.215627 -0.720193 3.833965
-0.684463 -0.387244 1.657577
-0.942697 -0.572932 2.811773
-3.363000 -2.229789 9.933800
-0.482629 0.132365 9.097326
0.933887 1.589855 -6.563949
-0.712321 -0.329368 1.755677
0.609218 1.408710 2.528904
3.661927 6.511113 12.784800
-0.380296 2.523057 16.084155
0.817400 0.004353 -7.171622
0.265593 1.382690 2.109739
-0.360075 1.437004 4.935379
-1.448847 -1.190617 4.344957
-0.888813 -0.037105 5.160637
-0.424032 -0.019503 1.577759
-0.718282 -0.552123 1.986841
-2.675600 -1.999924 6.982532
-0.932610 -0.468066 3.351558
-1.050836 -0.433369 2.730564
0.237015 -1.174142 -13.300255
-0.504395 1.310175 6.394117
1.119505 1.656642 3.578994
1.577417 1.876709 4.620253
-2.356006 -1.999292 6.427245
2.057165 0.725086 -16.890517
-2.121824 -1.593350 5.447294
0.449753 0.485490 6.749714
-0.177531 1.183214 6.224852
-0.729232 -0.484086 1.584933
-0.549680 -0.226810 1.167983
-1.022976 -0.456128 2.253304
-0.724704 -0.421452 2.380573
-1.449284 -0.254704 10.328124
-1.798230 -1.215405 5.921786
-0.779942 -0.657544 2.290129
-0.520558 0.215463 2.124947
-2.248504 0.298383 10.724019
-0.953304 -0.732001 5.803025
-2.049663 -1.715734 8.728623
0.044354 -0.033793 -7.062204
0.496644 -0.418892 -6.506497
2.658526 1.183755 -17.706966
2.565222 3.696067 7.954802
0.523358 1.124786 2.081397
-0.566597 -0.179820 0.960959
0.959388 0.659622 -6.647980
-0.224844 1.246213 6.294074
-0.208371 1.024936 5.346362
2.152635 2.099153 -10.772098
1.526818 0.657185 -7.689551
3.604797 1.492677 -16.148661
-2.156978 -0.229329 14.935099
-0.987293 -0.696222 2.249147
-0.974148 -0.838432 2.545403
-0.740764 -0.418809 1.655103
-0.621214 -0.000348 2.047006
-1.276857 -0.628508 5.264620
-0.510255 -0.434209 1.658051
-0.840844 -0.826388 2.579564
-1.400945 -1.340268 3.220952
-0.531741 0.027296 1.189470
-0.522828 -0.263202 1.200993
0.342097 1.676904 9.946738
-0.867855 -0.271787 2.603220
-0.236633 -0.162754 5.469517
0.306104 -0.130413 -5.417093
-1.036963 -0.316255 3.208840
-2.184846 0.205864 18.847798
-1.342691 -0.821985 6.337208
-1.014383 0.494661 12.512537
0.553699 0.925160 1.827304
-0.492952 0.773218 5.469391
-0.124335 1.288962 8.859918
3.036335 4.092118 9.079397
0.237216 0.025881 -4.602683
5.022361 8.097883 16.552791
2.316964 4.167429 7.887620
-1.754027 -1.728181 5.626016
0.420845 1.616602 10.630717
1.467390 1.213409 -9.726997
-1.564644 -1.257301 3.331520
0.722261 -0.078717 -6.931128
-0.923822 2.201596 8.152182
-0.808973 -0.868458 2.595471
-0.777284 -0.055654 -1.238812
-0.767917 -0.088622 -1.240037
-0.691894 -0.070321 -1.229945
-0.911237 0.081147 -1.109008
-0.769532 -0.106480 -1.219380
-0.708560 -0.129487 -1.236180
-0.653737 0.066965 -1.214896
-0.741295 -0.086388 -1.240631
-0.831237 0.052352 -1.149182
-0.859977 -0.001710 -1.176871
-0.856400 0.002253 -1.150837
-0.736089 -0.055179 -1.219792
-0.849488 -0.004686 -1.155128
-0.860892 0.000598 -1.219842
-0.835087 0.025245 -1.272242
-0.894335 0.071069 -1.138491
-0.879587 0.046614 -1.128351
-0.791261 -0.084094 -1.195391
-0.735224 -0.073003 -1.230109
-0.628145 -0.061418 -1.249131
-0.755249 -0.054309 -1.225938
-0.810318 0.049625 -1.168915
-0.732966 -0.069420 -1.227892
-0.650474 0.089834 -1.196652
-0.705687 0.140436 -1.197154
-0.827650 -0.090307 -1.194181
-0.819279 -0.038262 -1.231688
-0.715605 -0.098465 -1.220437
-0.894861 0.014714 -1.156140
-0.770902 -0.116939 -1.227499
-0.685178 -0.132637 -1.222420
-0.735689 -0.130411 -1.217723
-0.856675 0.017664 -1.154997
-0.740957 -0.063388 -1.247577
-0.785487 0.031265 -1.188754
-0.866645 0.063287 -1.106174
-0.782615 0.020627 -1.132277
-0.834210 -0.018313 -1.141629
-0.630883 0.052212 -1.239999
-0.858815 -0.040793 -1.194232
-0.697507 -0.116437 -1.230200
-0.722032 -0.102997 -1.244483
-0.825553 0.033553 -1.173361
-0.797587 -0.083420 -1.195634
-0.643987 0.082129 -1.183222
-0.612176 0.003848 -1.379688
-0.859435 0.074065 -1.125663
-0.757785 -0.066068 -1.214936
-0.797670 0.036936 -1.158683
-0.777875 0.017078 -1.148505
-0.786652 0.028741 -1.163724
-0.774709 0.014207 -1.136920
-0.881286 0.097773 -1.089343
-0.615907 0.023286 -1.245424
-0.601346 -0.005167 -1.191777
-0.928135 -0.019108 -1.183650
-0.742625 -0.053872 -1.231782
-0.896167 0.068168 -1.181010
-0.742486 -0.062260 -1.244627
-0.711446 -0.097990 -1.238120
-0.730102 -0.112724 -1.239652
-0.752568 -0.093022 -1.253025
-0.898455 0.090123 -1.161476
-0.730820 -0.047654 -1.210614
-0.727857 -0.114381 -1.192745
-0.704925 -0.122076 -1.244946
-0.807052 -0.038366 -1.194443
-0.733390 -0.118039 -1.220950
-0.731460 -0.088853 -1.248565
-0.711971 -0.057670 -1.209817
-0.868393 0.086455 -1.087543
-0.708981 0.087633 -1.166403
-0.806350 0.046202 -1.177792
-0.792374 0.027805 -1.128550
-0.714167 0.055325 -1.229276
-0.863437 0.084963 -1.103862
-0.848243 0.010572 -1.150719
-0.764181 -0.059849 -1.228250
-0.744143 -0.087955 -1.226423
-0.789291 -0.039851 -1.240850
-0.717843 -0.037768 -1.235015
-0.785312 -0.025668 -1.225570
-0.723532 -0.100011 -1.219990
-0.794480 -0.063694 -1.236525
-0.699684 -0.122114 -1.192822
-0.631404 0.007766 -1.191856
-0.759815 0.004630 -1.157157
-0.746918 -0.062107 -1.214378
-0.806851 0.038401 -1.109803
-0.799051 -0.025504 -1.202997
-0.650749 0.028558 -1.230150
-0.767682 -0.043215 -1.211927
-0.738977 -0.130757 -1.233170
-0.746052 -0.133778 -1.224072
-0.718322 -0.075571 -1.211119
-0.723841 -0.078882 -1.212490
-0.769668 -0.081484 -1.205249
-0.791134 -0.012000 -1.228825
-0.778122 -0.021858 -1.239809
-0.733611 -0.075437 -1.235040
-0.753092 -0.108644 -1.223266
-0.785257 -0.093196 -1.233898
-0.733322 -0.140588 -1.223644
-0.760319 -0.081440 -1.269701
-0.778472 -0.042143 -1.222332
-0.825305 0.060156 -1.156466
-0.746254 0.084654 -1.175542
-0.786604 0.072388 -1.263030
-0.848520 0.077550 -1.144816
-0.856831 0.098596 -1.126509
-0.750275 -0.098430 -1.206360
-0.622290 -0.182735 -1.234510
-0.700887 -0.066871 -1.204434
-0.859917 -0.041993 -1.273362
-0.686447 -0.047384 -1.232554
-0.782528 -0.069104 -1.221213
-0.708105 -0.028674 -1.228979
-0.694057 -0.085059 -1.222501
-0.776429 -0.024810 -1.236593
-0.794520 0.011976 -1.228695
-0.900968 0.023678 -1.147074
-0.717871 -0.114903 -1.236888
-0.767062 -0.078023 -1.243428
-0.802691 -0.065442 -1.192545
-0.665645 0.029786 -1.195068
-0.750626 -0.002990 -1.169695
-0.711190 -0.107620 -1.222021
-0.698675 0.032241 -1.209859
-0.747173 0.005973 -1.209999
-0.723306 -0.002220 -1.211674
-0.799488 0.043358 -1.199181
-0.758386 -0.074144 -1.185340
-0.618576 -0.098447 -1.224916
-0.704808 -0.014484 -1.237694
-0.778922 -0.080606 -1.210061
-0.760458 -0.009522 -1.209518
-0.689186 0.042589 -1.206898
-0.722630 0.102622 -1.171941
-0.744722 -0.095451 -1.200852
-0.711811 -0.120389 -1.222706
-0.784154 -0.109153 -1.217422
-0.777928 0.106576 -1.238874
-0.844085 -0.015446 -1.248025
-0.690353 -0.006463 -1.326260
-0.723187 -0.059103 -1.280201
-0.714498 -0.089838 -1.220191
-0.717660 -0.109137 -1.226175
-0.784611 0.039785 -1.284546
-0.753357 -0.120682 -1.244304
-0.775527 -0.080684 -1.204625
0.250564 -0.643041 -0.828957
0.073387 -0.764922 -0.848473
0.018615 -0.761697 -0.855020
0.173589 -0.654659 -0.851960
0.019021 -0.810455 -0.880005
0.336989 -0.738295 -0.914126
-0.004205 -0.759231 -0.845672
0.043844 -0.759683 -0.791707
-0.016100 -0.800273 -0.852744
0.236209 -0.737403 -0.870541
-0.008900 -0.757145 -0.848363
0.025745 -0.789626 -0.855187
0.081155 -0.813414 -0.882823
0.184812 -0.760022 -0.879688
0.094586 -0.780720 -0.872516
0.195297 -0.893422 -0.938075
0.060159 -0.800042 -0.862120
-0.008425 -0.697067 -0.829085
0.018857 -0.762158 -0.855019
0.190011 -0.794750 -0.880894
0.581384 -1.132259 -1.228151
-0.041587 -0.772790 -0.829950
0.003101 -0.810598 -0.849158
0.085712 -0.785196 -0.846581
0.031668 -0.805358 -0.867027
0.338724 -1.020583 -1.040856
0.092354 -0.851656 -0.921371
-0.008061 -0.790130 -0.839742
0.045664 -0.740242 -0.851116
0.127385 -0.802847 -0.893925
0.047294 -0.803769 -0.869506
0.461653 -1.062778 -1.156883
0.438170 -1.198121 -1.182562
0.369628 -0.930028 -1.055994
0.010177 -0.771037 -0.840856
0.017930 -0.840034 -0.869936
0.120854 -0.744282 -0.858892
0.055050 -0.747983 -0.855074
0.060473 -0.751945 -0.863663
0.249434 -0.912038 -0.934657
0.021182 -0.696307 -0.818997
0.007452 -0.780605 -0.836669
0.342873 -0.765101 -0.878844
0.404022 -0.938091 -1.062543
0.281292 -1.001367 -1.027242
0.025977 -0.804215 -0.868968
0.033739 -0.828569 -0.887243
0.248533 -0.948809 -1.008184
0.118345 -0.802492 -0.865613
0.023137 -0.822964 -0.882268
0.139295 -0.812276 -0.902884
0.269784 -0.818393 -0.920616
0.273631 -0.902183 -0.940841
-0.043039 -0.660446 -0.823777
0.303136 -0.944101 -0.998986
0.072052 -0.774381 -0.816655
0.042557 -0.782427 -0.852484
0.041343 -0.763487 -0.855114
0.035569 -0.840152 -0.865482
0.071034 -0.741416 -0.847729
0.045907 -0.851509 -0.894646
0.026227 -0.725352 -0.841400
0.006944 -0.811545 -0.869013
0.170786 -0.809769 -0.912566
0.223260 -0.841237 -0.924935
0.095641 -0.782883 -0.864588
0.071000 -0.644880 -0.808464
-0.039794 -0.773222 -0.835652
0.032724 -0.827046 -0.860604
0.313689 -0.877422 -0.857075
0.466860 -1.128991 -1.181019
0.394993 -1.038314 -1.093689
0.034466 -0.843288 -0.904725
0.124842 -0.823955 -0.896050
0.350777 -0.955540 -1.031423
0.027569 -0.797305 -0.863247
-0.020794 -0.686417 -0.827017
0.109025 -0.791139 -0.883250
0.109884 -0.791902 -0.880940
0.184134 -0.798071 -0.884922
0.023460 -0.760807 -0.825936
-0.013491 -0.784691 -0.841499
0.044614 -0.765430 -0.818058
0.028829 -0.833527 -0.863747
0.098828 -0.854598 -0.908804
0.120873 -0.867772 -0.891752
0.258190 -0.724837 -0.864708
0.290270 -0.899859 -1.002035
0.129234 -0.770916 -0.879124
0.055418 -0.856596 -0.893964
0.015812 -0.815649 -0.873769
0.020398 -0.721963 -0.833615
0.012881 -0.808988 -0.867190
0.234554 -0.843958 -0.930463
0.355493 -0.721724 -0.931048
0.036285 -0.851889 -0.865881
0.484633 -1.204073 -1.237008
0.330922 -1.054858 -1.081929
0.114531 -0.793025 -0.882245
-0.025820 -0.774583 -0.854135
0.034714 -0.812527 -0.880205
0.330967 -0.953166 -0.992866
0.047395 -0.806257 -0.869554
0.094163 -0.821307 -0.887399
0.133521 -0.826038 -0.899954
0.283776 -0.877136 -0.959586
0.248404 -0.879660 -0.945930
0.108606 -0.791615 -0.878286
0.277624 -0.896045 -0.975182
0.269412 -0.957901 -1.000679
0.170656 -0.890463 -0.958375
0.173572 -0.911421 -0.941148
0.287356 -0.990176 -0.993789
-0.029689 -0.784197 -0.853268
0.103310 -0.807578 -0.839237
0.385186 -1.165752 -1.176044
0.180974 -0.869612 -0.883276
0.050262 -0.831112 -0.868752
0.290323 -0.890033 -0.964071
0.043174 -0.748354 -0.804749
0.186836 -0.802439 -0.876825
0.204793 -0.908718 -0.976215
0.317180 -0.771251 -0.897048
0.501687 -1.093897 -1.197789
0.062905 -0.800389 -0.876199
0.165085 -0.925403 -0.988572
0.329455 -0.721229 -0.882783
0.318315 -0.991073 -1.035500
0.086774 -0.784788 -0.819617
0.424498 -1.005684 -1.085567
0.075450 -0.775893 -0.813394
0.164746 -0.872243 -0.923608
0.564318 -1.118517 -1.215925
0.640824 -1.176348 -1.263351
0.111963 -0.805421 -0.878342
0.232745 -0.895086 -0.913294
0.160008 -0.829056 -0.919372
0.330112 -0.804691 -0.855202
0.056038 -0.824556 -0.873901
0.408366 -0.979353 -1.047982
0.002536 -0.835775 -0.861896
0.002458 -0.706652 -0.834446
0.098152 -0.783517 -0.874452
0.077944 -0.765344 -0.867199
0.112250 -0.794880 -0.878747
0.311232 -0.911299 -0.973200
0.102542 -0.788959 -0.868660
0.323347 -0.990206 -0.950270
0.299092 -0.939238 -0.981728
-0.035520 -0.794508 -0.824410
8.022659 0.820994 -1.935543
-9.557020 -1.371072 0.194521
-13.821311 -1.922542 0.695658
3.776132 0.432113 -1.275636
3.955444 0.528572 -1.294573
-8.985878 -1.331509 0.295656
11.159694 1.276556 -2.224297
-1.520271 0.004258 -0.694612
-1.852690 0.011502 -0.597685
-3.578555 -1.130239 -0.293428
-7.833681 -1.123316 0.230871
5.742158 0.889661 -1.607551
4.630211 0.576695 -1.592077
5.089774 0.718340 -1.740346
-1.356904 0.122824 -0.573580
-1.885376 0.730703 -0.214352
-0.922229 0.098621 -0.866342
1.036533 -0.297192 -0.637493
0.680871 -0.344665 -0.666307
-0.898376 0.070212 -0.847510
4.328195 0.552253 -1.599893
-2.466447 -0.032069 -0.593259
5.646579 1.013474 -0.578326
-1.044533 0.167697 -0.620186
-1.784124 0.588787 -0.957909
12.834528 2.585436 -1.100480
-5.041081 1.888061 0.878949
-1.117521 0.258138 -0.820074
11.237758 1.559320 -2.571162
1.893787 -2.362276 -0.906941
0.107011 -0.670942 -0.888761
-0.250997 -0.442357 -1.107139
-0.005727 -0.555360 -0.917542
0.244573 -0.744699 -0.824194
-0.432848 -0.313978 -1.088197
-0.913491 0.261638 -1.270324
0.502049 -1.079099 -0.861089
-0.152664 -0.537629 -0.913908
-0.304174 -0.506769 -0.955097
-1.253948 0.532199 -1.409526
0.413619 -0.827262 -0.898547
-0.102796 -0.539982 -0.925726
2.992233 -2.323424 -1.007444
-0.152510 -0.571641 -0.956062
1.789349 -1.285506 -0.824366
1.641001 -1.552569 -0.901570
-0.199698 -0.524049 -0.898858
1.590342 -1.240605 -0.829141
-0.604341 -0.206777 -1.203795
0.727435 -0.806839 -0.890467
2.070687 -2.106236 -0.762029
0.001863 -0.652838 -0.914166
-0.902752 0.060683 -1.203421
0.036074 -0.672256 -0.899162
1.818283 -1.297114 -0.823012
3.824696 -4.707129 1.131589
0.896335 -1.059397 -0.853910
1.043883 -0.845482 -0.886253
0.115817 -0.742153 -0.905337
2.651418 -2.248034 -1.016108
-0.397236 -0.447552 -1.027435
-0.910131 0.258328 -1.268397
-0.404034 -0.422463 -1.023378
-0.174577 -0.558321 -0.888365
0.375540 -0.957357 -0.876788
-0.109907 -0.537678 -0.880523
-1.134976 0.325228 -1.361154
-0.144159 -0.572542 -0.903819
5.423353 -7.034151 4.126601
1.767286 -2.130606 1.635168
4.985659 -6.171996 3.074817
5.332528 -5.047445 3.137368
5.211834 -6.840604 3.701768
4.732609 -5.939489 2.904515
5.245813 -4.968924 3.071590
0.941816 -1.391519 -0.287250
4.663566 -5.532923 2.604913
5.378522 -6.607368 3.383636
-1.410407 0.500410 -1.613951
2.383683 -3.144003 2.210476
4.443615 -4.400144 2.122207
-1.383703 0.831300 -2.816835
4.698460 -6.022831 2.863769
3.715776 -3.819412 1.666913
5.230487 -6.428665 3.703605
0.893409 -1.684895 -0.000103
-0.230518 -0.527100 -0.871464
3.970106 -4.032190 1.835776
2.183086 -2.814110 0.954254
5.753797 -7.412496 4.447602
1.895441 -2.742443 1.576601
1.791454 -2.808493 1.183737
0.430094 -0.893721 -0.563026
-1.393120 0.752043 -2.416775
-7.140778 6.114302 -8.440938
8.993918 -10.004265 11.156562
6.295283 -8.729933 6.175404
0.517353 -0.955108 -0.507225
3.188575 -3.934089 3.324854
2.653295 -2.735812 0.572571
1.478715 -2.449688 0.560087
5.857578 -7.406048 4.197597
0.015715 -0.713148 -0.666082
-0.191933 -0.592517 -0.930281
-2.586337 2.394015 -3.937659
1.492613 -2.475859 0.906337
4.588154 -4.543896 2.236001
0.122269 -0.751539 -0.616985
-0.018184 -0.639380 -0.762908
0.042815 -0.756085 -0.648835
6.185191 -4.247353 1.646565
5.057881 -3.546402 4.048707
6.008268 -4.123285 1.592528
5.532723 -4.200743 4.129405
6.190132 -4.520395 1.751956
4.922096 -3.354867 3.650860
7.155689 -4.727674 1.727813
4.923016 -3.395687 3.915739
6.300606 -4.596227 1.846475
6.061554 -4.762941 2.203173
3.100416 -2.282649 1.003990
0.389742 -0.463732 -0.442227
1.855373 -0.993590 0.339346
4.998701 -3.429949 3.405173
-1.636237 1.389944 -2.286394
6.877931 -3.682845 2.027561
6.569226 -3.524812 1.986017
1.763226 -0.970640 0.116690
3.956275 -2.252816 3.486698
1.262949 -0.803701 -0.466000
4.988576 -3.784707 3.686711
-2.238577 1.564404 -1.787075
6.549092 -5.014404 1.956188
4.842557 -3.337474 3.268268
-0.993779 0.223538 -1.084029
0.708132 -0.654954 -0.067422
1.731636 -0.991455 -0.376138
10.671312 -5.756317 4.103966
5.504192 -3.652485 3.720377
5.833271 -4.726806 2.032631
9.006080 -5.986326 6.450042
3.336173 -2.169465 0.623910
6.588876 -4.217026 2.051602
2.831938 -1.880787 0.831646
-1.618143 0.386164 -1.330826
3.057001 -2.476874 1.892884
5.992825 -3.238224 2.017637
2.982176 -1.946635 0.932394
3.126866 -2.050151 0.905637
-1.043305 0.463461 -1.763753
5.566883 -4.563990 1.889009
3.641774 -2.937036 2.265788
-0.634963 0.167031 -1.467971
-4.181003 3.270038 -2.279239
4.822341 -3.242752 1.013437
6.012765 -4.267694 1.756942
2.529551 -2.009889 0.879037
8.009591 -5.622090 5.087606
12.121944 -6.686436 4.729813
-2.262299 0.558445 -2.895030
5.983339 -4.256434 2.929644
2.086172 -1.547301 0.568211
-3.679409 1.363968 -2.742831
4.812681 -3.989531 3.788954
4.944516 -4.100849 2.924696
2.986264 -1.883573 0.592147
1.079048 -0.685883 -0.127680
0.431700 -0.450167 -0.757423
4.060960 -2.728879 3.090181
-1.805117 0.277810 -1.041048
9.568538 -6.371723 8.511568
9.536521 -6.186334 8.201169
0.323296 -0.750560 -0.538074
0.334689 -0.887910 -0.397778
-1.815811 -0.352478 -1.075458
8.192623 -5.399444 6.632089
0.063750 -0.789306 -0.672762
-0.192746 -0.455704 -0.870236
4.320383 -1.329852 0.240423
5.956176 -4.001139 4.312834
-1.225676 -0.067943 -1.024481
-4.570407 0.925792 -1.945939
-0.034947 -0.716286 -0.542016
9.382386 -5.182512 2.315088
10.241783 -2.323766 0.071449
12.101821 -7.660314 10.117713
8.442125 -4.876166 1.157354
0.418179 -0.972357 -0.296822
0.488872 -0.974366 -0.219415
-0.224725 -0.451727 -0.885667
1.237960 -1.204648 -0.387025
1.628519 -1.249637 -0.167114
-0.059771 -0.684661 -0.546168
6.897825 -1.007515 0.401174
8.671784 -5.509334 1.851038
8.844581 -5.411997 2.562985
0.914276 -1.071115 -0.458213
4.160333 -2.832910 5.256170
0.257916 -0.865952 -0.425696
-7.299371 3.302767 -6.393997
-0.425686 -0.378978 -0.958792
0.062456 -0.694078 -0.581559
0.057973 -0.643279 -0.781642
-11.379291 1.872753 -4.630512
0.466811 -0.960092 -0.376514
-0.027469 -0.648052 -0.690410
-0.174299 -0.565024 -0.799275
10.023176 -4.896271 2.263319
-0.529366 -0.404493 -0.958246
-9.429094 2.530453 -3.000211
-0.390923 -0.427581 -0.941190
0.153656 -0.709876 -0.769682
0.349105 -0.866274 -0.417515
0.015017 -0.673810 -0.649912
-0.268175 -0.466111 -0.920980
0.762232 -1.081475 -0.238723
-0.291343 -0.516402 -0.907454
-3.548112 0.328290 -1.241469
9.320419 -4.625142 2.745623
6.913066 -5.067844 5.307997
-0.155107 -0.601173 -0.851171
-0.663798 -0.223238 -1.003226
-0.005633 -0.622711 -0.874945
-0.123858 -0.532818 -0.829384
-1.594631 0.233641 -1.959579
0.410290 -0.914928 -0.267080
-0.210031 -0.544211 -0.921716
-0.156240 -0.534724 -0.879309
0.210485 -0.789952 -0.429893
-0.174890 -0.557925 -0.672796
0.498299 -0.926075 -0.348637
-0.047729 -0.644773 -0.734057
-0.265864 -0.439862 -0.924021
-3.087267 1.244702 -3.282585
-0.463198 -0.318003 -1.030333
5.911807 -4.053593 1.046005
4.408073 -2.954232 0.525916
0.345056 -0.866583 -0.391267
0.324975 -0.967965 -0.467143
-0.421046 -0.417410 -0.975370
0.495882 -1.038767 -0.351825
0.319217 -0.844451 -0.405231
0.220474 -0.787839 -0.484539
-2.525824 0.625950 -1.275377
-0.034119 -0.607176 -0.620534
0.352010 -0.783658 -0.563242
1.542939 -1.063112 -0.226485
1.341234 -1.312544 -0.213292
10.377561 -1.558765 0.154661
4.853358 -0.929450 0.126081
4.555008 -3.564886 3.001229
0.974616 -1.011156 -0.372854
0.035961 -0.718317 -0.405430
0.233426 -0.878018 -0.498392
1.343761 -1.266815 -0.229853
-0.350447 -0.473616 -0.962595
1.843305 -1.787041 0.772851
1.145481 -1.110160 -0.439440
4.152748 -2.220146 4.445943
-2.493262 -0.454976 -1.332116
-0.132739 -0.493754 -0.924736
-0.053541 -0.675309 -0.858849
-6.349819 1.269724 -1.595406
-9.756222 3.389333 -12.168775
-0.013315 -0.708273 -0.885732
-0.328360 -0.476277 -0.955534
2.033166 -1.172239 -0.352558
-0.410272 -0.418038 -0.977526
3.193582 -1.135315 -0.210374
-2.876720 0.595375 -1.709943
0.639650 -1.021037 -0.429382
3.672427 -1.201253 -0.238135
-0.932799 -0.419781 -0.832951
-0.405207 -0.481267 -0.927287
-1.036118 -0.490907 -0.762586
-2.416470 -1.025562 -0.384290
-0.510763 -0.378721 -0.865882
-0.289522 -0.486458 -0.918644
-0.417901 -0.408432 -0.859827
-0.600822 -0.380004 -0.881799
-0.886399 -0.327934 -0.991126
-0.736530 -0.392493 -0.787507
-0.735929 -0.312761 -0.937748
-0.972487 -0.518556 -0.669440
-0.201651 -0.531275 -0.907161
-0.545150 -0.362846 -0.840068
-0.479457 -0.366697 -0.883688
-0.341655 -0.487340 -0.927115
-0.492059 -0.463224 -0.980489
-0.376564 -0.482818 -0.927165
-0.340687 -0.360060 -0.796211
-0.756821 -0.403875 -0.796096
-1.929501 -0.958721 -0.220105
-0.525817 -0.448266 -0.918931
-1.928757 -0.884694 -0.270678
-0.729543 -0.544491 -0.783947
-0.668955 -0.306755 -0.756007
-0.398030 -0.476787 -0.936778
-1.029988 -0.507474 -0.595008
-1.343174 -0.571493 -0.461046
-0.818599 -0.390114 -0.954344
-0.386086 -0.499035 -0.930934
-2.558243 -1.134220 -0.182943
-0.386057 -0.483410 -0.918529
-0.163990 -0.518904 -0.976609
-0.716071 -0.464757 -0.862457
-0.419296 -0.484112 -0.897997
-0.599121 -0.271904 -0.813075
-0.564852 -0.373095 -0.721928
-0.196643 -0.477953 -0.947017
-0.742767 -0.343194 -0.770896
-0.174349 -0.464521 -0.951387
-0.436020 -0.504868 -0.911688
-0.944429 -0.552776 -0.690922
-0.710365 -0.437236 -0.756332
1.682051 0.184211 -1.283445
-0.026825 -0.486143 -0.895054
-0.215916 -0.443534 -0.885275
-0.285635 -0.507253 -0.920665
-4.347399 -1.614752 0.411985
-0.502472 -0.322818 -0.728976
-0.821622 -0.445515 -0.737335
-0.870147 -0.468899 -0.740623
-0.844905 -0.345962 -1.014503
-0.357425 -0.502451 -0.922347
-0.136450 -0.541616 -0.869717
-0.311333 -0.490202 -0.924097
1.356891 0.098529 -1.139217
-0.477827 -0.532244 -0.879618
-1.143150 -0.662652 -0.436717
-1.203284 -0.626622 -0.342989
-1.199393 -0.618819 -0.344239
-0.203823 -0.486484 -0.940176
-0.304356 -0.510936 -0.934063
-0.392349 -0.493296 -0.937827
-0.624401 -0.480447 -0.973500
-0.281283 -0.350796 -0.815540
-0.935155 -0.561888 -0.768165
-0.771053 -0.412536 -0.788137
-0.570591 -0.297360 -0.812157
-0.643147 -0.465569 -0.943340
-0.928525 -0.499343 -0.649636
-0.697099 -0.316883 -0.793255
-0.698630 -0.306253 -0.758196
0.069439 -0.516357 -0.902921
-0.192202 -0.485597 -0.949587
-0.356956 -0.391412 -0.792293
-0.853842 -0.376013 -0.598391
-1.180996 -0.592484 -0.551953
-0.757865 -0.460031 -0.747213
-0.525028 -0.483836 -0.955289
-0.449832 -0.541403 -0.858517
-0.350974 -0.490585 -0.930490
-0.342123 -0.516491 -0.922727
-1.231700 -0.673501 -0.349342
-7.848114 -2.701912 0.781889
-0.319853 -0.513267 -0.933130
-0.275897 -0.503328 -0.918947
-0.419540 -0.500668 -0.935496
-0.927244 -0.359784 -1.032687
-0.231994 -0.486369 -0.916979
-0.163891 -0.521580 -0.921153
-0.627372 -0.348336 -0.787974
-0.641955 -0.338951 -0.868799
-0.270840 -0.478233 -0.947740
-0.228104 -0.518290 -0.903949
-0.385686 -0.505045 -0.942111
-0.298319 -0.495639 -0.926389
-1.981484 -0.856241 -0.265683
-0.700556 -0.316228 -0.739539
-0.078138 -0.485478 -0.933847
-0.795661 -0.418524 -0.838412
-1.129787 -0.499364 -0.528772
-1.267598 -0.666720 -0.297365
-0.302541 -0.494519 -0.926294
-0.466963 -0.374554 -0.833046
-1.973902 -1.036386 -0.026939
-0.147497 -0.460616 -1.015802
-0.356820 -0.496496 -0.932877
-0.350756 -0.512178 -0.918888
-1.359521 -0.724728 -0.176829
-1.131538 -0.562407 -0.407675
-0.964527 -0.285940 -0.991677
-1.186140 -0.619358 -0.374255
-0.999394 -0.439031 -0.617051
-1.227253 -0.642342 -0.297037
-1.069091 -0.488922 -0.516428
-1.176572 -0.623760 -0.401099
-1.094058 -0.399327 -0.838202
-1.183841 -0.621626 -0.437551
-1.147366 -0.555469 -0.430510
-1.213663 -0.670219 -0.278858
-1.119599 -0.563990 -0.515787
-1.140088 -0.575142 -0.487521
-0.960362 -0.233766 -0.945989
-1.203639 -0.635863 -0.271482
-1.485826 -0.739470 -0.286500
-0.991735 -0.303933 -0.980077
0.172355 -1.292070 -0.934854
0.175082 -1.281957 -0.941085
0.169571 -1.305926 -0.927403
0.160901 -1.343070 -0.907242
0.175557 -1.284241 -0.940509
0.163482 -1.320529 -0.918868
0.114068 -1.883235 -0.716740
-0.216123 -0.961025 -1.055456
0.035221 -1.231607 -1.019643
0.145952 -1.427142 -0.853426
0.082092 -1.246397 -0.993790
0.195229 -0.798214 -1.115567
0.080357 -1.368067 -1.003972
0.041495 -0.767423 -1.133396
-0.068749 -1.167036 -0.915040
0.355598 -2.120327 -0.668381
0.043882 -0.816240 -1.117261
-0.051303 -1.002464 -1.090245
0.147079 -1.148840 -1.030476
0.145693 -1.878526 -0.762639
0.115362 -1.570328 -0.774433
0.161014 -1.342734 -0.907344
0.182436 -1.260739 -0.955173
0.141947 -1.113779 -1.133349
0.158520 -1.429954 -0.856594
0.517818 -2.690113 -0.550177
0.128383 -0.898549 -1.084132
-0.125683 -0.987152 -1.109000
0.153334 -1.375425 -0.886129
-0.072367 -1.000213 -1.125874
0.098131 -1.498014 -0.862519
0.157736 -1.636766 -0.780124
0.032970 -1.108300 -1.134640
0.163904 -1.677275 -0.733144
0.112059 -1.099802 -1.033044
0.427115 -2.296091 -0.617568
-0.149763 -1.058416 -0.902338
0.049064 -1.178720 -1.177915
0.029424 -0.727631 -1.111558
0.021581 -1.351232 -0.999321
0.174690 -1.189119 -1.039732
0.163202 -1.397254 -0.875998
-0.164183 -0.773547 -1.058557
0.066051 -1.140523 -1.116423
-0.167409 -0.939473 -1.065194
0.072513 -1.221227 -1.128577
0.101824 -1.087254 -1.042129
0.139935 -1.425464 -0.855805
-0.154911 -0.960409 -1.095358
0.066174 -1.081157 -1.104906
0.241371 -0.962116 -1.109423
-0.033427 -1.138494 -1.054542
-0.088141 -1.044604 -1.109593
0.098688 -1.557935 -0.848946
-0.074169 -1.037299 -1.159885
0.050306 -1.178368 -1.107079
0.168310 -1.264358 -0.930253
-0.034461 -1.018895 -1.121409
0.021942 -1.193171 -0.958643
0.118263 -1.529464 -0.880888
0.121430 -1.190651 -0.939376
0.020670 -1.273214 -1.129327
-0.021271 -1.097536 -1.143009
0.165839 -1.394002 -0.878619
0.016326 -1.271431 -1.106176
0.134456 -1.182780 -0.982537
-0.086155 -1.124881 -0.937966
-0.103846 -0.888764 -1.009708
0.166178 -1.339152 -0.904130
0.117474 -1.616649 -0.889185
-0.088835 -1.021405 -1.132600
-0.243009 -0.862242 -1.040916
0.128930 -0.770129 -1.178949
0.077322 -1.167404 -1.165967
-0.007347 -0.988370 -1.150533
-0.146915 -0.990887 -1.099714
0.050897 -1.421517 -0.998473
0.101932 -1.405194 -0.959430
-0.085741 -1.061176 -1.136187
0.170760 -1.107022 -1.056060
-0.101383 -0.878125 -0.988331
-0.241111 -0.576170 -0.853463
0.054273 -1.191109 -1.182583
-0.163968 -0.861862 -1.060891
-0.197260 -0.937403 -1.061267
0.144563 -1.292748 -0.934311
0.076155 -1.229167 -1.109522
0.060109 -1.137281 -1.155684
-0.034951 -1.177358 -1.067144
-0.275043 -0.560996 -0.909251
0.146462 -1.022041 -1.162883
0.042546 -1.227184 -1.110849
0.009510 -1.147457 -1.146057
-0.261499 -0.750351 -0.994009
-0.068062 -1.050251 -1.137806
0.030510 -1.249241 -1.105533
0.157652 -1.357837 -0.898035
-0.275384 -0.559751 -0.910216
0.011884 -1.267599 -1.122281
0.127327 -1.289305 -0.982208
0.291106 -0.934588 -1.073702
-0.031701 -1.063629 -1.142776
-0.176510 -0.799624 -1.023814
-0.422174 -0.476867 -0.918010
-0.247999 -0.564629 -0.883888
-0.202902 -0.576120 -0.881442
-0.222232 -0.546094 -0.900692
-0.316550 -0.522237 -0.907967
-0.304744 -0.547080 -0.868365
-0.172600 -0.590896 -0.889586
0.070424 -1.201608 -1.148928
-0.338104 -0.515644 -0.904800
-0.411625 -0.478602 -0.894311
-0.400392 -0.491883 -0.889439
-0.261369 -0.545302 -0.877925
0.020787 -1.253271 -0.944109
0.263547 -0.749003 -1.134675
-0.085880 -1.007692 -1.130840
-0.241317 -0.581364 -0.895189
0.214609 -1.525097 -0.834312
-0.340042 -0.517704 -0.876535
-0.275885 -0.530380 -0.880769
-0.203692 -0.649851 -0.909636
-0.649540 -0.209400 -0.928559
-0.422692 -0.483813 -0.899626
-0.072829 -1.040000 -1.127647
-0.306842 -0.522621 -0.871920
0.218395 -0.840060 -1.047573
-0.242541 -0.539929 -0.892771
-0.478691 -0.120782 -0.775604
-0.212790 -0.573670 -0.881079
0.002322 -0.679712 -1.052176
-0.643792 -0.444267 -1.045554
0.291229 -0.811602 -1.194309
-0.255520 0.233054 -0.978229
-0.582125 -0.155289 -0.993320
-0.423644 -0.365485 -0.933973
-0.370957 0.190934 -1.005785
-0.384373 -0.173645 -1.082816
-0.371769 -0.841008 -0.894813
-0.379773 0.328384 -1.085958
-0.329515 -0.031805 -1.043319
-0.365862 -0.350725 -0.974886
0.169376 1.119266 -1.582800
-0.416846 -0.274783 -1.029199
-0.263333 0.138047 -0.982013
-0.274984 -0.150903 -1.087315
-0.317015 -0.558549 -0.879834
-0.406855 -0.389969 -0.927869
-0.411095 -0.243570 -0.973569
-0.332361 -0.495513 -0.911512
-0.390377 -0.246251 -0.995921
-0.377492 0.254708 -1.162280
-0.219686 -0.002924 -1.093958
-0.311812 -0.543867 -0.890779
-0.273825 -0.258328 -0.909394
-0.333001 -0.553032 -0.889544
-0.443616 0.029876 -1.042265
-0.370323 -0.389787 -1.037958
-0.540574 0.045653 -1.120077
-0.406209 -0.352646 -0.974626
-0.331558 -0.186471 -1.087076
-0.340457 -0.427558 -0.999932
-0.696531 0.155297 -0.968759
-0.292036 -0.009399 -0.958869
-0.286777 -0.603086 -0.896091
-0.467695 0.090231 -1.027725
-0.467731 -0.269766 -0.975053
-0.306138 -0.533174 -0.887413
-0.209313 0.099922 -1.104484
-0.550641 -0.106616 -0.950648
-0.454861 0.130167 -1.114510
-0.250934 -0.288906 -1.007015
-0.266704 -0.370575 -0.924615
-0.403060 0.273278 -0.941431
-0.498330 -1.036689 -0.923795
-0.289492 -0.429137 -0.913092
-0.282366 -0.579202 -0.881597
-0.334397 -0.134080 -1.082888
-0.638481 0.195282 -1.000078
-0.714914 0.103264 -0.981032
-0.358352 0.199025 -0.959292
-0.381089 0.151964 -1.121697
-0.533053 -0.096112 -0.910429
-0.286798 -0.396267 -0.918611
-0.440435 -0.330855 -0.954338
-0.473086 -0.152963 -1.088783
-0.449642 -0.302585 -1.012729
-0.443045 -0.103286 -1.069817
-0.222882 0.247742 -1.119467
-0.318699 0.005657 -0.975021
-0.309363 -0.505544 -0.903248
-0.403893 0.187750 -1.162729
-0.342509 -0.258015 -1.066959
-0.466646 -0.324963 -1.046961
0.086295 0.619258 -1.167963
-0.455178 0.158296 -1.056033
-0.247506 -0.325046 -0.935830
0.779747 3.434470 -1.258806
-0.354735 0.248272 -0.961719
-0.734621 0.128343 -0.930810
-0.161312 0.450347 -1.114332
-0.347757 -0.323342 -1.020292
-0.688340 0.055470 -0.926333
-0.218466 0.102559 -1.098609
-0.270781 -0.310363 -0.950659
-0.356778 -0.437656 -0.953285
-0.460312 -0.342422 -0.940510
-0.042971 0.745814 -1.211222
-0.425168 -0.301822 -1.052900
-0.205661 0.119804 -1.108159
-0.217127 0.052269 -1.087749
-0.051791 0.598741 -1.217522
0.092691 1.043255 -1.404836
-0.258027 0.296108 -1.113076
-0.519107 0.215493 -1.057353
-0.198076 0.095467 -1.113872
-0.345080 -0.281271 -1.067472
-0.215127 0.080649 -1.105814
-0.405301 -0.270894 -0.964079
-0.332786 -0.419803 -0.945748
-0.476920 -0.886664 -0.821119
-0.140158 0.641212 -1.168789
-0.424885 -0.286416 -0.986060
-0.383032 -0.324839 -0.996119
-0.233299 -0.061813 -1.133146
-0.274772 -0.826751 -0.802542
-0.331265 -0.294523 -1.012452
-0.708600 0.128773 -0.914137
-0.284700 -0.530289 -0.882959
-0.343800 -0.174243 -1.052064
-0.407526 -0.205436 -1.041876
-0.235209 -0.079316 -1.121154
-0.400229 -0.371649 -1.033843
-0.412933 -0.239622 -1.049053
-0.415266 -0.370933 -1.044064
-0.136767 0.769763 -1.099165
-0.263768 -0.021753 -0.974110
-0.289790 -0.528039 -0.873814
-0.308636 -0.480465 -0.874432
-0.318568 -0.448373 -1.073436
-0.365631 -0.425614 -0.887366
-0.555021 -0.068797 -0.989842
-0.253667 -0.772906 -1.125122
-0.263951 -0.707929 -1.075974
-0.289730 -0.534777 -1.053130
0.276014 2.007313 -1.130721
-0.222614 -0.143187 -1.046496
-0.195013 0.299617 -1.126071
0.159685 1.069261 -1.210662
-0.297350 -0.475159 -0.857078
-0.381932 -0.453737 -1.074256
-0.163028 0.608126 -1.085402
-0.353856 -0.402929 -0.861809
-0.472558 -0.175271 -0.997505
-0.358732 -0.401871 -0.861499
-0.355164 -0.277257 -1.053698
-0.248844 -0.767211 -1.086187
-0.266488 -0.545513 -0.924795
-0.924638 0.199792 0.242026
-0.273759 -0.548106 -1.111978
-0.277201 -0.596963 -1.169404
-0.291258 -0.528124 -0.900101
-0.294002 -0.530338 -0.896729
-0.233421 0.010333 -0.459543
-0.271930 -0.590902 -1.028067
-0.240360 -0.667243 -1.076774
-0.288868 -0.566584 -1.196441
-0.303624 -0.627614 -1.112774
-0.177597 -0.626012 -1.158278
-0.223015 -0.567226 -1.212272
-0.337558 -0.633413 -1.095868
-0.230666 -0.641243 -1.084659
-0.287994 -0.087628 -0.627480
-0.195748 -0.608558 -1.142332
-0.314822 -0.295153 -0.604158
-0.130746 -0.648049 -1.128832
-0.225217 -0.629215 -1.051118
-0.342473 -0.050566 -0.566169
-0.234105 -0.618076 -1.119246
-0.231592 -0.670552 -1.117390
-0.176601 -0.619310 -1.129572
-0.210762 -0.577434 -1.113067
-0.304876 -0.554289 -1.041741
-0.233629 -0.711566 -1.088047
-0.232414 -0.569827 -1.130960
-0.855312 -0.043426 0.727349
-0.216306 -0.618634 -1.059373
-0.311667 -0.070918 -0.571406
-0.282350 -0.605373 -1.168757
-0.264248 -0.113057 0.056973
-0.237394 -0.726920 -1.114392
-0.224746 -0.555855 -1.180697
-0.277600 -0.125266 -0.447930
-0.600105 0.035160 0.373905
-0.150033 -0.645769 -1.125543
-0.247471 -0.560551 -1.029587
-0.202251 -0.644909 -1.111410
-0.768693 -0.018085 1.176298
-0.204505 -0.530486 -1.228469
-0.335154 -0.246294 -0.144986
-0.335992 -0.062624 0.183353
-0.326885 -0.655869 -1.185188
-0.814163 -0.213456 0.679766
-0.725611 -0.348442 0.350870
-0.295914 -0.709372 -1.142682
-1.671266 0.112586 2.194427
-0.277620 -0.179308 0.118075
-0.305632 -0.250312 0.088149
-0.231609 -0.310833 -0.447468
-0.343188 -0.283315 -0.041193
-0.301434 -0.146177 0.011433
1.181862 -7.089388 -5.222796
1.363760 -7.927828 -5.759429
1.499490 -8.713049 -6.166187
2.085997 -8.485550 -5.867779
2.419236 -9.657994 -6.576967
3.515411 -3.799448 -16.552568
1.224492 -7.251356 -5.346328
-0.132039 -1.112829 -1.308784
1.190320 -7.196556 -5.310484
1.269121 -7.330253 -5.141692
1.339598 -7.740054 -5.670503
1.470153 -7.880412 -5.438752
1.318079 -7.721422 -5.623047
-0.124857 -1.104974 -1.277045
1.423089 -8.291327 -5.970064
1.260692 -7.518708 -5.452179
1.433981 -7.907064 -5.529673
1.214600 -7.476396 -5.333199
-1.325209 1.348944 0.174531
-1.836544 6.415129 3.059843
1.152493 -7.022515 -5.140074
1.865304 -10.239174 -7.195500
1.528067 -8.345237 -5.682760
1.405031 -7.732967 -5.388367
0.007035 -1.318810 -1.576655
-2.109919 5.153114 1.973569
-3.664941 5.363347 2.463516
3.184700 -11.351685 -7.054470
0.591948 -1.820163 -5.085269
1.398116 -7.692358 -5.271037
1.749846 -8.730919 -5.835724
-0.669347 0.183322 -0.526802
-1.529127 1.749076 0.428330
1.189869 -2.339921 -7.140801
-0.130699 -1.112691 -1.266569
-0.130208 -1.112685 -1.266722
1.387071 -7.710839 -5.492398
-0.124880 -1.109248 -1.251141
-0.840776 0.594483 -0.360494
1.168377 -2.315534 -7.050224
-1.056520 2.128155 0.366904
-1.676121 1.769378 0.335175
-0.196282 -1.070266 -1.237517
1.417023 -7.853090 -5.415837
-0.167821 -1.081176 -1.254325
-0.155608 -1.096490 -1.248030
0.177773 -2.169226 -1.944450
1.579050 -9.129353 -6.386593
1.529660 -8.193546 -5.549160
1.035166 -4.701606 -3.298983
2.185983 -6.600171 -4.529284
-1.576427 1.552530 0.163178
-0.104069 -1.116380 -1.267023
-0.556053 -0.028057 -0.703660
-1.899962 2.101018 0.477345
-0.358559 -0.496715 -1.099385
0.429214 -2.438170 -2.105335
-5.762280 15.720432 7.802256
-0.149254 -1.081107 -1.255073
-2.055381 2.443001 0.642759
2.530282 -3.513026 -9.228199
0.545656 -2.515355 -2.147454
3.393554 -4.840826 -13.525264
-1.418614 3.131716 0.807770
0.013309 -1.380183 -1.516684
0.537741 -2.209932 -2.163569
0.530072 -2.580259 -2.170351
-0.105529 -1.024293 -1.160002
-0.328362 -0.538020 -1.149207
0.283755 -1.343262 -3.338332
-1.203251 1.735595 0.126642
-0.142923 -1.048468 -1.179769
-1.204803 1.912736 0.229302
3.126115 -5.004879 -14.224073
-4.966418 13.134100 6.252161
0.205069 -1.499713 -3.804297
-0.275617 -0.534852 -1.161155
-2.484600 4.450004 1.778628
-0.151169 -1.073466 -1.237440
-0.361924 -0.462190 -0.959089
0.087011 -1.593894 -1.682384
-0.118876 -1.114769 -1.228436
-1.820350 2.734047 0.647658
-0.742223 0.126452 -0.595124
-1.521891 2.777669 0.697414
-0.374118 -0.517036 -1.158770
-0.185221 -1.025766 -1.223955
-0.760809 -0.435704 -0.360864
-0.366570 -0.527792 -1.174630
-0.825672 -0.488066 -0.287507
-1.000368 1.702407 5.142087
-0.315521 -0.625147 -1.314244
-0.782318 -0.412556 -0.307242
-0.373935 -0.511237 -1.089424
-0.318908 -0.541506 -1.157979
-0.338060 -0.516135 -1.072703
-0.540785 -0.131047 0.031579
-0.776824 -0.402259 -0.311217
-0.326919 -0.566768 -1.179621
-0.800057 -0.454954 -0.315476
-0.448554 -0.155193 0.244673
-0.430941 -0.229878 0.365818
-0.281165 -0.748676 -1.663373
-0.385764 -0.449226 -0.908391
-0.851781 -0.327007 -0.346754
-0.312846 -0.698405 -1.500393
-0.434057 -0.229817 0.358223
-0.342570 -0.484510 -1.006633
-0.347118 -0.476051 -0.998187
-0.851883 -0.410986 -0.339309
-0.875052 -0.372687 -0.395562
-0.487242 -0.199829 0.227127
-0.327931 -0.564308 -1.173996
-0.523779 -0.124608 0.046127
-0.375005 -0.459673 -0.908366
-0.865042 -0.364436 -0.389314
-0.436602 -0.230277 0.357787
-0.347150 -0.505917 -1.146990
-0.791611 -0.434236 -0.267903
-0.527790 -0.126854 0.040840
-0.278264 -0.753387 -1.676355
-0.327923 -0.565416 -1.176553
-0.311232 -0.443126 -0.983240
-0.345633 -0.471626 -1.002304
-0.367947 -0.458874 -0.916630
-0.331683 -0.450380 -0.961278
-0.343996 -0.491590 -1.026180
-0.342925 -0.487985 -1.012128
-0.849816 -0.332005 -0.372594
-0.344597 -0.477827 -1.018814
-0.398808 -0.461953 -0.886558
-0.354389 -0.418016 -0.852701
-0.346975 -0.451319 -0.942016
-0.332402 -0.447490 -0.957971
-0.487211 -0.199315 0.226030
-0.354926 -0.415317 -0.843092
-0.351035 -0.445748 -0.927882
-0.335744 -0.529148 -1.102135
-0.429687 -0.477175 -0.831916
-0.363074 -0.494006 -1.015201
-0.769907 -0.415452 -0.287123
-0.331159 -0.547058 -1.135681
-0.685987 -0.539272 -0.581136
-0.344551 -0.452259 -0.943530
-0.340697 -0.480444 -1.097739
-0.413736 -0.469549 -0.866745
-0.357961 -0.491889 -1.033899
-0.824281 -0.422116 -0.380049
-0.344515 -0.478011 -0.993027
-0.350592 -0.522729 -1.178008
-0.370240 -0.456592 -0.916781
-0.510212 -0.519244 -0.747308
-0.388265 -0.442031 -0.916307
-0.271504 -0.699585 -1.598141
-0.507646 -0.505970 -0.690474
-0.572496 -0.348218 0.121363
-0.855699 -0.459043 -0.362942
-0.819686 -0.414667 -0.299282
-0.312467 -0.545240 -1.354970
-0.817920 -0.440603 -0.363366
-0.855434 -0.465030 -0.343324
-0.762124 -0.552479 -0.492416
-0.061083 -0.146398 -3.774684
-0.522589 -0.434084 -0.806592
-0.220606 -0.306672 -2.263262
0.010989 -0.110260 -4.300644
0.267139 -0.383305 -2.968709
-0.180227 -0.318151 -2.678606
-0.415898 -0.456372 -0.899904
-0.501456 -0.415757 -0.834781
-0.383352 -0.471005 -0.421595
-0.460077 -0.361389 -1.939074
-0.450775 -0.363477 -1.911719
-0.562274 -0.394855 -0.817096
-0.445499 -0.366416 -1.893038
-0.416600 -0.373153 -1.803871
-0.322905 -0.394425 -1.416145
-0.447911 -0.378961 -1.877617
-0.153361 -0.319254 -2.795032
-0.452902 -0.370705 -1.876996
-0.448625 -0.369655 -1.885319
-0.421668 -0.356051 -1.943299
-0.412181 -0.380063 -1.692245
-0.243912 -0.500574 -1.115267
-0.535378 -0.516014 -1.032312
-0.374833 -0.396025 -1.659870
-0.449044 -0.366673 -1.886602
-0.494267 -0.354020 -2.048177
-0.449847 -0.369064 -1.883546
-0.418263 -0.348492 -2.000579
-0.472275 -0.376350 -1.834035
-0.434174 -0.358307 -1.961413
-0.445929 -0.365498 -1.898299
-0.503756 -0.412477 -0.829027
-0.535459 -0.568955 -1.176926
-0.391523 -0.359537 -2.280174
-0.531011 -0.553138 -1.137474
-0.369166 -0.338104 -2.466621
-0.427552 -0.372074 -1.840323
-0.542016 -0.506079 -1.022829
-0.450344 -0.368010 -1.883429
-0.450723 -0.367190 -1.883293
-0.530621 -0.554547 -1.140626
-0.467958 -0.376284 -1.811181
-0.440926 -0.374268 -1.878888
-0.535442 -0.558910 -1.189309
-0.562463 -0.552167 -1.113399
-0.448734 -0.365256 -1.884090
-0.421581 -0.356328 -1.943546
-0.375666 -0.403322 -1.564565
-0.495731 -0.395440 -1.779703
-0.440734 -0.366664 -1.902776
-0.452827 -0.365366 -1.924346
-0.371798 -0.361551 -2.169497
-0.560604 -0.327391 -2.343363
-0.452294 -0.368259 -1.879845
-0.453878 -0.369254 -1.876381
-0.368605 -0.345088 -2.438046
-0.409735 -0.381684 -1.680338
-0.433931 -0.384117 -1.900660
-0.405933 -0.371768 -1.985867
-0.193050 -0.338482 -2.470262
-0.378749 -0.423219 -1.169845
-0.555254 -0.522603 -1.107646
-0.716901 -0.350093 -0.616351
-0.474528 -0.378009 -1.826402
-0.408541 -0.363094 -2.175367
-0.390053 -0.373237 -2.105760
-0.402586 -0.349679 -1.984427
-0.480459 -0.385828 -1.671255
-0.556876 -0.519916 -1.098704
-0.186261 -0.270157 -2.617969
-0.401801 -0.350034 -1.995232
-0.445967 -0.365768 -1.888809
-0.429066 -0.383608 -1.949556
-0.535813 -0.579456 -1.165389
-0.597256 -0.370857 -0.720913
-0.434307 -0.386042 -1.902916
-0.378969 -0.359881 -2.067729
-0.480536 -0.424233 -1.750113
-0.462820 -0.362793 -1.970207
-0.407734 -0.363872 -2.007330
-0.641287 -0.370428 -0.766709
-0.445707 -0.366849 -1.892369
-0.446455 -0.368618 -1.889943
1.390767 0.684611 -15.522262
-0.653514 -0.358379 -0.636968
-0.453275 -0.382828 -1.869335
-0.428918 -0.357575 -1.934529
-0.743498 -0.493063 0.013001
-0.477800 -0.377489 -1.838254
-0.629632 -0.502867 -0.903950
-0.321727 -0.317771 -1.446503
-0.299021 -0.337492 0.125705
-0.319590 -0.514106 -0.858972
-0.361628 -0.429376 -0.723008
-0.191088 -0.494025 -0.091046
-0.171386 -0.423381 -0.017404
-0.489190 -0.355595 -1.318573
-0.363534 -0.430789 -0.738802
-0.359330 -0.428464 -0.704825
-0.292012 -0.392232 -0.257033
-0.361499 -0.474680 -0.752988
-0.190293 -0.416843 -0.021585
-0.357595 -0.531512 -0.727802
-0.392134 -0.433390 -1.001518
-0.397373 -0.437285 -0.984978
-0.320194 -0.485418 -0.630566
-0.361793 -0.474401 -0.753561
-0.263621 -0.447745 -0.352884
-0.813022 -0.170367 -2.595887
-0.225374 -0.388473 -0.061259
-0.264661 -0.457856 -0.426863
-0.351463 -0.425639 -0.651496
-0.338845 -0.474841 -0.768893
0.548524 -0.249319 8.449213
-0.787741 -0.191108 -2.397767
-0.789220 -0.214303 -2.307347
-0.383470 -0.444049 -0.941858
-0.322765 -0.475567 -0.776720
-0.264621 -0.447248 -0.352540
-0.267287 -0.451683 -0.372050
-0.231981 -0.328176 0.202922
-0.331969 -0.513619 -0.862830
-0.381713 -0.442507 -0.920499
-0.267851 -0.469288 -0.472810
-0.327669 -0.370493 -1.269229
-0.313253 -0.519376 -0.849468
-0.244543 -0.440070 -0.341648
-0.298434 -0.516495 -0.724383
-0.287920 -0.378867 -0.269968
-0.056567 -0.366253 1.107767
-0.268869 -0.451463 -0.378239
-0.361542 -0.455353 -0.877366
-0.357127 -0.530982 -0.725939
-0.012357 -0.694786 -0.420793
-0.280936 -0.427254 -0.278227
-0.369234 -0.452013 -0.896186
-0.349252 -0.425017 -0.636445
-0.314457 -0.503712 -0.752829
-0.361545 -0.455449 -0.877432
-0.516499 -0.330820 -1.144535
-0.399915 -0.437489 -0.987538
-0.289220 -0.393159 -0.250307
-0.302912 -0.474396 -0.560805
-0.038194 -0.619413 -0.268041
-0.227150 -0.333870 0.096628
-0.397380 -0.438818 -0.980640
-0.206980 -0.484969 -0.039641
-0.248534 -0.567171 -0.581384
-0.381195 -0.441256 -0.912076
-0.298717 -0.500080 -0.507412
-0.037888 -0.619838 -0.268675
-0.324544 -0.448937 -0.657854
-0.376037 -0.442104 -0.870188
-0.379498 -0.439754 -0.893201
-0.400189 -0.442472 -0.951479
-0.385729 -0.449287 -0.924158
-0.367920 -0.432818 -0.810190
-0.353977 -0.467372 -0.783413
-0.346257 -0.473723 -0.777165
-0.226924 -0.327212 0.138545
-0.408824 -0.445430 -1.046055
-0.377583 -0.455611 -0.879007
-0.198634 -0.561432 -0.409437
-0.295480 -0.450793 -0.580123
-0.244432 -0.438562 -0.342106
-0.334184 -0.424150 -0.897688
-0.367503 -0.460365 -0.876712
-0.305473 -0.420423 -0.472042
-0.392878 -0.446263 -0.937858
-0.368192 -0.433321 -0.804506
-0.351395 -0.475041 -0.771176
-0.354457 -0.423579 -0.658383
-0.384290 -0.443092 -0.873562
-0.160476 -0.567957 -0.179898
-0.311029 -0.422536 -0.501030
-0.222704 -0.410798 -0.094517
-0.403189 -0.430229 -1.043355
0.586012 -0.612203 3.033049
-0.378405 -0.464480 -0.901355
-0.413413 -0.447854 -0.996355
-0.312621 -0.429433 -0.576763
-0.359055 -0.464068 -0.855449
-0.368428 -0.460609 -0.850123
0.062884 -0.687406 -0.448866
-0.312489 -0.422282 -0.497335
-0.161130 -0.533086 -0.105099
-0.267740 -0.422974 -0.306709
-0.017193 -1.382516 -0.850277
-0.036464 -1.416703 -0.819678
-0.036810 -1.403688 -0.848196
0.138151 -0.921417 -0.925758
0.131991 -0.930260 -0.938266
0.092446 -1.606541 -0.878098
0.005952 -1.499367 -0.824858
0.035106 -1.384657 -0.818995
0.015540 -1.454523 -0.877602
-0.000132 -1.292670 -0.902019
0.069157 -0.581592 -0.852260
0.254903 -0.895269 -0.934076
-0.002401 -1.376079 -0.887123
-0.004713 -1.300438 -0.889343
0.000770 -1.301651 -0.898091
0.119572 -1.685015 -0.872903
0.088754 -0.712992 -1.066229
0.004298 -1.352981 -0.876619
0.012828 -1.384689 -0.872032
0.132917 -1.710729 -0.872467
-0.010751 -1.355845 -0.895874
-0.007689 -1.286493 -0.905043
-0.008980 -1.348626 -0.892519
0.006962 -1.438001 -0.881484
-0.000072 -1.300988 -0.906881
0.006883 -1.312687 -0.894772
0.011378 -1.377347 -0.874104
-0.189736 -0.705735 -0.955632
0.003239 -1.281338 -0.909622
-0.061032 -1.479898 -0.758260
-0.024155 -1.377658 -0.880488
0.018146 -1.504102 -0.881742
-0.004461 -1.350109 -0.888898
-0.008370 -1.355980 -0.890050
0.004273 -1.350305 -0.877513
-0.006143 -1.358480 -0.886268
-0.013229 -1.246707 -0.906872
-0.020970 -1.369649 -0.890611
-0.013410 -1.245645 -0.899985
0.007271 -1.402932 -0.887201
-0.029522 -1.229577 -0.898567
0.055351 -1.568247 -0.855331
-0.001808 -1.402145 -0.868816
-0.006575 -1.354589 -0.888419
-0.018325 -1.379638 -0.891450
0.221137 -0.847076 -0.893399
0.002373 -1.302320 -0.899492
0.003217 -1.503371 -0.899552
-0.293295 -0.466614 -0.882253
-0.043248 -0.525088 -0.933097
-0.020097 -1.368096 -0.884991
0.025767 -1.392754 -0.886262
-0.014551 -1.369014 -0.876459
0.071690 -1.676468 -0.883654
-0.628693 -0.144622 -1.282018
-0.569294 -0.431637 -1.025681
-0.432555 -0.478115 -1.045711
-0.405149 -0.460351 -0.989149
-0.638530 0.092669 -1.447890
-0.461499 -0.463078 -1.026877
-0.609137 -0.091249 -1.314778
-0.518320 -0.472202 -1.077204
-0.398548 -0.446980 -1.011823
-0.615823 -0.050301 -1.346124
-0.715487 0.329264 -1.597471
-0.458759 -0.417584 -0.953677
0.448702 -0.363081 -0.405937
1.778956 -0.467479 0.127528
0.982667 -0.309624 0.063574
-0.688508 0.339634 -1.598429
-4.138263 5.781104 -7.819784
-0.679413 0.211523 -1.296250
-0.625166 0.069292 -1.389701
-0.694005 0.404046 -1.668526
-0.665346 0.315055 -1.561743
-0.826898 0.359440 -1.659207
-0.652000 0.287173 -1.536756
-0.586340 -0.320239 -1.109557
-0.396223 -0.451050 -1.009404
2.368592 -0.563278 1.183732
-0.419398 -0.356427 -1.068364
-0.650154 0.296038 -1.545762
-0.658863 0.377029 -1.614566
-1.009116 0.432351 -1.800598
-0.844512 0.492069 -1.780787
-0.406721 -0.445735 -1.031404
-0.457248 -0.460718 -1.021777
-0.642170 0.279676 -1.540722
-0.970096 1.095777 -2.184751
-1.667669 1.742098 -3.240734
-0.603424 -0.087463 -1.331108
-0.185545 -0.496532 -0.702917
-0.396899 -0.422768 -0.960058
-0.262750 -0.536711 -0.831748
-0.808694 0.459196 -1.750147
-0.612403 -0.044504 -1.339145
-0.585767 -0.286733 -1.102199
-0.546152 -0.222736 -1.219383
-0.644517 0.239414 -1.526439
-0.504157 -0.169554 -1.233064
-0.607312 -0.089658 -1.316622
-0.537473 -0.448940 -1.141112
-0.304340 -0.455773 -0.820391
-0.552181 -0.378508 -1.076007
-3.591294 5.237307 -6.575183
-0.244321 -0.521620 -0.759407
-0.347922 -0.421484 -0.864793
-0.612369 0.244768 -1.492241
-0.611567 0.243096 -1.490869
-0.349168 -0.420483 -0.865653
-0.420236 -0.393587 -1.053031
-0.381917 -0.444910 -0.977129
-0.577684 -0.151507 -1.294409
-0.363259 -0.428822 -0.952704
-0.387259 -0.441983 -1.012050
-0.332435 -0.420851 -0.898155
-1.268228 1.009362 -2.379471
-0.392921 -0.444443 -1.009362
-0.729659 0.232642 -1.593150
-0.490630 -0.286748 -1.252872
-0.385089 -0.453359 -0.967415
-0.355985 -0.437621 -0.944116
-0.608704 0.279444 -1.522424
-0.456935 -0.402531 -1.081144
-0.397859 -0.464719 -0.994574
-0.500517 -0.066163 -1.245205
-0.535529 -0.199704 -1.208951
-0.896612 -0.478084 -1.558625
-1.393019 0.075528 -2.201678
-4.534271 8.393374 -8.266494
-1.057948 -0.287101 -1.632091
-1.722934 0.274957 -2.770226
-1.130942 -0.206650 -1.745347
-2.016932 0.075242 -3.102576
-1.849035 1.827635 -3.348892
-0.047784 -1.249889 -0.190087
-1.875399 -0.088318 -2.475954
-1.756130 0.297317 -2.809220
-0.555779 -0.492349 -1.148995
0.158572 -0.767648 -0.261554
-1.059214 -0.285255 -1.636784
-0.950044 -0.308822 -1.534786
-1.234333 -0.172949 -2.065455
-1.843103 -0.023130 -2.530112
-0.371938 -0.387659 -0.973354
0.220091 -0.802077 -0.190954
-0.366529 -0.370771 -0.994908
-1.681226 -0.151706 -2.269872
-0.378473 -0.432994 -1.027998
-0.378308 -0.432247 -1.024661
-1.021373 -0.226567 -1.686212
-0.872418 -0.436964 -1.403036
-1.214638 -0.242923 -1.808687
-1.050321 -0.130103 -1.732817
-0.298316 -0.456512 -0.951279
-0.661463 -0.302895 -1.301904
-1.098139 -0.277140 -1.681178
-1.043984 -0.304857 -1.604770
-1.166795 -0.254729 -1.760013
-0.896376 -0.452989 -1.469147
-1.647104 -0.157766 -2.231291
-1.707995 -0.143878 -2.296335
-3.268922 0.316803 -3.944249
-0.934942 -0.276240 -1.588650
0.212951 -0.805231 -0.250876
-1.897247 -0.206961 -2.441949
-2.082666 0.397758 -2.984879
-0.777241 -0.438617 -1.396112
-0.150791 -0.528050 -0.727191
-2.754908 4.310681 -4.422353
-2.186657 0.121575 -3.384767
-0.851633 -0.422648 -1.377454
-1.157840 -0.323505 -1.709470
-1.245955 -0.161789 -2.080774
-1.485882 -0.122582 -2.385080
-0.276235 -0.587186 -0.861673
-0.532886 -0.392440 -1.185978
-0.894041 -0.459366 -1.499309
-0.307982 -0.458992 -0.959773
-0.909777 -0.357734 -1.481743
-4.231696 -0.372210 -4.989994
-3.922809 -0.363217 -4.077961
0.586458 -1.031549 0.222107
1.942948 -0.664440 1.215281
-1.397521 0.071575 -2.200982
0.417185 -2.259196 0.905181
-2.197046 0.457662 -3.112516
-0.661145 -0.442692 -1.260198
-1.078565 -0.288191 -1.662155
-3.374678 0.558498 -4.404393
1.043385 -3.317107 2.007561
-1.760874 0.289534 -2.777865
2.700496 -2.348615 2.801887
-1.207099 -0.315914 -1.759086
-2.223691 0.530363 -3.296318
-0.559465 -0.483658 -1.149798
-0.457899 -0.405316 -1.122317
-1.463295 0.081973 -2.259313
0.560980 -1.024954 0.204725
-1.020715 -0.339517 -1.605566
-2.044516 -0.155523 -2.440753
-1.255314 -0.301840 -1.761325
-0.288987 -0.547825 -0.875369
-0.559246 -0.380857 -1.207112
-0.560820 -0.380462 -1.206583
-2.835326 -0.419572 -3.802199
-1.768797 -0.050692 -2.440082
7.436097 -3.126175 8.274688
-1.739574 -0.043325 -2.378122
-1.090093 -0.264542 -1.654734
-1.023093 -0.335412 -1.586456
-1.095291 -0.266840 -1.669691
-1.232692 -0.024257 -2.064397
-0.209317 -0.541999 -0.815576
-1.921947 0.059224 -2.874043
-1.151577 -0.332231 -1.870091
-1.339201 0.017812 -2.197445
-0.926375 -0.276396 -1.575438
-1.088352 -0.266116 -1.652945
-0.709578 -0.320602 -1.261956
-0.727282 -0.443202 -1.272238
-0.559049 -0.319075 -1.265872
-1.094286 -0.221905 -1.814244
-1.092990 -0.222947 -1.814696
-0.054785 -0.457845 -0.667828
-1.216573 -0.176398 -1.828890
-0.220023 -0.535545 -0.829195
-0.212456 -0.839522 -0.669208
-0.931377 -0.283178 -1.587427
0.337627 -1.849408 0.363202
-0.910486 -0.325640 -1.499920
-1.205847 -0.186506 -1.800750
-0.627420 -0.316252 -1.283052
-0.477192 -0.393314 -1.141900
-0.569017 -0.319150 -1.272110
-1.889211 -0.210636 -2.377678
-0.932233 -0.434383 -1.482792
0.233437 -0.477201 -0.379588
-0.844684 -0.427548 -1.372591
-1.460082 0.073617 -2.250590
-0.378121 -0.382939 -0.998726
-0.845759 -0.427281 -1.374389
-0.851666 -0.313046 -1.472454
-1.584578 -0.019198 -2.350785
-0.453457 -0.384009 -1.089611
-1.262519 -0.028550 -2.082222
-0.858770 -0.446775 -1.497975
-0.840436 -0.429090 -1.369456
-0.470084 -0.393064 -1.138827
8.397351 -14.168907 5.478833
-0.723033 -0.444042 -1.268094
-1.276648 0.028445 -2.178095
-0.872026 -0.426025 -1.385381
-1.108180 -0.277483 -1.694896
-1.188142 -0.311797 -1.725349
-1.232747 -0.303085 -1.744805
-2.150711 0.485566 -3.191808
-1.426073 -0.025020 -2.104986
-1.368852 0.047313 -2.157962
-0.967504 -0.350677 -1.402267
-1.226615 -0.035654 -1.961676
-2.336039 0.595255 -3.571630
-1.670773 0.070206 -2.572691
-0.790811 -0.288676 -1.414461
-1.297175 -0.177181 -1.921212
-1.650977 0.008358 -2.294864
-2.005097 0.211794 -2.719801
-0.456314 -1.228197 -0.924919
-0.391245 -1.297230 -0.901876
-0.648298 -1.556953 -0.899752
-0.411397 -1.455789 -0.881473
-0.473627 -1.555987 -0.874765
-0.615279 -1.414223 -0.890596
-0.423559 -1.444223 -0.878286
-0.489558 -1.261124 -0.918527
-0.571501 -1.340335 -0.933040
-0.799431 -1.539208 -0.911419
-0.583606 -1.254150 -0.945837
-0.408585 -1.308181 -0.893890
-0.467807 -1.201993 -0.911838
-0.742951 -1.215442 -0.994679
-0.642625 -1.240153 -0.938610
-0.651119 -1.229333 -0.957676
-0.405118 -1.252858 -0.878526
-0.724892 -1.500633 -0.884092
-0.621960 -1.594094 -0.850197
-0.806467 -1.185466 -0.956644
-1.073422 -1.197535 -1.020208
-1.050581 -1.255528 -1.010956
-1.109618 -1.144683 -1.047514
-1.037223 -1.271194 -0.993287
-0.992898 -1.315243 -1.003181
-1.148053 -1.100778 -1.030386
-1.150904 -1.081126 -1.039686
-1.200840 -1.066190 -1.131672
-1.127986 -1.081047 -1.106835
-1.165299 -1.083278 -1.083624
-1.186650 -1.052906 -1.125576
-1.165388 -1.115815 -1.058920
-1.134556 -1.107368 -1.026312
-1.191988 -1.055976 -1.160388
-1.116524 -1.134013 -1.030931
-1.146598 -1.042352 -1.124759
-1.106213 -1.156213 -1.021910
-1.132273 -1.081036 -1.140706
-1.154910 -1.045926 -1.120530
-1.071133 -1.200089 -1.006858
-1.151649 -1.057714 -1.072021
-0.158248 -0.502499 -0.874678
-0.150458 -0.417622 -0.835755
-0.150109 -0.475860 -0.849540
-0.134445 -0.499924 -0.870458
-0.209922 -0.297055 -0.920520
-0.213528 -0.359237 -0.941208
-0.180919 -0.531602 -0.924131
-0.237532 -0.467310 -0.945851
-0.214195 -0.459273 -0.935977
-0.055442 -0.287834 -0.725809
-0.170369 -0.432585 -0.868946
0.013834 -0.176989 -0.683612
-0.116843 -0.424762 -0.859624
-0.079314 -0.368534 -0.707127
-0.176725 -0.490753 -0.953866
-0.163109 -0.461197 -0.916646
-0.166095 -0.315329 -0.890567
-0.146934 -0.488780 -0.903590
-0.198879 -0.331553 -0.933747
-0.133148 -0.413688 -0.833384
-0.195776 -0.270355 -0.909007
-0.234386 -0.488834 -0.899291
-0.201559 -0.508709 -0.911045
-0.236602 -0.368282 -0.952411
-0.228658 -0.464812 -0.958213
-0.261362 -0.421613 -0.953257
-0.152125 -0.222641 -0.850141
-0.278906 -0.506663 -0.960807
-0.276113 -0.497526 -0.952183
-0.278182 -0.497239 -0.954238
-0.131748 -0.220281 -0.846446
-0.245162 -0.513769 -0.946828
-0.099285 -0.148603 -0.856336
-0.077102 -0.441185 -0.707894
-0.226574 -0.409671 -0.882022
0.476434 -0.133846 -0.082751
-0.302943 -0.428947 -0.942974
-0.133198 -0.442941 -0.795367
-0.263755 -0.580168 -0.946602
-0.287757 -0.588746 -0.942783
0.033527 -0.066960 -0.801271
-0.088893 -0.130618 -0.881751
-0.029419 -0.420495 -0.614664
-0.173554 -0.405024 -0.793160
0.137691 -0.151666 -0.416719
0.368175 -0.195408 -0.104515
-0.760758 -0.619225 -1.361011
-0.028576 -0.410419 -0.611532
0.224173 -0.116057 -0.250503
0.271941 -0.133603 -0.180473
0.210124 -0.139219 -0.200062
-0.321011 -0.496493 -0.921733
0.858754 -0.306075 0.236229
0.691587 -0.331593 0.252033
0.233745 -0.120438 -0.285652
0.231696 -0.100528 -0.335533
0.272633 -0.131586 -0.211563
-0.116104 -0.462115 -0.671716
-0.253543 -0.550313 -0.848483
0.179807 -0.101045 -0.274839
1.396374 -0.508421 0.728751
0.902436 -0.368138 0.347291
0.209675 -0.131035 -0.188814
-0.173044 -0.513196 -0.772746
0.434560 -0.218792 0.038614
0.131555 0.001788 -0.670086
0.293630 -0.144997 -0.153526
0.414840 -0.209397 0.021043
-0.132287 -0.525438 -0.710549
1.043975 -0.403685 0.465106
1.029830 -0.460127 0.543944
0.648211 -0.337583 0.092793
-0.766546 -0.864073 -1.512474
0.158308 -0.065932 -0.438113
0.186672 -0.117170 -0.237961
0.167507 -0.084884 -0.438541
0.205395 -0.129309 -0.205692
0.173368 -0.053473 -0.473610
-0.291959 -0.607780 -0.887329
0.214312 -0.127978 -0.200628
0.283702 -0.156239 -0.150926
0.460828 -0.215471 0.115561
0.692379 -0.247491 0.308222
1.267716 -0.273094 0.693588
0.935301 -0.347408 0.494836
0.627164 -0.392958 0.175403
0.233704 -0.121513 -0.221761
-0.583839 -0.591711 -1.154770
0.295229 -0.144919 -0.198438
0.446678 -0.193805 0.011620
0.209086 -0.106736 -0.277899
1.472255 -0.229105 0.919755
1.085755 -0.331107 0.501842
0.268202 -0.142746 -0.145930
1.573014 0.000625 1.058865
0.201348 -0.113797 -0.243457
0.180580 -0.104481 -0.278713
-0.168985 -0.538469 -0.750147
0.858796 -0.374031 0.236400
0.171115 -0.060503 -0.416914
0.371730 -0.117209 -0.075414
1.246164 -0.506419 0.674204
0.593464 -0.308891 0.182179
0.174370 -0.077435 -0.348894
0.319194 -0.156176 -0.136956
0.199122 -0.131406 -0.213848
0.244973 -0.134722 -0.190203
0.825402 -0.290762 0.332740
1.022423 -0.296639 0.434669
0.561298 -0.368544 0.158173
0.199018 -0.079497 -0.358145
0.179873 -0.096393 -0.281815
0.172292 -0.075130 -0.347082
2.248189 -0.260036 1.553039
0.707520 -0.344483 0.389893
0.149697 -0.109892 -0.257263
0.168085 -0.092208 -0.295055
-0.025461 -0.333432 -0.587395
0.623574 -0.300101 0.215226
0.579120 -0.395972 0.209505
0.249428 -0.103688 -0.256942
0.822384 -0.426894 0.420985
0.210153 -0.094738 -0.312617
0.219808 -0.101731 -0.280319
0.162334 -0.096014 -0.320090
0.120092 -0.129943 -0.389323
0.190430 -0.088638 -0.294436
0.193196 -0.105706 -0.265084
1.242056 -0.468471 0.538914
0.204464 -0.115967 -0.236255
0.197785 -0.109901 -0.252615
0.216534 -0.117976 -0.225323
0.676434 -0.265515 0.224318
1.076197 -0.322949 0.479023
0.159870 -0.082816 -0.393335
0.206781 -0.103291 -0.304665
0.231117 -0.083281 -0.333864
0.245868 -0.141914 -0.177361
1.002546 -0.392272 0.403428
2.521943 -0.267532 1.753177
3.810997 -0.226415 2.954934
0.268465 -0.143350 -0.194611
0.178548 -0.077713 -0.332962
0.162774 -0.113699 -0.256505
0.207628 -0.125192 -0.206537
0.258099 -0.125309 -0.236093
0.739633 -0.339355 0.184442
4.926269 -0.203879 4.382666
-8.968399 -1.050509 -7.877893
0.873664 -0.372494 0.439654
15.279208 8.232144 0.787976
15.639946 8.127380 -0.737068
7.396741 3.642976 2.861835
6.021459 2.950134 -0.176884
-1.980279 -1.638102 -1.179223
1.389427 0.248264 -0.280090
-12.341347 -7.144787 -5.891286
3.219464 1.370224 -0.542431
-1.770532 -1.515271 -1.248273
-3.795352 -2.697329 -0.912134
5.343798 2.589330 -0.359342
3.386873 1.327751 0.207049
-1.655693 -1.428391 -0.912290
5.311655 2.523153 -0.423532
-2.705097 -1.966885 -0.899383
4.468232 2.058230 -0.488374
1.384501 0.279372 -0.388565
2.410833 0.774880 0.664826
-3.182622 -2.238957 -1.328438
3.748802 1.845529 -0.669925
8.301100 4.118084 -0.746366
1.385405 0.309950 -0.434791
2.285958 0.708975 -0.418627
-4.720030 -2.628920 -4.437567
-0.752676 -0.913357 -1.009601
1.373317 0.213053 -0.375960
-0.481875 -0.649942 -0.982135
2.714895 1.066266 0.680321
-0.533632 -0.703074 -0.984944
-0.830880 -0.991229 -0.981312
-3.534159 -2.471548 -0.711379
-0.682571 -0.874214 -1.015620
-0.465407 -0.593326 -0.980756
-2.370567 -1.730025 -1.698932
-0.652432 -0.746946 -1.108101
-0.317882 -0.528230 -0.928892
-0.556501 -0.600796 -1.088949
0.563598 -0.297733 -0.151066
-0.052745 -0.522165 -0.746536
-0.193988 -0.503733 -0.883353
-0.427346 -0.580148 -1.012273
0.458116 -0.375715 -0.353074
-0.376185 -0.595154 -0.994430
0.646728 -0.215312 0.073807
0.347378 -0.429431 -0.286923
-0.349129 -0.598852 -0.998648
-0.496874 -0.771480 -1.055758
-0.359298 -0.569247 -0.988538
6.966040 5.367215 7.959976
-0.401155 -0.586856 -1.065750
-1.969180 -1.870954 -3.130244
11.036886 5.173463 11.866990
-0.307173 -0.499994 -0.991489
-0.268349 -0.455809 -0.918896
-0.379429 -0.594958 -0.995338
3.714599 1.907140 4.033506
-0.317398 -0.582166 -1.006903
-0.025068 -0.429980 -0.650757
0.561689 -0.372280 -0.318650
-0.171600 -0.477845 -0.787255
-0.444915 -0.568550 -1.019816
-0.183540 -0.426985 -0.834810
-0.253080 -0.562062 -0.943876
0.656957 -0.408432 0.002713
-0.240983 -0.446293 -0.923124
6.968358 4.762324 7.211883
2.812059 1.408369 2.899217
1.723528 -0.035152 1.289121
-0.195303 -0.496638 -0.841409
0.417045 -0.329377 -0.323196
1.420419 -0.035341 0.769336
-0.975361 -1.083467 -1.673809
-0.247448 -0.631109 -0.983865
-0.229093 -0.455470 -0.929610
0.121881 -0.538617 -0.526865
6.174421 4.671336 6.443369
-0.447830 -0.697384 -1.076452
-0.401832 -0.544982 -1.024973
1.238144 -0.105215 0.792688
-0.018109 -0.539766 -0.713403
-3.016315 -2.368770 -4.034214
-1.973077 -1.937666 -2.947123
-0.309715 -0.545336 -0.994943
0.031255 -0.417439 -0.559034
0.745397 -0.199089 0.223585
0.826429 -0.326881 0.183262
-5.091016 -3.846187 -7.165043
0.577343 -0.152311 -0.059571
0.709455 -0.261882 0.165430
-2.673124 -2.406813 -4.198898
3.549586 2.386364 3.924092
1.783422 0.812932 1.758565
1.507050 0.293971 1.077581
0.236057 -0.424855 -0.409794
0.103938 -0.459595 -0.571214
0.744192 -0.393505 0.066248
-0.126778 -0.502655 -0.831927
-1.075623 -1.062997 -1.888996
-0.270729 -0.480250 -0.913174
6.596697 5.000024 6.894490
-0.280187 -0.566822 -1.006970
-5.735222 -4.227563 -7.375480
-4.894195 -3.897236 -6.598319
-0.221032 -0.650243 -0.945690
-0.280295 -0.478521 -0.908109
-0.477636 -0.648447 -1.140919
-0.837034 -0.901656 -1.587453
-2.683416 -2.294135 -3.730014
-0.442330 -0.643317 -1.107734
-7.067034 -5.163852 -7.649894
0.551287 -0.271911 -0.022691
0.491650 -0.303073 -0.108030
0.149521 -0.521197 -0.539497
0.017362 -0.535290 -0.669798
-0.219575 -0.446995 -0.867979
-0.529729 -0.688053 -1.244719
2.740945 0.011759 2.061196
0.196602 -0.537579 -0.527163
-7.137328 -6.427157 -9.605085
1.339190 -0.009046 0.727161
-2.206011 -2.183968 -3.414632
-0.228828 -0.445203 -0.710852
5.061373 3.460119 6.313237
0.559800 -0.276240 -0.012035
-0.346030 -0.636458 -1.040981
-8.511329 -6.942511 -9.723640
-5.914492 -5.178859 -8.771094
-9.219451 -6.824636 -11.800991
1.163450 0.156389 0.451093
3.758210 2.688964 3.465308
6.779996 5.100262 7.861145
-0.322529 -0.586772 -0.999456
-0.214060 -0.480974 -0.828039
0.240871 -0.481737 -0.486379
4.872207 3.532140 4.959421
-9.070146 -8.206665 -12.826936
0.022119 -0.344901 -0.905611
-0.892836 -0.785040 -0.911582
-0.938619 -0.795873 -0.891577
-1.304281 -0.972586 -1.008407
-1.114379 -0.891617 -0.830892
-1.658502 -1.150746 -1.223941
0.221631 -0.248080 -0.828139
-1.671965 -1.128514 -1.124707
-1.374039 -1.025066 -1.099099
-1.756331 -1.214674 -1.349509
-2.172646 -1.377304 -1.407849
-0.676549 -0.686082 -0.946261
-1.598683 -1.122910 -1.116703
-1.718319 -1.151128 -1.299167
-1.011902 -0.831481 -0.880813
-0.562093 -0.623765 -0.925544
-1.289032 -0.980885 -1.003824
-0.819740 -0.749665 -0.977053
-1.285574 -0.959250 -1.001301
-1.435794 -1.050882 -1.123961
1.157729 0.130771 -0.819416
-0.973752 -0.799584 -0.818392
-0.467067 -0.589519 -1.002243
-1.921942 -1.283673 -1.310834
-0.953463 -0.810371 -0.842113
-1.471014 -1.070572 -1.189583
-1.333197 -0.986516 -1.008627
-1.330382 -0.980672 -1.040397
-0.709470 -0.692802 -0.901063
-0.951222 -0.774917 -0.641680
-2.589310 -1.572610 -1.393503
1.520337 0.380707 -0.419158
3.153865 1.172395 -0.028131
-1.040713 -0.850126 -0.794799
-1.049660 -0.847767 -0.808982
-0.069014 -0.385427 -0.907536
-1.034281 -0.854590 -0.892579
6.431297 2.695860 0.652615
-1.764168 -1.197343 -1.192764
-1.056902 -0.856351 -0.830620
-0.944390 -0.817768 -1.015475
-0.347872 -0.530425 -0.979122
-0.592944 -0.644640 -1.000885
-1.139486 -0.877765 -0.927345
-1.787339 -1.258173 -1.410678
-1.595208 -1.115761 -1.147930
-0.805598 -0.685765 -0.717763
-0.941723 -0.697833 -0.635303
-0.847718 -0.682176 -0.634536
-0.920818 -0.756496 -0.634395
-0.249315 -0.501513 -1.046861
-0.963843 -0.717305 -0.607530
-0.985609 -0.885836 -0.622264
-0.964254 -0.792044 -0.610852
-0.967505 -0.828492 -0.611393
-0.968846 -0.806134 -0.663085
-0.965515 -0.776066 -0.625120
-0.884699 -0.684780 -0.618929
-0.966977 -0.779901 -0.596347
-0.906761 -0.857298 -0.594604
-0.973180 -0.820336 -0.600996
-0.838603 -0.918093 -0.739977
-0.912946 -0.771664 -0.626954
-0.914309 -0.708434 -0.573811
-0.616127 -0.631165 -0.764740
-0.912021 -0.757950 -0.583326
-0.919206 -0.648414 -0.599574
-0.879530 -0.771604 -0.512631
-0.902450 -0.684711 -0.563183
-0.893877 -0.645416 -0.539479
-0.892252 -0.640501 -0.545635
-0.944071 -0.858352 -0.558195
-0.944925 -0.802356 -0.622545
-1.053280 -0.771600 -0.671601
-0.917806 -0.668017 -0.551965
-0.938918 -0.769613 -0.544908
-1.360571 -0.853068 -1.104892
-0.889401 -0.949925 -0.521143
-1.329546 -1.005466 -0.365235
-1.064075 -0.853126 -0.281572
-1.909911 -1.303255 -0.157309
-1.778609 -1.219253 -0.368615
-0.981324 -0.806038 -0.265019
-1.327237 -0.993559 -0.205379
-1.199824 -0.930696 -0.334596
-2.683423 -1.667032 0.226553
-4.810188 -2.850749 -0.158881
-2.316243 -1.481433 -0.510012
-1.109711 -0.865477 -0.183527
-1.045185 -0.857691 -0.271603
-1.219534 -0.919089 -0.164699
-2.117237 -1.390969 0.277159
-1.374835 -1.024789 -0.293574
1.713606 0.623691 -1.285918
-2.018419 -1.392412 -0.478592
-1.011579 -0.820689 -0.219539
-2.036329 -1.403976 -0.597603
-1.097633 -0.880924 -0.280313
-2.279323 -1.414340 0.531413
-7.210942 -3.983239 2.756059
-1.034781 -0.844778 -0.281664
-1.626571 -1.129751 -0.380625
1.697881 0.584270 -1.166726
-1.048786 -0.860510 -0.266449
-0.872051 -0.755870 -0.258228
-1.286313 -0.967599 -0.176173
-0.973046 -0.798370 -0.223393
-2.040707 -1.377385 0.538194
-2.131496 -1.414739 -0.124780
-1.215270 -0.944773 -0.212910
1.827837 0.707062 -1.229527
-1.265187 -0.936963 -0.144517
-1.189973 -0.918702 -0.322712
-2.623542 -1.634461 0.210118
-1.187123 -0.927168 -0.326150
1.948576 0.667966 -1.673904
-0.974021 -0.805990 -0.262827
-0.989870 -0.811895 -0.269898
-1.439641 -1.054652 -0.340851
-1.110786 -0.880815 -0.276725
-1.528121 -1.105277 -0.327020
-0.113960 -0.481700 -0.980297
-0.987576 -0.814451 -0.217069
1.044639 0.279342 -1.156738
2.197423 0.734038 -1.672618
-0.899229 -0.773895 -0.243186
0.562110 0.032218 -1.032169
-1.083132 -0.859804 -0.272296
-1.347167 -0.996035 -0.224271
0.185248 -0.242209 -1.096545
-2.149302 -1.483362 -0.570017
0.096592 -0.392988 -1.059983
-3.688877 -2.339657 -0.989475
1.249627 0.628212 -0.978346
-1.004023 -0.813390 -0.270629
-1.025892 -0.826558 -0.213595
-0.989280 -0.817073 -0.267630
9.043855 3.946492 -8.141032
4.136172 1.625823 -1.810742
0.308088 -0.170959 -1.111163
-4.109708 -2.228980 0.494461
-4.291748 -2.346452 0.835431
-0.866563 -0.749728 -0.275411
-0.861249 -0.765782 -0.285584
-1.159411 -0.903921 -0.190696
0.152358 -0.282261 -1.112700
-0.078440 -0.464636 -0.994843
5.511434 3.545600 -0.968520
-1.057283 -0.851846 -0.238303
-3.010239 -1.909134 -0.638690
-1.190520 -0.909963 -0.329670
-0.224290 -0.613630 -0.926096
1.888581 0.584641 -1.449203
-0.991618 -0.821654 -0.180594
-2.234020 -1.377217 0.741235
-1.228141 -0.952665 0.000984
-0.033097 -0.329080 -1.007519
-0.819889 -0.730944 -0.312056
-1.060006 -0.839193 -0.124515
-1.106345 -0.890552 -0.260456
1.036794 0.145997 -1.109630
-0.023474 -0.481716 -1.008595
-0.135791 -0.468981 -0.956559
-9.146177 -5.460643 -1.212587
-0.863774 -0.759517 -0.240127
0.230845 -0.201217 -1.115984
-0.108614 -0.387777 -0.982671
-3.232731 -1.986356 -0.842595
0.783071 -0.017992 -1.136113
0.413685 -0.011084 -1.126811
-2.898116 -2.076705 -0.825623
-0.046078 -0.296994 -1.007490
-0.073024 -0.314111 -1.004405
-0.900930 -0.792224 -0.254407
-0.103791 -0.396648 -0.991687
-1.871507 -1.361005 0.634825
0.130722 -0.458644 -1.064730
-3.775721 -2.184947 -1.030328
0.049187 -0.461427 -1.026254
-0.908368 -0.794786 -0.246968
-3.416882 -2.900109 -1.156436
-0.254749 -0.658469 -0.915277
-0.109454 -0.576743 -0.983879
-0.050471 -0.317951 -1.002564
-0.973728 -1.086734 -0.428290
0.076895 -0.238224 -1.013964
-0.052623 -0.209770 -1.020196
-11.266086 -5.212394 -2.067216
-0.579480 -0.658547 -0.885680
-0.082158 -0.384288 -1.222955
-0.190439 -0.443925 -1.120652
0.068066 -0.260924 -1.318399
-0.547825 -0.660505 -0.876615
0.592679 -0.019688 -1.714287
0.458813 -0.066606 -1.634038
-0.153204 -0.402588 -1.179164
-0.649630 -0.718970 -0.735861
0.467056 -0.076220 -1.505810
-2.013898 -1.345828 -0.900950
-0.686133 -0.693519 -0.915132
-0.506863 -0.616386 -0.903670
-1.008077 -0.843013 -1.007663
-0.315096 -0.521649 -1.041132
-1.947802 -1.340676 -0.624630
0.101582 -0.298535 -1.325128
0.340984 -0.146121 -1.570926
0.510726 -0.051185 -1.435142
-3.172632 -2.023042 -0.206510
-1.585745 -1.165613 -0.823582
-0.771848 -0.754654 -0.989860
-1.305923 -0.987220 -0.989266
-0.861374 -0.806207 -0.862237
0.003855 -0.337361 -1.275305
-0.354522 -0.543300 -1.019911
0.118070 -0.299331 -1.329116
-0.651066 -0.699496 -0.805061
0.540964 -0.061462 -1.660986
0.160477 -0.219578 -1.410529
-0.653593 -0.689437 -0.977991
-1.293482 -1.022050 -0.898849
-0.770155 -0.738199 -1.039657
-0.753884 -0.753463 -0.833304
-0.547398 -0.630256 -0.921892
-0.158179 -0.413572 -1.137422
-1.555811 -1.089046 -1.118238
-3.922221 -2.269972 -1.148201
0.271360 -0.196382 -1.479510
-1.017804 -0.877956 -0.847197
-0.961834 -0.864555 -0.818981
-0.098024 -0.396974 -1.210128
0.262024 -0.192730 -1.520256
-0.592558 -0.660056 -0.862318
-0.038927 -0.404560 -1.025218
-0.569888 -0.660571 -0.912132
-6.225475 -3.374139 0.787231
-0.293117 -0.502388 -1.052291
-0.451195 -0.597843 -0.910432
0.645519 0.033428 -1.359578
-1.103525 -0.908794 -0.911433
-1.806182 -1.189158 -1.241895
0.863130 0.040164 -0.862256
-3.716398 -2.112679 -1.221077
3.785307 1.348061 -0.150004
-0.664905 -0.711996 -0.738141
0.657988 0.035353 -1.700265
-0.114823 -0.381087 -1.102183
-0.643814 -0.648278 -1.100264
-0.498931 -0.623485 -0.868297
-0.810315 -0.810126 -0.793313
-0.346036 -0.508304 -1.063949
-1.745389 -1.189514 -1.089715
-2.412334 -1.480553 -1.607052
-1.936390 -1.266614 -1.360218
-0.479341 -0.587676 -1.076885
-1.660195 -1.101190 -1.247596
-2.692238 -1.516124 -1.751283
-0.816864 -0.743899 -0.692714
-0.093168 -0.325968 -1.187467
-0.742997 -0.797324 -0.689456
-2.375075 -1.550428 -1.699026
-2.065191 -1.385233 -1.549760
-0.813577 -0.772773 -0.695379
-0.910660 -0.844530 -0.777568
-3.589701 -3.068354 -2.552241
-1.406383 -1.352520 -1.345110
-1.776052 -1.429158 -1.514873
-2.077280 -1.966376 -1.742438
-1.717188 -1.383447 -1.439958
-1.379285 -1.334021 -1.287426
-2.010598 -1.876385 -1.770591
-1.753828 -1.378442 -1.427313
-1.870602 -1.467873 -1.495296
-2.138542 -1.393919 -1.651291
-2.358379 -2.088011 -2.002587
-0.828081 -0.756136 -0.675358
-3.837479 -3.787040 -2.715836
-1.240211 -1.038783 -1.019342
-1.905136 -1.490251 -1.562739
-2.443287 -2.469719 -2.099091
-2.144211 -1.216119 -1.506735
-0.856916 -0.880675 -0.760761
-1.669535 -1.226394 -1.416435
-0.909729 -0.669480 -1.123847
7.404455 2.436451 -5.425988
-2.576742 -0.973854 -0.180596
10.142261 3.906122 -7.401582
-3.648856 -1.742989 0.859456
0.216663 -0.215699 -1.485278
4.059907 1.014158 -3.590169
6.914242 4.058970 -7.542270
-1.754412 -0.784127 -0.642590
-3.387828 -1.641583 0.677627
-5.069525 -2.199928 1.467800
-2.916432 -1.195283 -0.045234
-1.339431 -0.559910 -1.010009
-3.748644 -1.692860 0.457764
4.742413 1.847534 -4.328284
0.829465 0.068964 -1.902990
0.444923 -0.090675 -1.663840
0.661557 0.053342 -1.844878
0.264659 -0.172435 -1.501429
-1.118301 -0.528781 -1.088278
0.319580 -0.113177 -1.557151
-1.023295 -0.515043 -1.111934
-13.398287 -5.331136 5.540141
0.482123 -0.160824 -1.526635
0.443366 -0.232590 -1.480239
-11.908878 -4.646695 5.015193
0.387582 -0.193441 -1.550065
-10.449762 -7.635918 7.992146
0.235751 -0.185878 -1.499315
-1.821302 -0.820742 -0.576055
-1.732557 -0.639950 -0.746392
-1.689940 -0.605543 -0.880508
-1.394029 -0.655026 -1.011989
-2.069604 -0.665484 -0.713015
-1.361034 -0.535181 -0.986109
0.338848 -0.264991 -1.241743
-1.386490 -0.565940 -0.952065
-7.810685 -4.507218 4.507018
9.301818 5.473495 -10.219100
-1.451743 -0.554303 -0.930539
-1.467592 -0.534432 -0.978779
5.395070 2.746712 -6.797582
-2.778423 -1.758169 0.480457
-2.097501 -0.971110 -0.384208
-0.626895 -0.455692 -1.110304
-1.242194 -0.582720 -1.098877
-1.824926 -0.663919 -0.836733
-1.392793 -0.560638 -0.933248
-9.337047 -6.485343 7.645890
-7.808822 -4.951568 5.075629
-1.333548 -0.511723 -0.995601
-2.404514 -0.603307 -0.833362
-1.231641 -0.593186 -1.126062
-1.361795 -0.549860 -0.985390
-1.433561 -0.594475 -0.919352
-2.260823 -0.794626 -0.693085
-1.173498 -0.540785 -1.141050
-1.298348 -0.636194 -1.106010
-1.290887 -0.586969 -1.080085
-1.320572 -0.685888 -1.074818
-1.043123 -0.474512 -1.061953
1.114072 -0.189903 -1.170659
-1.266910 -0.501615 -1.072084
-0.639769 -0.479679 -1.137475
0.373865 -0.208823 -0.866907
3.361976 2.135265 -3.670366
-1.817334 -1.008252 -1.093661
-1.285141 -0.497323 -1.071899
-1.225871 -0.486668 -1.073387
-0.352027 -0.429922 -1.086549
-0.018115 -0.334196 -0.990747
-0.208671 -0.460351 -1.103400
-0.143643 -0.426333 -1.002619
-9.347461 -8.580938 3.641248
-0.197819 -0.437813 -1.045951
0.072229 -0.312617 -0.996610
-0.318255 -0.410035 -1.110805
-1.029995 -0.579611 -1.109358
-0.054757 -0.372337 -0.994188
-3.151746 -0.498473 -1.196518
-0.219046 -0.437412 -1.050996
-0.085911 -0.412811 -0.991345
-0.215774 -0.407668 -1.063607
-0.225888 -0.439674 -1.047813
0.078506 -0.330683 -0.921256
-1.291498 -0.469316 -1.045890
0.241048 -0.177053 -0.969965
-1.374448 -0.696078 -1.112899
0.101967 -0.344129 -0.955435
0.049142 -0.313069 -0.985550
-1.591938 -0.811213 -0.922136
-0.520783 -0.554595 -1.141863
-1.329781 -0.685213 -1.168197
0.196722 -0.323305 -0.929276
7.428804 0.054977 -0.313687
-1.438134 -0.748904 -1.120417
2.103310 2.527470 -2.648063
0.009488 -0.336287 -0.986485
-0.446524 -0.531989 -1.105548
-0.772830 -0.483504 -1.078340
0.118823 -0.323614 -0.946275
-0.215575 -0.440975 -1.036041
0.205621 -0.275105 -0.875765
-0.260860 -0.463401 -1.060414
0.108703 -0.291288 -0.893401
-1.415124 -0.461550 -1.043302
-1.427110 -0.755281 -1.130299
-1.442146 -0.735690 -1.114107
-0.519577 -0.524762 -1.163946
-1.301567 -0.463554 -1.030293
0.576138 0.002527 -0.950651
0.214121 -0.291625 -0.856399
0.196629 -0.699846 -0.670896
0.115725 -0.772823 -0.541572
-0.026782 -0.637139 -0.709756
0.061903 -0.697528 -0.642598
0.132154 -0.638216 -0.772526
0.353986 -0.676737 -0.770240
0.031715 -0.736457 -0.532203
-0.031251 -0.623898 -0.766850
0.177977 -0.775854 -0.547198
-0.018422 -0.694115 -0.588762
0.222448 -0.684624 -0.694761
0.126771 -0.748146 -0.531452
0.136216 -0.652082 -0.742939
0.118428 -0.833793 -0.377107
-0.017057 -0.672059 -0.674537
0.158919 -0.657647 -0.753299
0.271375 -0.760162 -0.576963
0.105855 -0.827952 -0.333102
0.044669 -0.761068 -0.414284
0.247004 -0.769784 -0.610987
0.337502 -0.754783 -0.626733
0.381741 -0.652618 -0.808224
0.359500 -0.733924 -0.655104
-0.059263 -0.612838 -0.756026
0.007723 -0.754558 -0.533395
0.075040 -0.740709 -0.574245
0.393979 -0.631258 -0.765090
0.227573 -0.742786 -0.580957
0.194509 -0.756697 -0.607479
0.233014 -0.621103 -0.826060
0.179175 -0.671208 -0.711640
0.421639 -0.706052 -0.731955
-0.000549 -0.672755 -0.657713
0.110624 -0.793794 -0.528123
0.128316 -0.658930 -0.667780
-0.024244 -0.677871 -0.650263
0.312178 -0.729733 -0.726323
0.170585 -0.639263 -0.764025
0.391422 -0.634674 -0.769443
0.116672 -0.610773 -0.862477
0.155549 -0.710029 -0.583123
0.288659 -0.679461 -0.747320
0.046328 -0.740871 -0.509553
0.100004 -0.604868 -0.782802
-0.055521 -0.646165 -0.685070
0.164131 -0.741322 -0.576861
0.077279 -0.775836 -0.448322
0.096586 -0.759629 -0.519738
0.108611 -0.756184 -0.534659
-0.147066 -0.601788 -0.774502
-0.038420 -0.695158 -0.609347
0.083368 -0.746190 -0.556324
0.363673 -0.735368 -0.714135
0.142825 -0.726554 -0.597442
0.397017 -0.654966 -0.765565
0.047695 -0.767741 -0.470423
-0.078224 -0.590808 -0.729559
-0.016721 -0.531367 -0.906867
-0.166360 -0.556895 -0.792859
0.168200 -0.599404 -0.804404
0.121712 -0.809626 -0.360335
0.063227 -0.779564 -0.407051
-0.048146 -0.667591 -0.649593
-0.006817 -0.584137 -0.742052
0.321154 -0.714953 -0.632518
0.414961 -0.724575 -0.748259
0.073446 -0.794415 -0.438076
-0.036167 -0.504503 -0.915988
-0.226864 -0.511643 -0.950630
0.100129 -0.807143 -0.325062
0.071640 -0.805828 -0.454647
0.512899 -0.665690 -0.830881
0.207484 -0.795181 -0.534746
0.052724 -0.731339 -0.553317
0.404365 -0.655862 -0.838588
0.109868 -0.505790 -0.943612
0.075665 -0.526375 -0.879345
0.282790 -0.538861 -0.919173
0.036754 -0.542355 -0.962103
0.157039 -0.504780 -0.904272
0.199634 -0.511331 -0.942620
-0.204459 -0.464295 -0.911448
-0.171755 -0.502503 -0.886657
-0.035113 -0.452938 -0.968673
0.082505 -0.493582 -0.918522
-0.147365 -0.484937 -0.895064
-0.842941 -0.616099 -1.136234
0.519388 -0.657676 -0.886855
-0.057869 -0.443175 -0.954875
0.045477 -0.492401 -0.929506
0.041235 -0.537013 -0.928098
0.079347 -0.510957 -0.950435
0.061099 -0.420850 -0.958852
-0.177160 -0.470134 -1.027788
0.144799 -0.473818 -0.950194
-0.072535 -0.566000 -0.646641
0.201873 -0.559160 -0.959701
0.524691 -0.639067 -0.865701
0.211856 -0.558012 -0.929155
-0.081489 -0.448048 -0.984326
0.510744 -0.648140 -0.857861
-0.296939 -0.593094 -1.042474
-0.170523 -0.463774 -0.861979
-1.016439 -0.616915 -1.201903
0.235740 -0.768495 -0.549160
-0.162746 -0.469108 -1.005223
-0.090517 -0.528362 -0.971735
-0.292039 -0.491749 -1.037718
-0.282630 -0.509632 -0.999175
-0.311585 -0.523827 -1.051926
-0.224171 -0.451925 -1.001214
0.277776 -0.607281 -0.743975
0.660807 -0.544038 -0.937912
0.198449 -0.572838 -0.919657
-0.159189 -0.438808 -0.919905
-0.291863 -0.595076 -1.046105
-0.109755 -0.532982 -0.975297
0.233641 -0.619343 -1.052223
-0.093642 -0.529762 -0.988511
-0.359589 -0.529769 -1.137060
-0.017385 -0.452669 -0.982742
0.066165 -0.433315 -0.951007
-0.258980 -0.499414 -0.964319
-1.254318 -0.709714 -1.225721
-0.148356 -0.475059 -0.994341
0.777539 -0.641831 -0.975728
-0.310067 -0.502547 -1.035656
-0.723679 -0.575979 -1.142562
-0.097500 -0.464870 -0.978439
-0.312880 -0.566588 -1.058788
0.955988 -0.557064 -0.949303
0.094546 -0.618281 -0.907937
0.131084 -0.519481 -0.969975
-0.067102 -0.467766 -0.970929
-0.958439 -0.641248 -1.126426
-0.917512 -0.614791 -1.116931
0.005084 -0.472077 -0.986148
0.589602 -0.574325 -0.898422
-0.183991 -0.468536 -0.914264
-0.276247 -0.516742 -0.993086
-0.311652 -0.511023 -1.058258
-0.265612 -0.477136 -0.978223
-0.797765 -0.669998 -1.141337
-0.413075 -0.513200 -1.104010
-0.097171 -0.520709 -0.972575
-0.400580 -0.595693 -1.070056
-1.183573 -0.672257 -1.228003
-0.433678 -0.491102 -1.071103
-0.180272 -0.603953 -1.018926
0.594889 -0.559690 -0.970366
-0.776323 -0.458550 -0.678370
-0.246245 -0.539641 -1.107821
-0.685267 -0.515473 -0.663721
-0.211273 -0.524578 -1.081597
-0.970341 -0.336161 -0.732556
-0.839715 -0.467639 -0.586542
-0.996225 -0.316162 -0.774907
-0.816759 -0.377403 -0.776443
-0.804279 -0.417248 -0.708498
-0.316300 -0.558625 -1.126129
-0.241932 -0.478897 -1.044864
-0.304921 -0.556578 -1.119874
-0.893907 -0.349169 -0.755084
-0.497466 -0.504922 -0.788294
-0.890195 -0.382804 -0.719316
-0.231225 -0.478474 -1.048847
-0.917496 -0.637525 -0.556087
-0.803195 -0.523003 -0.550399
-0.790283 -0.552147 -0.780432
-1.089681 -0.338657 -0.890933
-0.648535 -0.444474 -0.818667
-0.250714 -0.480225 -1.034580
-0.777697 -0.550188 -0.502041
-1.025995 -0.268714 -0.817062
-0.809122 -0.493034 -0.536037
-0.822844 -0.530936 -0.580162
-0.990806 -0.476712 -0.715829
-0.834435 -0.482158 -0.563235
-0.967463 -0.281730 -0.824160
-0.950040 -0.588065 -0.599606
-0.568063 -0.534017 -0.856591
-0.827017 -0.389250 -0.695201
-0.739840 -0.481142 -0.650359
-0.486827 -0.564212 -0.903069
-0.901340 -0.574354 -0.656120
-0.874916 -0.649368 -0.623804
-0.930842 -0.574036 -0.633162
-0.813130 -0.482989 -0.605764
-0.716179 -0.544043 -0.591183
-1.043501 -0.226775 -0.900329
-0.528857 -0.522250 -0.756945
-1.033490 -0.419487 -0.731053
-0.246297 -0.482119 -1.034774
-0.889142 -0.341770 -0.764470
-0.879935 -0.626208 -0.604298
-0.894993 -0.612773 -0.538200
-0.992944 -0.411468 -0.758994
-1.112795 -0.221230 -0.926167
-1.027505 -0.403607 -0.733616
-0.970022 -0.374723 -0.949923
-0.756109 -0.456216 -0.647318
-0.271688 -0.535260 -1.089954
-0.913271 -0.366522 -0.903438
-0.748275 -0.559193 -0.537890
-1.033724 -0.415541 -0.738033
-0.955651 -0.293638 -0.813003
-0.991666 -0.285540 -0.969651
-0.860856 -0.320028 -0.962268
-0.702972 -0.605976 -0.836792
-0.421333 -0.490545 -0.855061
-0.749863 -0.559431 -0.673430
-0.645937 -0.587612 -0.858576
-0.837286 -0.563683 -0.554106
-0.983990 -0.331132 -0.919210
-0.819342 -0.460934 -0.865465
-1.079872 -0.245901 -0.910387
-0.866577 -0.375799 -0.942750
-0.833076 -0.669266 -0.698348
-1.124260 -0.278892 -0.957498
-0.912192 -0.675277 -0.514185
-0.531201 -0.566903 -0.862328
-0.932573 -0.540282 -0.644760
-1.026206 -0.309231 -0.800702
-0.872799 -0.383531 -0.908112
-0.825555 -0.466518 -0.640736
-0.778621 -0.410989 -0.945575
-1.096872 -0.180995 -0.980899
-0.715826 -0.642956 -0.837591
-0.976696 -0.297186 -0.949250
-0.285730 -0.479933 -1.024310
-0.851397 -0.476080 -0.688971
-0.903819 -0.669851 -0.546624
-1.181432 -0.042764 -1.012243
-0.777492 -0.322012 -0.963869
-1.144368 -0.089532 -1.006098
-0.843468 -0.360426 -0.924599
-1.015087 -0.389308 -0.732551
-1.241101 -0.036138 -1.006751
-0.993366 -0.241928 -0.997606
-0.874245 -0.673859 -0.555224
-1.124686 -0.203739 -0.947793
-1.020442 -0.220393 -0.814340
-0.269339 -0.483421 -1.019247
-0.748143 -0.561442 -0.678436
-0.983276 -0.288690 -0.938560
-0.996378 -0.243182 -0.842119
-1.093039 -0.122225 -0.984960
-0.905746 -0.308838 -0.930806
-0.955073 -0.217716 -0.937505
-0.837471 -0.349126 -1.000683
-1.027136 -0.260740 -0.874652
-0.647937 -0.402970 -0.854486
-1.105012 -0.278233 -0.948004
-0.944235 -0.275607 -0.991937
-0.777557 -0.322079 -0.963879
-1.188982 -0.221019 -1.089440
-0.675515 -0.421229 -1.102963
-1.365319 0.105566 -1.014923
-1.112546 -0.192030 -0.972010
-0.648588 -0.428088 -1.094829
-0.719296 -0.556182 -0.639503
-0.627113 -0.465074 -1.068542
-0.823737 -0.316986 -0.974120
-0.998505 -0.189973 -0.992409
-1.197984 -0.108674 -0.986026
-1.194956 -0.092602 -1.066721
-1.026546 -0.186597 -0.975521
-0.919370 -0.387967 -1.097112
-1.169179 -0.090218 -1.048243
-1.140532 -0.198068 -1.004225
-0.800032 -0.382356 -0.979374
-0.872317 -0.666897 -0.577775
-0.478085 -0.454697 -1.059961
-1.134356 -0.209611 -1.043225
-1.093684 -0.284167 -1.032581
-0.984681 -0.208082 -0.953701
-0.374225 -0.525212 -0.978236
-0.662229 -0.383932 -1.059362
-1.161886 -0.074562 -1.035803
-0.957870 -0.263718 -1.094964
-0.703028 -0.691815 -0.758206
-1.201374 -0.051979 -1.034885
-1.174651 -0.049791 -1.041961
-0.817407 -0.369428 -1.057770
-1.057721 -0.286133 -0.971646
-0.668034 -0.398845 -1.081829
-1.678675 0.252596 -0.954637
-1.192400 -0.066110 -1.049080
-1.169313 -0.159163 -1.067520
-0.768151 -0.341265 -1.050614
-0.739429 -0.428244 -1.059546
-0.581138 -0.409116 -1.073809
-0.664514 -0.384249 -1.055120
-0.892202 -0.382390 -1.055078
-0.514089 -0.443610 -1.018778
-0.374135 -0.515147 -0.920576
-1.141718 -0.186838 -1.011370
-1.002986 -0.194527 -1.048306
-1.474380 0.169072 -0.977042
-0.997548 -0.261543 -1.071178
-0.468176 -0.551623 -1.056023
-0.692237 -0.580841 -1.020350
-1.685594 -0.779047 -0.640639
-3.897588 -2.500371 0.598648
-15.527519 -9.048532 4.322203
-1.156937 -1.027037 -0.843884
-0.842489 -0.344170 -0.933309
-16.762751 -9.745365 4.735330
-11.689330 -4.846010 2.409183
2.430222 1.505736 -2.366842
-1.344557 -0.371091 -0.936067
-0.825099 -0.819448 -0.752703
-3.723800 -1.780265 0.084458
-1.349337 -1.322877 -0.424956
3.248599 2.167765 -2.718519
-0.472266 -0.468726 -1.035189
8.143955 3.865286 -4.272074
-0.281514 -0.472267 -1.069248
-1.020909 -0.789977 -0.720941
-1.200055 -0.474695 -0.871498
-0.264518 -0.466818 -1.111157
-0.305527 -0.481353 -1.012127
-0.470385 -0.465551 -1.037610
-1.051007 -0.994405 -0.568338
-9.734508 -3.525169 1.657925
-0.290380 -0.481869 -1.015612
-0.341351 -0.516111 -0.989889
-4.030749 -3.213873 0.402592
0.111752 -0.082522 -1.301410
5.895731 2.599328 -3.273342
-1.216284 -0.495921 -0.855930
-0.453164 -0.485912 -1.069406
-0.311598 -0.509995 -1.082936
-0.426588 -0.558291 -0.958715
-0.736974 -0.435833 -1.024911
-0.076225 -0.280174 -1.198038
-1.067433 -0.497716 -0.876598
-0.542584 -0.398910 -1.004476
-16.551402 -9.528722 4.927237
5.310721 3.358526 -3.305049
-13.808006 -8.027895 3.884256
1.405369 1.054672 -1.818969
-3.944809 -3.222321 0.377041
-2.148819 -1.171305 -0.613324
-1.283987 -0.869328 -0.856094
-12.863376 -7.407915 3.557871
-0.472067 -0.584775 -0.980624
-1.067684 -0.992811 -0.792994
-0.297781 -0.476289 -1.016733
3.667514 2.296003 -2.704018
-4.071524 -3.291850 0.372319
-0.164144 -0.340214 -1.219105
-0.336261 -0.440878 -1.125631
-3.285191 -2.633243 0.119662
-0.553941 -0.490181 -1.063991
-0.279781 -0.443965 -1.047658
-0.233026 -0.442751 -1.073718
-0.348085 -0.460391 -1.083665
-1.085469 -0.442975 -0.934146
-0.337358 -0.500107 -1.049455
-1.066686 -0.451488 -0.890843
-0.337156 -0.506050 -1.074822
-0.146898 -0.361412 -1.191234
-1.076371 -0.390680 -0.928546
-0.138289 -0.341041 -1.231840
5.571667 3.188077 -3.414545
-4.884120 -3.896641 0.734402
-0.101726 -0.313830 -1.191138
-0.220593 -0.451085 -1.088304
-0.693308 -0.463098 -0.946102
-0.586595 -0.477477 -0.749078
-0.308653 -0.492281 -1.070563
-1.056754 -0.481876 -0.642284
-0.409547 -0.495023 -1.068111
-0.183674 -0.344819 -1.225971
1.248086 0.474705 -1.717451
-1.232016 -0.374534 -0.845972
-0.571543 -0.399893 -0.953293
0.043101 -0.129969 -1.303453
-0.980124 -0.406974 -0.925574
-1.039474 -0.474433 -0.540244
-2.405939 -1.891434 1.038819
-0.251614 -0.493216 -1.090787
-0.268669 -0.501544 -1.050233
-1.182851 -0.489543 -0.894240
-0.277892 -0.480894 -1.048084
-4.910538 -3.945656 0.741559
-0.072849 -0.204764 -1.307358
-0.192514 -0.368275 -1.165663
-0.207591 -0.330682 -1.153958
-0.936756 -0.392367 -0.644421
-1.148627 -0.583302 -0.638638
-0.715209 -0.482810 -1.011316
-1.166578 -0.434079 -0.782858
-6.726959 -4.266935 4.637525
-0.327621 -0.450927 -1.092376
-0.274682 -0.478716 -1.095633
-0.470566 -0.393076 -0.895009
-0.191946 -0.405476 -1.158579
-1.012486 -0.455089 -0.941231
-1.160925 -0.438168 -0.924927
-0.339397 -0.501761 -1.070839
-1.250177 -0.342171 -0.870903
-0.214945 -0.435073 -1.063783
-0.528256 -0.454693 -1.001792
-1.170242 -0.433768 -0.732114
-0.343657 -0.468971 -0.973341
-0.999027 -0.373566 -0.887851
-0.339200 -0.487014 -1.036975
-0.500894 -0.505488 -1.036141
-0.704618 -0.450170 -1.015857
-0.229090 -0.484056 -1.078011
-0.548932 -0.520102 -1.068569
-0.413131 -0.420865 -0.928681
-0.349336 -0.500726 -1.066906
-0.251032 -0.498450 -1.024404
-0.375399 -0.444561 -0.953389
-0.681029 -0.338944 -0.974814
-0.896054 -0.389435 -0.877810
-0.470288 -0.455983 -0.931887
-0.634587 -0.674161 -0.794697
-0.284024 -0.500719 -1.049461
-0.336420 -0.479548 -0.972125
-0.352157 -0.502080 -1.064483
-0.394511 -0.450009 -0.955785
-0.810931 -0.433414 -0.865229
-0.436975 -0.407480 -0.912307
-2.778447 -1.584684 0.649336
-0.329118 -0.485950 -1.020140
-0.451752 -0.417384 -0.934956
-0.533643 -0.407512 -0.922807
-0.247553 -0.493061 -1.058583
-0.461509 -0.505146 -0.864100
-0.467736 -0.444522 -1.005774
-0.582708 -0.388909 -0.882987
0.353318 0.077926 -1.531182
-0.247942 -0.508540 -1.072972
-0.616598 -0.370915 -0.889770
-0.620723 -0.424649 -0.888741
-0.448702 -0.422106 -0.929783
-0.850333 -0.399479 -0.901319
-2.422550 -1.832704 0.551001
-0.345646 -0.500561 -0.977134
-0.297894 -0.479794 -1.005781
-0.619398 -0.573868 -0.815891
-0.501169 -0.479495 -0.946930
-0.376040 -0.466814 -0.980450
-0.304778 -0.485746 -0.984004
-0.777349 -0.356197 -0.866015
-0.974944 -0.976239 -0.393730
-0.238119 -0.373502 -1.163352
1.413196 0.756514 -2.435802
0.007237 -0.243759 -1.175624
-0.469120 -0.576941 -0.914638
0.244402 -0.055442 -1.405477
0.130510 -0.151628 -1.369193
-0.417176 -0.546029 -0.857485
0.351725 -0.021379 -1.452817
1.139986 0.556580 -2.136085
0.639592 0.250623 -1.726588
-0.064293 -0.287447 -1.128060
0.314298 -0.042598 -1.412045
-0.474158 -0.592357 -0.801044
-0.471068 -0.615368 -0.897165
-0.427531 -0.573959 -0.877665
-0.283427 -0.435901 -1.119536
0.126093 -0.158150 -1.357981
0.441590 0.036362 -1.528686
-1.628420 -1.501829 0.145683
0.349120 -0.021140 -1.448223
0.462867 0.052162 -1.546583
1.025827 0.472672 -2.040795
-1.757616 -1.594632 0.249674
0.175893 -0.154539 -1.219562
0.182842 -0.153468 -1.226028
0.177674 -0.156696 -1.225435
-14.010525 -9.847728 5.763245
-0.596611 -0.724973 -0.829346
-0.292204 -0.502098 -0.987566
-0.043495 -0.270776 -1.194963
1.415136 0.759836 -2.366081
-0.384097 -0.542132 -0.917222
0.176448 -0.162670 -1.222314
0.193258 -0.132288 -1.243581
0.257689 -0.077583 -1.353739
0.141513 -0.159950 -1.284263
0.228050 -0.093146 -1.411900
-3.686688 -3.038869 1.833503
-0.679377 -0.788714 -0.593151
-0.460924 -0.603093 -0.888399
0.326876 -0.000550 -1.434802
-0.491068 -0.627221 -0.889884
-0.302773 -0.464794 -0.988378
0.211807 -0.102179 -1.404731
0.036953 -0.235785 -1.272426
-0.369141 -0.579537 -0.868225
-0.294072 -0.480766 -1.046696
-0.316398 -0.485407 -0.978365
-0.857409 -0.906161 -0.404842
-0.497677 -0.629138 -0.862569
0.013091 -0.257211 -1.167668
0.252733 -0.082059 -1.348436
0.602839 0.170181 -1.759416
-0.136265 -0.364838 -1.161327
1.582472 1.036549 -3.014769
-0.160887 -0.366052 -1.061058
0.177393 -0.163060 -1.220941
-0.462915 -0.605152 -0.894038
-0.053119 -0.294924 -1.251547
0.107807 -0.198826 -1.205170
0.222224 -0.111874 -1.311736
0.113994 -0.167495 -1.276681
0.257319 -0.076316 -1.429140
0.415330 0.021745 -1.522911
-0.440117 -0.581730 -0.866236
-0.994922 -1.064352 -0.269019
-0.623477 -0.716806 -0.770094
0.180547 -0.140728 -1.251723
-0.218480 -0.417151 -1.055443
2.460529 1.520362 -3.225661
-0.186445 -0.375037 -1.118885
0.530939 0.167183 -1.762421
-0.285903 -0.492657 -1.000972
-0.551432 -0.690916 -0.817384
-0.139253 -0.358849 -1.081473
0.386878 0.002768 -1.489109
0.009910 -0.273318 -1.228306
-0.356676 -0.537369 -0.938345
-0.532687 -0.650841 -0.832418
0.532734 0.123700 -1.624684
0.138384 -0.180248 -1.194208
0.402479 0.012846 -1.507107
0.004487 -0.277470 -1.224234
-0.186212 -0.404758 -1.094591
-0.413968 -0.567875 -0.917776
-0.981243 -1.010589 -0.297413
0.258681 -0.078902 -1.348133
-1.732872 -1.667762 0.360775
-1.035113 -1.092155 -0.238373
-0.116550 -0.311351 -1.176034
3.997844 3.016512 -5.568745
0.269598 -0.043765 -1.377621
0.123081 -0.143505 -1.351089
0.141251 -0.172700 -1.248404
0.229630 -0.101734 -1.305278
-0.006318 -0.235690 -1.228205
0.866985 0.348318 -2.150274
-0.036724 -0.315785 -1.154992
-0.298203 -0.478003 -0.993170
1.553369 0.987544 -2.874690
0.263760 -0.083731 -1.336534
-0.383617 -0.550728 -0.934920
-0.434982 -0.585090 -0.903857
0.194720 -0.102232 -1.304529
0.243302 -0.098593 -1.361350
-0.161558 -0.352608 -1.106475
1.145672 0.694354 -2.385239
0.566062 0.263740 -1.742704
0.130669 -0.196911 -1.208789
0.249966 -0.100225 -1.321885
0.226491 -0.116860 -1.311794
-1.361766 -1.384185 0.013489
-0.368345 -0.544840 -0.923756
-1.286254 -1.270575 -0.115786
-0.139820 -0.331945 -1.158383
0.073753 -0.193337 -1.175703
0.001040 -0.261578 -1.153158
-8.334702 -6.930823 6.144767
0.162645 -0.161289 -1.321625
0.300373 -0.016509 -1.486209
4.315844 3.225320 -5.879588
0.170585 -0.110834 -1.282730
0.277855 -0.037654 -1.384703
0.444836 0.085693 -1.574360
0.137976 -0.185611 -1.216175
-0.339190 -0.520913 -0.960064
-6.926033 -5.690624 4.898515
-0.351508 -0.497477 -0.906283
-0.040561 -0.284609 -1.144212
0.240586 -0.066686 -1.353024
-6.927187 -5.660113 4.891707
-0.012672 -0.239475 -1.161184
-0.164396 -0.364389 -1.141485
-0.345337 -1.652165 -0.447587
-0.299799 -0.988511 -0.668848
-0.301816 -0.988849 -0.669039
-0.444930 -1.678696 -0.676172
-0.374371 -1.821954 -0.551948
-0.418515 -1.658255 -0.590471
-0.374609 -1.658613 -0.553147
-0.428836 -1.839522 -0.573821
-0.386731 -1.962109 -0.602886
-0.454063 -1.784609 -0.608642
-0.338251 -1.645742 -0.539485
-0.394867 -1.519592 -0.615291
-0.408732 -1.667230 -0.592165
-0.346606 -1.837527 -0.417889
-0.368372 -1.662058 -0.564616
-0.366141 -1.665616 -0.562082
-0.310497 -1.972219 -0.582368
-0.295919 -1.723649 -0.358316
-0.443874 -1.677716 -0.676057
-0.369021 -1.660463 -0.563708
-0.284128 -1.633541 -0.438186
-0.431383 -1.768748 -0.515701
-0.371503 -1.570227 -0.487822
-0.442516 -1.944137 -0.713377
-0.304687 -1.645303 -0.564634
-0.324642 -1.643467 -0.502528
-0.330007 -1.661017 -0.462243
-0.405651 -1.833315 -0.520336
-0.339848 -1.664707 -0.452198
-0.239663 -1.541981 -0.401531
-0.400712 -1.847258 -0.555835
-0.350221 -1.766549 -0.329813
-0.444558 -1.677736 -0.676180
-0.440520 -1.676321 -0.677412
-0.315399 -1.649437 -0.414559
-0.324491 -1.639817 -0.502543
-0.344632 -1.647400 -0.422847
-0.410241 -1.590751 -0.653307
-0.411300 -1.622629 -0.531355
-0.318411 -1.643005 -0.415587
-0.304381 -1.645148 -0.564811
-0.170901 -1.993654 -0.419619
-0.385589 -1.655816 -0.472391
-0.408452 -1.645669 -0.584321
-0.244375 -1.560108 -0.409664
-0.324778 -1.641746 -0.501957
-0.373677 -1.912696 -0.596129
-0.373884 -1.660102 -0.553403
-0.445393 -1.678644 -0.672887
-0.445319 -1.682929 -0.748294
-0.424320 -1.671806 -0.720876
-0.433743 -1.679520 -0.674207
-0.376851 -1.827929 -0.539833
-0.450150 -1.934241 -0.714297
-0.357091 -1.815108 -0.548632
-0.345168 -1.624764 -0.423093
-0.373242 -1.662387 -0.549541
-0.425218 -1.905175 -0.625956
-0.385816 -1.687320 -0.552413
-0.339320 -1.644106 -0.539443
-0.437846 -1.529809 -0.545738
-0.437851 -1.687530 -0.782414
-0.412411 -1.802380 -0.657931
-0.369859 -1.652239 -0.537652
-0.431037 -1.888490 -0.597074
-0.438878 -1.862452 -0.597962
-0.356203 -1.654172 -0.585723
-0.450413 -1.947947 -0.710398
-0.440918 -1.683272 -0.710465
-0.437687 -1.780807 -0.581712
-0.239880 -1.633710 -0.311206
-0.383262 -1.890386 -0.525641
-0.432902 -1.666158 -0.773026
-0.394946 -1.747231 -0.459619
-0.371388 -1.831878 -0.428967
-0.386033 -1.708220 -0.521884
-0.323584 -1.556079 -0.454691
-0.370182 -1.659560 -0.554202
-0.408367 -1.625297 -0.531152
-0.342308 -1.632731 -0.422923
-0.351607 -1.661742 -0.534495
-0.431460 -1.850529 -0.574184
-0.357617 -1.679701 -0.416011
-0.242495 -1.789005 -0.274395
-0.388437 -1.817500 -0.473948
-0.330982 -1.636714 -0.417207
-0.370223 -1.658964 -0.554534
-0.409458 -1.594468 -0.515715
-0.335202 -1.648462 -0.476773
-0.367082 -1.663358 -0.563206
-0.424987 -1.699829 -0.760288
-0.391451 -1.995542 -0.692958
-0.392124 -1.786324 -0.517863
-0.441892 -1.876115 -0.604984
-0.378905 -1.691589 -0.502642
-0.241204 -1.632889 -0.311826
-0.434210 -1.678435 -0.679577
-0.426859 -1.762281 -0.502133
-0.340066 -1.661854 -0.584545
-0.377592 -1.778573 -0.443169
-0.401768 -1.664326 -0.763084
-0.392349 -1.781897 -0.523716
-0.412827 -1.729062 -0.509305
-0.391879 -1.726572 -0.484872
-0.332614 -1.632121 -0.416707
-0.447534 -1.826698 -0.603154
-0.286742 -1.637022 -0.515175
-0.435593 -1.676572 -0.700476
-0.362482 -1.757574 -0.458928
-0.364541 -1.830775 -0.512407
-0.405840 -1.866772 -0.612261
-0.369343 -1.660434 -0.555078
-0.244546 -1.662505 -0.303632
-0.373055 -1.656427 -0.564390
-0.421084 -1.669882 -0.689211
-0.415093 -1.774627 -0.507792
-0.393876 -1.769671 -0.522037
-0.392954 -1.763651 -0.497452
-0.444438 -1.794039 -0.611487
-0.427521 -1.685300 -0.737970
-0.444526 -1.682353 -0.724452
-0.441050 -1.670304 -0.677595
-0.403498 -1.824953 -0.558192
-0.384173 -1.827839 -0.563058
-0.354634 -1.699683 -0.440609
-0.324571 -1.665751 -0.458924
-0.408778 -1.655717 -0.561338
-0.281439 -1.638260 -0.511669
-0.357002 -1.653652 -0.585043
-0.439393 -1.828321 -0.739090
-0.315151 -1.905775 -0.599355
-0.332142 -1.727559 -0.456981
-0.418298 -1.691042 -0.680246
-0.430070 -1.684488 -0.676107
-0.392625 -1.806159 -0.510226
-0.342487 -1.648394 -0.461573
-0.443295 -1.864206 -0.652997
-0.319473 -1.838393 -0.499807
-0.392060 -1.742506 -0.506173
-0.395788 -1.796384 -0.453795
-0.378277 -1.696061 -0.502728
-0.422369 -1.682692 -0.775609
-0.400545 -1.696256 -0.702365
-0.406463 -1.736516 -0.508939
-0.148964 -2.021082 -0.446791
-0.384051 -1.724828 -0.487686
-0.399557 -1.692958 -0.522170
-0.449557 -1.760105 -0.615870
-0.445290 -1.681172 -0.757743
0.513631 1.254565 -1.765134
-0.455047 -1.026935 -0.729453
-1.623185 -4.804537 1.217916
-0.343210 -0.547131 -0.968050
-0.280513 -0.383726 -1.025873
-3.584978 -5.695153 0.933104
-2.864485 -4.585759 0.553271
-0.518371 -0.852215 -0.857791
-0.967324 -1.933966 -0.261802
-2.543511 -4.082405 0.375045
-0.480200 -0.849482 -0.847545
-0.637114 -1.174660 -0.590873
-3.277760 -5.205054 0.771391
3.237800 5.118350 -2.913045
-3.156676 -5.009847 0.706244
-0.161519 0.343026 -1.332991
-1.614748 -18.850519 0.119883
-0.486188 -0.963187 -0.727608
-1.151496 -1.815806 -0.468422
-0.508426 -1.063364 -0.678077
-0.192272 -0.050553 -1.304414
-0.695613 -1.161185 -0.715983
-0.696097 -1.073993 -0.736837
-6.663866 -15.094186 6.889308
-1.193139 -2.002303 -0.444691
-0.729814 -1.491865 -0.493354
-0.445107 -0.635884 -0.887819
-0.382304 -0.677615 -0.943083
-4.092936 -6.884284 1.300036
-4.417730 -7.469748 1.456397
-0.758626 -1.445602 -0.531326
-0.581468 -1.013860 -0.801899
-5.464178 -18.119603 6.047937
-0.564204 -1.017853 -0.791138
-0.721602 -1.256211 -0.623431
-0.687732 -1.281874 -0.533340
-0.846405 -1.618961 -0.462968
-0.438986 -0.685629 -0.919589
-0.580929 -1.008061 -0.803657
-0.920832 -1.549379 -0.610263
-0.824114 -1.532878 -0.468807
-3.898470 -6.482225 1.189466
-0.318056 -0.179740 -1.130704
-6.824127 -11.620082 2.871795
-0.758901 -1.568803 -0.574723
-0.524733 -1.073073 -0.717685
-5.848300 -17.693119 5.657743
-0.393802 -0.740422 -0.942856
-0.532446 -0.919983 -0.854487
0.431576 1.073486 -1.713213
-0.553159 -1.115311 -0.703791
-0.759462 -1.449346 -0.527906
-0.596143 -1.142139 -0.754495
-0.845129 -1.400446 -0.632936
0.635839 2.772076 -2.664041
-0.533652 -0.978692 -0.790915
5.357814 13.737516 -9.095883
-0.612404 -1.077381 -0.673698
-0.429234 -0.775539 -0.828413
-0.827907 -1.355331 -0.621177
0.418112 1.044932 -1.699930
-0.436563 -1.053902 -0.769579
-0.319061 -0.473531 -1.013433
-0.401818 -0.851980 -0.909175
-5.548107 -15.993107 5.014646
-0.250462 -0.075722 -1.192443
-0.614104 -1.173814 -0.684402
-0.653436 -1.143460 -0.743386
4.723825 16.283641 -9.257990
-0.841702 -1.550490 -0.484574
-0.740463 -1.279314 -0.612500
-0.797056 -1.724912 -0.314014
-0.717198 -1.290482 -0.626707
-0.522937 -1.105809 -0.682656
-0.541360 -0.987403 -0.773851
-0.466992 -0.754579 -0.894558
-0.594274 -1.127925 -0.795375
-0.568724 -0.981271 -0.874706
-0.913280 -1.826244 -0.390884
-0.585370 -1.028148 -0.792156
-0.461390 -0.840696 -0.784149
-0.374440 -0.862930 -0.759608
-0.745529 -1.320396 -0.606669
-0.485739 -0.793957 -0.885674
-0.314668 -0.453465 -1.022649
-0.660763 -1.223129 -0.612870
0.241706 0.659759 -1.539216
-0.560667 -1.097663 -0.688189
-0.799082 -1.425957 -0.609335
-0.539425 -0.961247 -0.684787
-0.588908 -1.147084 -0.775184
-1.097218 -2.352615 -0.153978
-0.511888 -1.009705 -0.624079
-0.840864 -1.637896 -0.397893
-0.111098 0.793712 -1.945353
-0.815913 -1.750405 -0.526740
-0.892421 -1.713640 -0.433054
-0.551759 -0.970442 -0.878411
-0.686179 -1.219486 -0.672180
-0.492124 -0.725926 -0.957341
-0.513690 -0.865797 -0.873778
6.566221 15.141742 -5.693345
-0.512256 -0.932378 -0.852438
-0.378663 -0.825093 -0.791113
-0.440544 -0.852830 -0.803875
-0.742769 -1.284479 -0.603403
-0.305126 -0.436441 -1.052024
-0.442851 -0.894033 -0.759910
-0.346383 -0.711375 -0.874101
-0.354345 -0.537140 -0.967825
-0.596545 -1.081782 -0.689620
-0.527849 -0.878552 -0.846289
-0.739948 -1.226488 -0.683211
-0.581617 -1.073074 -0.698141
-0.306934 -0.445330 -1.048178
-0.684963 -1.217091 -0.644282
-0.522411 -0.961730 -0.809385
-0.629192 -1.106723 -0.714030
-0.438686 -1.033273 -0.778366
-1.077561 -2.221876 -0.158492
-0.239190 -0.297141 -1.067556
-0.163003 -0.033663 -1.284187
-0.869650 -1.600536 -0.452875
-0.749791 -1.298581 -0.598909
-0.615949 -1.047360 -0.811689
-0.312123 -0.477630 -0.987023
-0.602546 -1.112399 -0.713774
-0.597310 -1.119856 -0.670490
-0.021632 0.128502 -1.282884
-0.940094 -1.860017 -0.275798
-3.076854 -4.465558 0.497851
-3.928439 -5.737586 2.645079
-3.915131 -5.683218 2.604991
-3.715972 -5.468849 2.414504
-3.081955 -4.476151 0.500591
-3.926226 -5.700759 2.636628
-3.860019 -5.609907 2.522201
-3.876140 -5.557041 2.515492
-0.770099 -1.813879 -0.513350
-3.809441 -5.485639 2.448354
-4.129492 -5.898317 2.564665
-3.876383 -5.702403 2.562517
-3.226040 -4.869193 0.636468
-3.930015 -5.592311 2.595285
-3.809887 -5.487799 2.274685
-3.846376 -5.643276 2.565713
-3.817144 -5.498886 2.428635
-3.158629 -4.640641 0.609021
-3.712588 -5.272267 2.140411
-3.055447 -4.494947 0.459204
-3.872986 -5.529304 2.503607
-3.832888 -5.657545 2.576822
-4.045110 -5.871499 2.758392
-3.278740 -4.844195 0.671012
-3.801357 -5.377962 2.391381
-3.920211 -5.689048 2.545219
2.885634 2.403981 -2.482593
-3.126065 -4.538078 0.526306
-4.116921 -5.859223 2.534430
-3.691553 -3.869057 1.246374
-3.883389 -5.433759 2.280750
-2.323163 -4.261091 0.734485
-3.861567 -5.736273 2.561710
-3.874147 -5.593909 2.577206
-3.969277 -5.689336 2.405719
-3.570946 -4.938814 1.340397
-3.837273 -5.462833 2.500525
-4.458284 -6.426196 3.155763
-7.041694 -6.018575 2.711290
-3.831695 -5.600237 2.166511
-3.919959 -5.679418 2.561004
-3.859102 -5.490036 2.468595
-3.838065 -5.433602 2.439829
-3.973831 -5.657373 2.605175
-3.887871 -5.650572 2.520095
-3.985497 -5.700707 2.414001
-2.425047 -3.696919 0.251245
-3.113548 -4.550143 0.531501
3.564312 2.856801 -2.544012
-1.038955 -1.979604 -0.503426
-5.968504 -12.426436 1.359021
-3.810279 -5.364472 2.248398
-1.796403 -2.731576 -0.114615
-3.880624 -5.424171 2.294601
-3.947986 -5.608166 2.551266
-3.877181 -5.709195 2.524457
-1.128647 -2.338355 -0.758859
-4.144774 -4.525688 0.941232
-1.217789 -1.803171 -0.514862
-9.625988 -7.950415 4.130893
-4.270947 -3.435560 1.410430
-4.136764 -5.923322 2.830332
6.918744 5.751721 -5.554909
-3.350374 -5.031235 0.749565
-3.752714 -5.540856 2.100387
-3.965246 -5.603474 2.619480
-3.794286 -5.464595 2.413638
-0.874882 -2.156530 -0.639950
-0.861371 -2.122168 -0.642241
-3.723601 -5.212299 2.114383
-0.915899 -2.215620 -0.289097
-3.899990 -5.491156 2.543533
-3.740551 -5.442653 2.082313
0.393933 0.119545 -1.346198
-4.971815 -8.350280 3.559801
-1.167147 -2.054616 -0.297766
-5.214955 -6.093889 1.312187
-3.749480 -5.374226 2.363450
-4.111133 -6.036945 2.823048
-1.152120 -2.861216 0.011510
3.972239 3.467833 -2.358627
-1.535053 -2.443266 -0.436856
6.278330 4.587059 -5.184363
4.630489 3.061735 -3.240680
2.505932 1.561303 -1.988649
-1.008380 -2.458440 -0.405088
-3.611008 -3.850189 1.185173
-2.335058 -2.626708 0.143449
-3.367115 -5.501129 1.551375
-1.798128 -4.436994 -0.318379
-1.007878 -2.182911 -0.308383
2.285210 2.353252 -2.943315
5.840393 5.013135 -4.833638
-1.714438 -3.033873 -0.427353
-0.766610 -1.939684 -0.796997
-4.208034 -6.338454 2.993690
-3.429584 -4.833679 0.688778
-1.679754 -2.588246 0.298443
-3.167860 -4.884826 0.590174
-3.900131 -4.393263 1.239580
-2.071310 -3.158743 0.375136
-3.782772 -5.339729 2.223968
-4.120690 -7.761344 2.336359
-3.614164 -5.859383 1.960676
-4.345999 -3.472770 1.491166
-1.018095 -2.125980 -0.362203
-3.241881 -4.010970 0.338949
-3.183406 -4.583093 0.491909
-2.964146 -5.710838 0.514792
3.775129 3.066226 -2.428490
3.187367 2.686419 -2.599844
-3.390129 -4.065339 0.684898
-1.665591 -2.991990 -0.352239
-3.738687 -5.361087 2.129711
-3.832592 -5.372248 2.254554
-3.945230 -5.864668 2.642335
-3.864309 -5.523903 2.367773
-3.979109 -5.812150 2.548556
-3.661885 -5.915679 2.001322
-3.857002 -6.332186 2.199153
-0.938967 -2.534241 -0.510473
-1.018618 -2.196935 -0.869664
-4.189258 -6.669775 2.586742
0.768238 0.729847 -1.656156
0.553477 0.451743 -1.442594
-1.113956 -2.341983 -0.456029
-3.867219 -5.528759 2.497280
9.764943 12.876201 -8.802970
-0.652201 -1.965808 -0.885165
1.680283 1.952870 -1.780576
-3.884258 -4.424070 1.055345
-2.296921 -2.865518 0.095366
-3.803293 -5.368295 2.401640
-0.882706 -1.835519 -0.417078
-0.911447 -2.123162 -0.469137
-3.294902 -4.772831 0.615219
-3.787094 -5.551839 2.129047
-5.817376 -9.533182 2.555770
-1.245535 -2.795125 -0.311047
3.803165 3.520803 -2.493140
-4.005221 -5.771519 2.644197
-3.626710 -6.525864 1.799454
-2.056239 -4.087050 0.267800
-2.311413 -3.169236 -0.000556
-5.948541 -10.002977 4.920704
1.749332 2.073958 -1.878063
-0.068669 0.841243 -1.331031
-0.396736 0.133868 -1.020819
-0.191664 -0.114159 -1.136494
-0.193612 -0.109497 -1.138580
-0.178863 -0.102976 -1.125693
-0.426325 -0.293487 -1.018664
0.032962 1.204368 -1.453761
-0.425882 -0.292805 -1.019007
-0.179913 -0.254147 -1.096217
-0.383048 -0.488683 -0.983336
-0.351400 0.248950 -1.150583
-0.114730 0.612228 -1.166665
-0.418189 -0.275122 -1.019995
0.006733 0.732717 -1.426094
-0.080709 0.740379 -1.251590
-0.385188 -0.979830 -1.023515
-0.332690 -0.236965 -1.036105
0.012769 0.888355 -1.193474
-0.222944 0.486298 -1.118614
-0.189281 -0.129718 -1.115549
-0.234915 1.179955 -1.214445
-0.411462 -0.006699 -0.981345
-1.849179 -4.654248 0.225027
-0.243585 1.363312 -1.225407
-0.213864 0.433343 -1.164977
-0.299005 -0.030819 -1.075000
-0.087856 0.722462 -1.246108
-0.457993 -0.679772 -0.926642
-0.469136 -0.687658 -0.917785
-0.218095 0.423462 -1.162381
-0.036592 0.794706 -1.183507
-0.410189 -0.649054 -0.980242
0.262451 2.008755 -1.681796
-2.950398 -5.676915 -0.500405
-0.380462 -0.535942 -0.975929
-0.178632 -0.276668 -1.100448
-0.411761 -0.654865 -0.979832
-0.228424 0.410417 -1.158436
0.088532 0.963609 -1.282750
-0.062361 0.905614 -1.317876
-0.079013 1.502075 -1.260644
-0.369882 0.129260 -1.062986
0.021937 0.906385 -1.194192
-0.070729 0.628636 -1.110787
-0.206412 0.448843 -1.168008
-0.354606 -0.236357 -1.022114
-0.268309 0.798084 -1.254374
-2.053950 -3.976014 0.085873
-0.142089 0.519014 -1.155778
-0.041592 0.764650 -1.321849
-0.306398 0.147760 -1.063145
-0.179254 0.643202 -1.192998
-0.165741 0.464740 -1.143528
-0.387646 0.098145 -1.054192
-0.057421 1.052688 -1.340691
-0.378649 -0.080298 -1.069425
-0.153408 0.496266 -1.214897
-0.426031 -0.518564 -0.982772
-0.422393 -0.675690 -0.955682
-0.408448 -0.625073 -0.962541
-0.288092 -0.062739 -1.010993
-0.410729 0.084271 -1.070800
-0.373471 -0.167643 -1.014834
-0.066524 0.684769 -1.146286
-0.317383 -0.124281 -0.949052
-0.271661 0.219737 -1.085205
-0.268292 0.224389 -1.082716
-0.374148 -0.625812 -1.013077
-0.384928 -0.617888 -0.959724
-0.663227 -1.074817 -0.862817
-0.388831 -0.715890 -1.017611
-0.410641 -0.637570 -0.955401
-0.396149 -0.591833 -0.967105
-3.536822 -5.303450 0.332766
-0.766829 -0.912206 -0.883022
-0.206217 0.445989 -1.169939
-0.822225 -1.662860 -0.446559
-0.411305 -0.530239 -0.964339
-0.585030 -1.141601 -0.961550
-0.251082 0.086176 -1.199994
-0.389702 -0.571114 -0.971682
-0.276484 -0.161126 -1.085332
-0.368665 -0.526066 -0.974870
-0.167514 0.485977 -1.209123
-0.264774 0.217820 -1.085925
-0.413229 -0.663338 -1.025235
-0.099710 1.090272 -1.229784
-0.293024 -0.147269 -1.088587
-0.312397 -0.145748 -0.982592
-2.005918 -4.550980 0.591435
-0.291017 0.072091 -1.016236
-0.414917 -0.508449 -0.972630
-0.405921 0.102643 -1.106725
-0.432815 -0.491642 -0.961708
-2.030807 -3.929745 0.082560
-0.072746 0.626856 -1.108284
-0.414095 -0.529791 -0.879448
0.023436 0.803498 -1.358178
-0.267697 0.072714 -1.148917
-0.228860 0.206030 -1.153767
-0.071194 0.777913 -1.270382
-0.117215 0.569233 -1.156613
-0.376100 -0.528163 -0.981228
-0.283841 -0.145579 -1.094873
-0.431617 -0.591453 -0.956627
-0.390451 -0.606872 -1.038158
-0.285340 -0.047135 -1.013095
-0.394526 -0.238947 -1.014456
-0.455252 -0.714163 -0.897666
-0.308442 -0.164227 -1.108091
0.133678 1.777278 -1.618945
0.745102 2.589980 -1.665593
-0.313284 -0.152087 -0.979432
-0.619368 -1.492881 -0.911849
-0.259193 0.276767 -1.116037
-0.417828 -0.534628 -0.979437
-0.366899 -0.339331 -1.017127
-0.124370 0.581050 -1.236691
0.033202 0.821881 -1.336750
-0.481025 -0.858872 -1.039840
-0.311283 -0.100448 -1.028499
-0.382770 -0.358002 -0.997846
-0.106021 0.610410 -1.250081
-0.264080 0.279805 -1.144769
0.048815 0.829704 -1.134957
-0.475385 -0.754156 -0.883055
-0.067987 1.489322 -1.259560
-0.271411 0.216620 -1.084450
-0.473724 -0.712418 -0.956079
-0.300771 -0.102872 -1.100619
-0.536789 -0.978217 -0.856408
-0.379527 -0.532877 -0.990286
-0.362902 -0.284418 -1.071423
-0.402221 -0.546009 -0.984896
-0.383575 -0.362602 -0.997684
-0.367834 -0.335330 -1.015859
0.107305 1.056628 -1.300839
-0.491727 -0.884983 -0.982696
-0.281456 -0.171790 -1.107901
-0.279152 -0.187085 -1.104191
-0.506540 -0.980165 -0.985733
-0.382808 -0.363377 -1.020235
0.075109 1.099927 -1.117286
-0.483536 -0.898535 -1.013854
-0.426055 -0.500355 -0.981284
-0.371306 -0.553561 -0.973990
-0.349113 -0.544279 -1.036173
-0.400641 -0.026875 -1.062640
-0.108014 0.475913 -1.081383
-0.420672 -0.584045 -1.000149
-0.899778 -9.715496 -0.375275
-1.678819 -11.351150 -0.967665
-0.653544 -7.960212 0.579594
-0.963190 -9.017705 -0.355357
-2.564736 -9.548876 0.289198
-1.587091 -6.862183 0.709682
-0.958882 -10.102107 -0.289576
-2.403803 -6.958952 0.726349
-2.176466 -8.071930 0.398221
-0.010853 -10.105589 -0.791714
-1.831929 -10.148564 -0.182889
-2.863923 -7.664042 0.426689
-2.847920 -7.558133 0.592471
1.231854 -11.252453 -3.348615
-2.519023 -7.172494 0.439136
-2.387615 -8.798917 0.193381
0.079005 -9.996387 -0.721753
-2.884308 -7.720281 0.437860
-1.650383 -11.378380 -0.957446
-0.145997 -8.639574 0.281320
-1.079438 -11.417752 -1.168354
0.741071 -8.399091 0.394936
-2.134452 -8.304905 0.432989
-1.777034 -9.841000 -0.200420
-2.798873 -8.869432 0.003463
0.525569 -7.983012 0.545847
-2.445509 -7.865536 0.298260
-0.115724 -10.783412 -0.842419
-1.800591 -9.996504 -0.192557
0.837591 -8.035973 0.496933
-2.405548 -8.990998 0.132471
-1.031301 -10.271494 -0.372726
0.021792 -10.331117 -0.786574
-2.362235 -6.475155 0.940302
-0.729510 -7.936308 0.496435
-0.439543 -9.328634 0.259970
-0.779477 -7.999614 0.551620
-0.446309 -11.361975 -0.926381
-1.885106 -9.565280 -0.306270
-1.751965 -9.649604 -0.211971
-0.998294 -9.951262 -0.314339
-0.193572 -8.864680 0.282496
0.069304 -10.018767 -0.737477
-2.154352 -5.722952 0.874064
0.777639 -8.145345 0.511657
-2.217495 -8.215227 0.421511
0.755299 -8.494605 0.417902
-2.819271 -7.220244 0.541798
-2.758897 -8.728370 -0.028738
-0.132297 -10.337542 -0.925910
0.611866 -7.227786 0.279412
-2.469442 -9.089470 0.490820
-2.809521 -7.526165 0.391259
-0.766248 -2.299242 -0.627791
-0.629575 -9.465903 0.002949
-2.444074 -7.259274 0.320138
-1.825525 -9.499438 -0.212351
0.530998 -8.124349 0.452056
0.541995 -8.350175 0.472569
1.938088 -15.519428 -4.377790
-2.972028 -8.002317 0.490983
-2.499872 -9.426079 0.172160
-2.233346 -5.778537 0.783913
0.548002 -8.305157 0.495555
-2.400924 -8.764600 0.431428
-1.623269 -11.230921 -0.926542
-2.379893 -7.043868 0.176825
0.548583 -8.251811 0.488808
-2.183272 -8.198988 0.634000
-2.813261 -8.914346 0.008424
-2.517345 -7.319735 0.823459
-0.785769 -7.946544 0.533108
-0.103113 -10.443625 -0.815936
-0.225849 -10.649711 -0.867691
-2.407089 -5.884855 1.007636
-0.920567 -1.980165 -0.502249
0.794624 -8.839376 0.442471
-2.116886 -7.903062 0.571628
0.520097 -8.026072 0.550665
-2.519478 -9.380645 0.269001
-0.473905 -9.759783 0.042622
-0.915096 -9.620263 -0.316557
-2.526068 -7.547819 0.371295
-0.160137 -8.703691 0.263703
-2.405445 -5.576840 0.718233
-2.181090 -6.689590 0.689488
-0.068273 -10.169632 -0.729934
-1.177885 -8.367840 0.600823
-0.228236 -10.839391 -1.077811
-0.651490 -8.816289 0.485476
-2.492811 -10.348357 0.017560
-2.270067 -8.366598 0.469009
0.006043 -10.305363 -0.777212
-0.965095 -7.789051 0.601128
0.749745 -8.115850 0.557144
-1.695291 -12.157428 -0.952422
-0.011462 -10.235801 -0.824450
-2.685572 -8.219269 0.448262
0.593324 -8.008342 0.631877
0.517065 -7.935976 0.532631
-2.048178 -7.997528 0.627647
-0.022681 -10.102617 -0.821959
-0.442541 -10.642969 -0.897868
-1.642910 -11.515399 -0.925909
-0.866471 -5.482031 -0.382814
-0.611058 -8.166566 0.531827
-2.809241 -7.686168 0.966205
0.330996 -5.994339 0.182093
-2.423406 -9.663642 0.159348
-0.956743 -9.858527 -0.386461
-0.963801 -10.797334 -1.078324
-0.160575 -10.227987 -0.898531
0.493443 -7.874838 0.473225
-2.398403 -8.217248 0.444891
-2.414180 -6.309964 0.860179
-2.230461 -10.133045 -0.324287
-2.437634 -9.752769 0.188424
-1.879685 -9.041597 -0.301292
-2.748035 -7.776570 0.157878
-2.343811 -5.586028 0.702339
0.855611 3.603564 -1.167898
-0.793011 -3.111277 -0.610204
-0.865802 -5.402771 -0.391786
0.532107 -8.245389 0.480079
-2.109163 -7.510047 0.667831
-2.226255 -10.052593 -0.320998
-1.043339 -7.885895 0.567903
-2.688821 -8.079546 0.420673
-2.949470 -7.555856 0.625425
-0.912611 -7.990559 0.625336
-2.261973 -10.247781 -0.319077
-0.479180 -9.810132 0.045166
-2.537253 -9.302503 0.520367
0.060359 -9.950545 -0.745356
-0.864893 -2.001990 -0.679872
-2.961849 -7.849496 0.500151
-0.920719 -1.980623 -0.501472
0.217324 -5.735629 0.059260
-0.958461 -7.717069 0.595803
3.480258 11.164616 -3.832512
-0.857739 -2.183137 -0.664648
-2.300729 -6.242618 0.790261
-1.197312 -8.591860 0.653204
-2.083716 -7.042855 0.775948
-2.318186 -6.064326 0.871650
-2.243645 -6.094298 0.894979
-0.611465 -9.832585 0.040734
-2.418827 -7.130970 0.737721
0.493134 -7.888142 0.418700
-0.983979 -9.835707 -0.236046
0.084534 -10.189656 1.081355
2.148503 -10.555958 1.373175
-0.096365 -9.845220 -0.311319
0.910856 -10.150701 0.590405
1.891740 -10.444867 0.992145
-0.701331 -9.417261 -1.024855
-0.461201 -9.867091 0.966861
-1.326280 -10.229496 1.617459
-0.722988 -9.349245 -1.039361
-2.946411 -8.785606 1.687962
-2.618002 -8.882056 1.783878
-1.004877 -9.707402 -0.249478
-2.700795 -8.932921 1.961561
-0.113343 -9.253234 -1.061388
2.051332 -10.542557 1.184915
2.243261 -10.195358 1.103861
-1.702337 -9.889439 1.019735
0.117107 -10.240128 1.044648
-2.088504 -9.387731 0.564306
0.928538 -10.249304 0.602414
0.942106 -9.863989 -0.766287
-0.111292 -9.216799 -1.056642
-0.614566 -9.578028 -0.974068
-1.588291 -9.731170 0.058436
-0.294638 -10.011506 1.066693
0.792654 -9.648180 -0.800387
-0.075809 -9.458768 -0.399642
-0.182187 -9.725030 -0.288590
-0.981486 -9.762067 -0.239631
-1.774475 -8.955545 0.163021
-2.239815 -9.056458 1.948569
-2.568156 -9.081101 1.894592
-1.885189 -9.528746 1.230279
-2.867431 -8.807992 1.811392
-0.073739 -9.252847 -1.218281
0.477806 -9.860739 0.427684
0.042969 -10.189147 0.931769
0.352118 -9.785068 0.180674
-0.161914 -9.375103 -1.166974
1.938704 -10.470911 1.083166
-0.142135 -10.039325 1.134399
1.789585 -10.220642 1.050815
0.949620 -10.220759 0.629299
0.926215 -10.280939 0.614972
-0.305103 -10.170575 1.102944
1.882214 -10.466188 1.104077
-1.692763 -9.710708 0.655333
-1.392030 -9.518415 -0.417513
-2.568626 -9.035791 1.812447
-2.759378 -8.808598 1.938080
-1.119108 -9.629584 -0.365937
1.930294 -10.473136 1.046752
0.955058 -10.377951 0.625892
-1.813297 -9.298523 0.094972
-2.897732 -8.784465 1.830154
-2.650392 -8.913391 1.670553
1.918340 -10.432581 1.147522
-1.640787 -9.199084 0.078380
0.297519 -10.462059 1.222489
0.747958 -9.553341 -0.815526
-2.136197 -9.257773 1.288855
-0.617635 -9.478612 -0.964538
2.014292 -10.452838 1.060618
-1.633189 -9.225903 -0.401574
-0.616031 -9.459974 -0.963674
1.785308 -10.278528 1.039163
-0.615603 -9.530077 -0.970410
1.809507 -10.250956 1.019897
-1.642110 -9.225034 0.011839
-1.392196 -9.554171 -0.410592
-1.879835 -9.544996 0.532111
-0.153453 -9.959714 -0.374288
-2.247120 -9.063904 1.943378
0.865742 -10.455962 0.635838
-1.594546 -9.663894 0.047732
-0.205451 -9.243731 -1.278877
-2.337796 -9.156486 0.563510
-2.058014 -9.228382 1.009137
-2.948975 -8.884362 1.734347
-0.998524 -10.048104 -0.218423
-1.549883 -9.758446 -0.057695
-1.542911 -9.565592 -0.165953
-1.805968 -9.209639 0.469118
-2.035882 -9.255761 1.032589
-0.834411 -9.857404 -0.108492
-2.325729 -8.965575 1.176030
-0.680359 -9.471733 -0.998334
-1.755716 -9.548910 0.882220
-1.961976 -9.378316 1.194898
0.675649 -9.652788 -0.846063
2.066320 -10.654540 1.079715
-2.047733 -9.098132 0.523272
-1.838017 -9.271108 0.140280
-1.821082 -9.227174 0.200045
-1.363724 -9.623616 -0.430126
-2.851981 -8.625477 1.940356
-1.643938 -9.195838 0.068481
-0.154981 -9.997777 1.116282
-0.126700 -9.445314 -1.165682
-1.646374 -9.294347 0.070032
0.310658 -10.351528 0.896168
1.478650 -8.171038 -2.677436
-1.397024 -9.651723 -0.411442
-2.580205 -8.948492 1.723836
-2.314612 -9.291112 1.233613
-2.326654 -9.071913 1.738874
-2.527050 -8.972857 1.609389
-2.402843 -9.107150 1.250536
0.255132 -10.150371 0.822998
-2.368270 -9.150659 0.529895
-1.664540 -9.582615 0.089822
2.336574 -10.330978 1.158725
-1.779110 -9.253655 0.095631
-0.060235 -9.583089 -0.399346
0.426352 -9.769558 0.110073
-0.634542 -10.188583 0.176191
0.807371 -9.666416 -0.799284
-1.575938 -9.244668 -0.118672
-1.978220 -9.452415 1.217765
-1.609153 -9.525521 0.123015
1.043846 -9.870825 -0.688436
1.219907 -12.479146 0.997131
0.002390 -10.087114 1.011247
-0.218724 -9.328468 -1.181692
1.984200 -10.413919 1.068179
-0.467780 -9.969666 0.997270
-2.357625 -9.363779 0.582083
0.116790 -9.390710 -1.118805
-1.603820 -9.746739 0.067390
-2.277629 -9.113817 1.820553
-1.776711 -9.083184 0.189590
-0.009828 -9.151624 -1.410838
0.323595 -9.443970 -1.348982
2.033024 -10.459713 1.083707
-2.347930 -9.165176 0.912639
-0.810675 3.793069 -1.058313
-2.361285 -9.013688 0.503125
-0.666913 3.907127 -0.910329
-1.677467 -9.618261 0.072252
-1.632283 -9.396595 -0.395301
1.874128 -10.269852 1.059143
-2.877604 -8.686382 1.675020
-0.670963 -9.032301 -1.744631
-2.879368 -8.830225 2.091846
-1.540741 -9.474413 -0.170328
-1.162038 -9.550912 -0.332990
-0.240286 -9.756484 -0.596748
-0.057826 -9.551390 -1.085412
1.717917 -10.934986 1.357666
1.650961 -10.938007 1.289436
1.633792 -10.864260 1.291710
-3.142336 -16.618818 2.198582
-1.373426 -13.940698 -1.456524
0.980844 -11.084274 2.321759
1.204514 -11.297746 0.286883
1.829392 -10.439613 -0.075774
-0.094220 -11.894607 -1.934802
1.757350 -11.074362 1.398686
1.378079 -11.656722 0.535997
1.190410 -11.471514 0.109013
-1.114428 -13.874537 -1.049249
0.999112 -11.367219 2.418407
-0.740560 -14.176231 0.756787
-0.259127 -11.836750 -2.070506
-1.997401 -13.861141 -2.061006
-3.345835 -16.086554 -1.153593
-1.236549 -12.581012 -2.256673
0.995945 -11.053735 2.355590
1.844164 -10.362881 0.004784
0.912229 -11.612955 2.176313
1.208844 -11.375646 0.357901
0.268745 -11.731325 -1.635973
-2.048723 -14.073650 -2.086946
-2.019251 -14.620411 -2.072160
0.298306 -11.833897 -1.615134
-1.240649 -14.038186 -1.176897
-2.715779 -15.972029 -0.886976
-0.270300 -13.902839 -0.073914
1.103279 -11.219916 0.253723
-1.158922 -14.599510 -1.092214
1.027957 -11.530957 2.460081
-1.042386 -14.005719 -1.207686
-0.590336 -14.172191 0.903840
0.054105 -11.822074 -1.730389
-1.050334 -13.734787 -1.134362
0.027336 -11.890644 -1.753798
-1.966462 -14.355438 -2.043523
0.219142 -13.339853 -0.021351
-4.279430 -16.970539 0.074293
-1.251496 -14.279199 0.966419
-3.929753 -16.798178 1.385066
-0.572528 -14.371112 0.748856
0.065691 -12.330134 -1.629898
1.406508 -11.808890 0.511396
-0.380517 -12.517195 -1.888974
-1.284376 -14.572778 -1.221394
-2.191571 -14.744049 -2.202130
-0.587702 4.590481 0.971241
0.223103 -13.307162 -0.012617
-2.939225 -15.581684 2.093567
-0.441583 -13.429651 -0.719397
-1.183006 -12.653231 -2.363349
1.446402 -10.954083 0.261315
1.187348 -11.258284 0.175090
-4.882168 -18.061478 0.924377
-1.107555 -14.201668 -1.071856
-4.321048 -17.419643 0.911640
-3.259375 -17.302953 2.349060
1.203035 -11.173184 0.274319
-1.697705 -15.600905 0.961982
1.023186 -8.897849 -3.729688
-3.730023 -16.351258 -0.592964
-1.366530 -14.725105 -1.219637
0.209227 -13.180178 -0.021514
-0.350710 -13.741840 -0.558722
-1.983828 -14.408735 -2.056097
-1.986102 -14.467749 -2.056470
-0.410973 -12.580450 -1.885749
-5.357453 -18.381786 3.954467
-0.701664 -13.550926 -0.663099
0.917595 -11.629314 2.185811
-0.553814 -13.835521 -0.519978
0.194525 -12.140887 -1.714142
1.019465 -11.473348 2.265376
-0.546549 -13.647703 0.858023
-0.582342 -14.316481 0.462121
-3.030610 -16.399104 -1.083720
0.269148 -12.139100 -1.672200
-3.589935 -15.711561 -0.588727
-3.301617 -15.555613 -1.165065
-3.882311 -16.188367 -0.234860
-0.350131 -12.268542 -1.827919
-0.601771 -13.901740 0.785861
-4.458457 -17.370798 0.740574
-3.909167 -16.355210 -0.245398
1.194263 -11.426635 0.130109
-1.110630 -12.710063 -2.238796
0.993020 -11.463825 2.252584
-3.839469 -16.079816 -0.230141
-1.268231 -14.180155 0.709208
-2.046727 -14.967756 -0.432246
-4.443432 -17.420694 0.742958
-1.968050 -14.413080 -2.051816
1.033013 -8.999363 -3.771633
-0.568835 -14.128484 0.725715
-0.631472 -14.284070 0.815910
-3.764446 -16.982604 0.830595
-0.937411 -14.026167 0.729410
0.205244 -12.003927 -1.707513
-1.102933 -12.551444 -2.216199
-0.806108 -12.045649 -2.575162
-0.764220 -12.303607 -2.153717
-0.832847 -12.640932 -2.109505
0.212519 -13.164050 -0.028012
0.142783 -11.521284 -1.704762
-3.330944 -17.668055 2.426131
-1.240902 -12.745064 -2.289547
-4.199112 -17.371415 1.369553
-0.778197 -12.222124 -2.342657
1.363533 -10.980489 -0.011401
-0.329985 -12.453582 -1.771339
-1.405784 -15.307168 1.006336
-0.805156 -12.300400 -2.340800
-1.233146 -12.954922 -2.441327
0.198271 -13.589693 -0.002384
0.289256 -11.453660 -1.589803
-0.442028 -12.412143 -1.796701
1.704927 -11.308728 1.341984
-4.289215 -17.634705 1.419953
-4.570978 -17.805020 0.788048
-1.024827 -13.490152 -1.199797
-1.611522 -15.198093 0.932267
-0.575936 -12.592898 -1.871074
0.206784 -13.183092 -0.011867
-0.596455 -14.141192 0.442807
-0.527925 -13.294508 -0.737642
-1.663281 -15.502443 0.971178
-0.399598 -12.494286 -1.873525
-0.721501 -12.491124 -2.069212
0.859714 -11.730179 1.959874
-0.271776 -14.558574 -0.077806
-0.509669 -12.204716 -2.309020
-5.137758 -17.847843 3.699266
-1.180512 -12.265831 -2.355593
-4.003983 -17.255294 0.795285
0.832447 -9.114106 -3.736027
-1.154294 -12.627594 -2.233387
-3.438815 -15.895449 -1.166324
-5.051542 -17.969732 0.851272
-3.882880 -16.578426 -0.609262
-1.137339 -12.593493 -2.230080
-0.266215 -13.974484 -0.071016
0.886905 -12.062575 2.066049
0.264924 -13.120748 0.081450
-1.085646 -13.703388 -1.039396
-5.246505 -17.819875 3.837343
-0.738029 -14.024119 -0.661852
-4.923822 -17.983678 0.765891
1.447513 -9.639977 -0.565904
-0.895079 -10.333425 -2.524031
1.339802 -9.723153 -0.839966
0.883531 -9.249134 0.471129
0.982161 -9.027979 0.799556
1.683699 -9.540137 -0.763416
0.729254 -10.141210 -2.349302
1.584118 -9.089860 0.121122
1.431788 -9.595667 -0.590287
-1.832096 -9.374804 -0.769359
0.944683 -8.870464 0.774341
-0.282972 -10.179704 -1.962969
-1.564852 -9.933865 -1.869499
-0.082702 -9.879238 -0.678484
1.634698 -9.129529 0.128066
-0.417419 -10.161922 -1.917108
0.137297 -10.290033 -2.754187
-0.324897 -10.222339 -2.677925
1.251453 -9.702412 -0.836841
-0.160118 -10.255280 -2.729047
-0.633618 -9.709102 -0.581444
-0.148493 -10.264823 -2.775875
1.716468 -9.766019 -4.917591
1.707946 -9.580071 -0.768350
1.312753 -9.783634 -0.834551
0.210713 -10.146629 -1.482717
1.315352 -9.578486 -0.750429
1.336014 -9.690782 -0.893489
0.319744 -10.342860 -2.503746
0.408526 -10.307227 -2.687174
-0.321527 -10.277741 -2.686933
2.403262 -9.621149 -3.651605
1.624417 -9.083724 0.137953
1.339185 -9.696582 -0.845994
1.641259 -9.144347 0.135663
0.027111 -9.864817 -0.607759
-0.276532 -10.174721 -1.951680
1.411556 -9.529925 -0.572549
1.517596 -9.600442 -0.961656
0.957615 -9.017538 0.795350
1.603736 -9.619506 -0.787404
-0.008268 -9.728697 -0.519214
-0.226543 -9.726164 -0.593308
0.272275 -10.215207 -2.734655
-0.260044 -10.311781 -1.890758
1.263529 -9.732411 -0.821155
2.408195 -9.517245 -3.681773
0.708773 -10.132814 -2.386784
-0.069178 -9.844747 -0.520500
-1.339397 -9.241503 -0.033422
1.302051 -9.682614 -0.769654
0.722781 -10.234951 -2.401797
1.678037 -9.801670 -4.857518
-0.137549 -10.299857 -2.781130
-1.919718 -9.436462 -0.849330
-1.338018 -9.358799 -0.034479
-0.883130 -10.225237 -2.499096
0.980301 -9.067559 0.802530
0.905677 -9.051461 0.593902
-0.401732 -10.236025 -1.804858
-1.842206 -9.333868 -0.756561
-2.104951 -8.400393 0.407064
1.292740 -9.748537 -0.765217
1.353415 -9.773489 -0.900857
1.292656 -9.660958 -0.820952
-1.733147 -9.431429 -0.792848
-1.768252 -9.256641 -0.556475
0.187319 -10.084196 -1.472365
-0.490183 -9.758701 -0.565260
-1.189995 -9.988391 -1.701695
0.584056 -10.305186 -2.341272
1.433470 -9.622570 -0.552914
0.033776 -10.084182 -1.407259
-0.390200 -10.185814 -1.834275
0.902484 -9.159263 0.606649
1.433805 -9.624935 -0.565532
-1.854460 -9.218612 -0.365451
0.884260 -9.197168 0.458280
0.583801 -10.006414 -1.092687
-2.363424 -8.258448 0.310006
1.346689 -9.675624 -0.828194
0.111623 -10.363142 -2.607420
-0.035831 -9.703701 -0.514316
0.601876 -10.266865 -2.490446
0.911938 -9.077515 0.616104
1.273404 -9.777331 -0.883521
0.394957 -10.344416 -2.566355
1.282646 -9.714184 -0.784844
0.889449 -9.268436 0.475548
0.198482 -10.271923 -2.507567
-0.024239 -9.862057 -0.545722
0.891965 -9.257279 0.468008
-2.354052 -9.082100 -0.797150
-0.069837 -9.824244 -0.528747
0.143006 -10.255014 -2.497613
1.290940 -9.218062 -5.575674
-0.051979 -9.818471 -0.521970
1.628199 -9.772905 -4.873050
0.594445 -10.210678 -2.336369
1.275229 -9.855136 -0.876367
-1.200836 -10.013689 -1.690852
-2.388488 -8.458116 0.221176
-0.337652 -10.129221 -1.813979
-0.006879 -9.829122 -0.620655
0.039779 -10.133265 -1.443265
0.041534 -9.819135 -0.752068
-0.300066 -10.515544 -2.746625
1.533146 -9.665714 -0.974598
-0.955051 -10.074362 -2.535796
-0.636656 -9.739645 -0.594362
-0.416459 -10.010907 -1.791863
-0.294228 -9.896774 -0.724585
-1.518349 -9.942293 -1.854238
-0.886578 -10.240001 -2.504423
-1.225606 -9.975748 -1.680942
1.321389 -9.763287 -0.829980
0.402438 -10.244535 -2.706915
1.617518 -9.745530 -4.847926
-2.430686 -8.352301 0.250098
0.240694 -9.971206 -1.167046
-0.482438 -10.179562 -2.817662
0.547503 -10.253032 -2.341259
0.122798 -10.070417 -1.602534
1.567960 -9.436567 -0.773232
1.270563 -9.704175 -0.779450
0.577276 -9.955085 -1.082729
-0.388531 -10.230764 -2.780050
-2.086904 -9.246453 -0.838154
0.228919 -10.039554 -1.144605
0.072275 -9.759621 -0.591222
-2.553757 -8.053802 0.366076
0.499229 -9.963685 -1.109174
-0.885750 -10.241154 -2.505967
-0.098445 -10.179816 -2.679222
0.572800 -10.164386 -2.333145
0.550778 -9.826281 -1.067875
-2.457243 -8.181298 0.366468
-2.319540 -8.598401 -0.101039
1.344753 -9.640302 -0.751609
1.371700 -9.657185 -0.838017
0.675596 -10.274311 -2.446979
-0.336687 -10.019869 -1.811395
-2.026343 -9.303659 -0.793923
0.013406 -10.351535 -3.095245
-0.974249 -10.193582 -2.579304
-0.042392 -9.803643 -0.542881
-2.078901 -9.348659 -0.837405
1.719998 -9.771665 -4.914747
0.146981 -10.306564 -2.498254
-0.406001 -10.229489 -2.841903
2.672572 -11.270864 0.380118
1.189082 -11.980567 -0.322894
-2.419072 -12.638320 1.766278
0.972142 -11.956581 0.312702
0.268502 -12.187630 0.313515
0.599754 -12.022592 -1.238193
2.938753 -10.750032 1.236970
2.958473 -11.372937 -4.713200
0.660117 -12.100154 0.362477
1.587028 -11.759992 -1.724777
2.507758 -11.241503 0.030660
2.909823 -10.679139 1.212018
2.648001 -11.191697 0.374161
1.185024 -12.055255 -0.734471
-1.592277 -12.414563 0.623294
-0.950834 -12.214685 -1.295537
2.948476 -10.782005 1.235474
0.583024 -11.931161 -1.333385
2.934735 -10.784217 1.234794
0.860033 -11.925185 0.098211
0.872170 -11.980026 0.107960
-1.827419 -12.343581 -0.114574
2.574733 -11.428947 0.163244
2.499416 -11.137509 0.025733
0.564136 -12.135240 0.264696
2.699408 -10.996859 -0.141035
2.618007 -11.418420 0.062250
1.326745 -11.486941 -1.952606
-1.083801 -12.140142 -1.339551
0.522493 -11.937539 -2.175088
0.836970 -11.978048 0.440109
2.451358 -11.425166 0.052647
1.411935 -11.794610 -1.968179
1.060801 -11.891651 0.674997
1.078456 -11.923219 -0.894455
2.049543 -11.315371 1.981905
0.739795 -11.818215 -2.709445
0.965252 -11.862137 0.142887
1.031095 -11.940523 0.630077
0.909772 -11.987526 -0.836333
0.422849 -12.072534 0.439955
2.488693 -11.159051 -0.051539
-1.562881 -12.541446 0.078132
0.539549 -11.978079 -1.282988
2.816079 -10.650642 1.127337
2.143898 -11.025952 2.156703
2.173098 -11.065145 2.015891
2.528287 -11.457244 0.084643
-2.569195 -12.486886 1.629238
1.776200 -11.770422 -1.805165
1.418843 -11.785080 -2.136906
-1.560677 -12.334154 0.079859
2.601101 -11.070382 0.351701
0.965047 -11.954677 0.150439
1.190601 -11.907521 -0.258809
0.751410 -11.928947 -2.216414
2.972385 -10.600109 1.276996
-2.786069 -12.541625 1.644358
-0.129656 -11.830230 -1.996549
2.582534 -11.399329 0.049783
1.573493 -11.556266 -1.729831
1.670674 -11.534939 -1.835623
0.457738 -12.064120 0.251578
-2.686171 -12.726194 1.644318
2.173358 -11.078235 2.014292
0.481737 -12.153988 0.391447
0.595981 -11.969650 -1.315543
1.046856 -11.890477 -2.049126
2.580206 -10.945717 0.312033
1.631159 -11.854739 -0.236797
0.554447 -11.818003 -2.379365
-0.362469 -12.046607 -0.934729
0.931558 -12.022301 0.459684
1.247910 -11.841695 -2.229937
-0.138860 -11.866467 -2.012423
0.541979 -3.942652 -2.277277
1.094050 -11.964041 0.671997
1.294272 -11.894943 -0.389167
-2.169914 -12.798904 1.815120
-0.585305 -12.133904 -1.082124
1.200207 -11.906569 -0.335447
0.393624 -11.931465 -1.281963
-1.243453 -12.124740 -0.927840
-2.115736 -12.656573 1.780304
2.410408 -11.357696 0.000814
-1.943087 -12.535361 1.263649
-2.254805 -12.625193 1.131225
2.870022 -10.786779 1.136926
-2.220897 -12.778858 2.027926
-1.542421 -12.306572 -0.497368
-1.612402 -12.421040 -0.049283
2.152595 -11.027575 2.166663
2.678635 -11.319957 0.379208
1.726792 -11.844878 -1.851190
0.907462 -12.037143 -0.807042
1.263027 -11.853348 -2.218906
0.932839 -12.028643 0.329550
0.567278 -11.856275 -2.211202
-0.880834 -12.355291 1.077188
0.515452 -11.971390 -1.185522
-1.556663 -12.363777 0.088270
0.556116 -3.979627 -2.288283
2.721555 -11.138040 -0.161748
-2.097665 -12.540343 1.749329
2.613837 -11.107448 0.358711
0.801077 -11.942368 -2.163811
0.888551 -11.912486 -2.545040
2.395354 -11.450729 0.054503
1.765542 -11.761958 -1.796980
0.817127 -11.864580 -2.741330
2.964322 -11.089017 0.111538
2.429252 -11.341453 0.038632
0.991314 -11.894566 -2.576863
-2.344073 -12.426879 0.912213
0.565712 -11.931752 -2.191613
-0.889126 -12.464615 1.144023
-1.481765 -12.404501 0.385056
0.893837 -12.000326 0.355954
-2.363053 -12.578738 0.941568
0.510279 -11.957124 -1.177610
2.956556 -11.332495 -4.696993
1.586210 -11.808190 -1.966722
-1.605697 -12.166218 -0.091797
-2.559240 -12.469933 1.645225
-1.671079 -12.360240 0.839093
-0.370064 -12.072131 -0.910964
1.192475 -11.991046 -0.324360
2.770232 -10.906460 0.075915
-2.336973 -12.528994 1.916104
1.428213 -11.506276 -0.236900
0.730708 -11.846411 -2.270314
0.522720 -12.132738 0.444188
0.833905 -11.755118 -2.704850
-0.235241 -11.834565 -2.092330
-1.281030 -12.241531 -0.947889
2.495285 -11.207686 0.207937
0.572775 -12.034601 0.221985
1.721452 -11.777883 -1.824552
0.865761 -11.975711 -0.767659
1.591727 -11.797829 -0.133384
-2.122623 -12.500021 1.043354
0.590492 -12.046154 0.293034
0.367325 -11.870349 -2.363593
0.318129 -12.105604 0.274525
-2.179330 -12.669744 1.844948
1.139953 -11.829953 -0.531680
1.502672 -11.730835 -0.283496
2.985116 -11.165997 0.130913
-1.465232 -12.239902 0.356133
-2.243654 -12.525199 1.928696
3.689652 -16.741893 2.956906
3.647003 -16.900425 2.876595
3.786602 -16.930134 2.994410
3.812314 -16.515574 3.041021
2.232265 -15.858472 3.681910
3.972307 -17.321679 3.266466
3.709375 -17.144846 2.897981
3.192955 -18.866803 1.226263
2.208382 -6.217140 -2.454281
3.460131 -17.778586 1.625613
2.253318 -15.713738 3.617370
2.060151 -14.607544 3.519537
3.424694 -17.613985 1.614396
2.248811 -15.706692 3.864195
2.243853 -15.624090 3.825139
2.198846 -16.272487 3.652301
2.123660 -15.009293 3.644988
2.166121 -15.291352 3.706515
7.441766 -11.718763 -2.078170
-2.038196 3.868526 -0.875186
-1.865377 3.571999 -0.699833
-4.963776 9.219020 -0.356671
-2.086476 3.966818 -0.879553
-7.238942 12.252560 -0.021054
0.096883 2.069237 -1.713680
-6.877916 11.650475 -0.061099
-2.734366 4.574287 -1.123599
6.424665 -17.308893 -4.677769
6.158950 -16.702456 -4.543915
4.306435 -12.665526 -2.703075
-3.342904 -16.892238 0.642287
-3.125307 -17.115210 0.338353
-0.029933 -14.793071 -2.533649
-0.478198 -16.826931 -1.839954
-3.072421 -16.749685 0.330642
-3.827990 -17.153368 1.559749
-3.132370 -16.248443 1.373194
1.420279 -18.075449 -1.383437
-0.551490 -16.726494 -2.069758
-4.052605 -16.741647 1.948563
-0.490379 -17.299635 -1.884545
-2.942407 -16.563411 0.397143
-1.395008 -16.970958 -1.512620
1.289558 -17.150512 -1.391935
-3.089682 -16.946334 0.311412
-4.018497 -16.519972 1.925061
-0.051043 -15.046104 -2.589546
-1.455382 -17.548440 -1.584966
-0.347355 -18.099011 -0.328307
1.351627 -17.929691 -1.320045
-3.065973 -17.277874 -0.654059
2.529031 -13.750238 -3.115310
0.233934 -15.318750 -2.291772
-0.348859 -18.773341 -0.266874
2.568457 -13.866598 -3.134373
-3.650345 -16.793246 1.406995
-0.397761 -17.164345 -1.885644
-2.741862 -19.024943 3.554109
-0.405568 -16.649202 -1.851251
-3.151576 -17.831995 0.074266
-3.517746 -16.799037 1.172404
-2.481609 -17.000627 3.082867
-0.435949 -19.777373 -0.408937
-3.094641 -17.245064 0.468362
-0.097267 -14.726997 -2.585397
-3.050711 -16.997736 0.437496
-5.020430 -15.046232 3.355904
-3.173517 -16.649771 1.938168
-3.854480 -17.186046 1.574156
-4.108451 -16.595345 3.004846
-0.472914 -15.667635 -2.002380
-0.436855 -16.240034 -2.113168
-0.472037 -18.971215 -0.175838
-3.706836 -17.161360 1.257917
0.062190 -15.543207 -2.143950
-4.280748 -16.820173 2.170394
-3.130856 -17.387694 0.495232
-3.142573 -17.285434 -0.624470
-4.191577 -16.266994 1.977908
-0.509623 -16.613883 -2.069494
-3.769466 -17.120178 1.257858
-4.343488 -16.716748 1.217904
-3.527821 -17.618625 0.607728
-4.234500 -16.369545 1.311546
2.662956 -14.092454 -3.176360
-0.671482 -16.163981 -2.092179
-3.523451 -17.782848 0.546865
-4.547224 -15.190153 3.391882
-3.129650 -16.118587 1.367956
-0.097344 -15.856150 -2.529570
7.254140 -17.471216 -0.153624
-3.773879 -16.955817 1.476902
-0.006177 -14.982386 -2.525898
-3.402040 -17.015856 0.554055
-3.874465 -17.589825 1.527203
0.243932 -15.411186 -2.332051
-0.362873 -16.166499 -1.846754
-3.789111 -17.460845 1.498529
-3.052665 -17.159225 0.448147
-0.547604 -15.604046 -2.064242
-4.285561 -16.792645 2.136446
-2.979070 -16.969409 0.433355
-4.292849 -16.012666 1.514153
-4.249959 -16.643487 2.102619
4.501481 -13.101468 -2.783642
-4.290360 -15.833871 1.576487
-0.008176 -15.128317 -2.544474
1.383466 -17.559328 -1.340468
-1.509167 -17.388904 -1.653335
-0.805974 10.321780 -2.168817
-0.366928 6.387017 -3.291052
-0.211535 3.546124 -2.267786
-0.798701 10.264907 -2.163160
3.189877 -18.132821 4.840206
3.069526 -17.829207 4.810258
3.058884 -18.096699 4.545339
3.218052 -18.277259 4.991865
2.857203 -18.168305 4.094378
3.407830 -19.498086 1.456108
4.395220 -19.364809 1.410476
2.840903 -18.235006 4.114874
3.525194 -19.459007 1.445450
2.867549 -17.750884 4.307486
2.952470 -18.265060 4.443795
2.940078 -18.094841 4.400304
3.069268 -17.994469 4.867445
2.934980 -18.507564 4.165435
3.943072 -10.361442 0.427976
4.052675 -10.999974 0.220626
4.585777 -16.160447 0.440004
-0.086091 -2.723917 -0.613039
0.266231 -3.859923 -0.796369
-0.025815 -2.752609 -0.496725
-0.183641 -2.174312 -1.040087
1.005928 -4.938713 -0.504683
-0.175375 -4.479456 -1.000810
0.069446 -4.064981 -0.327837
7.100792 -17.453783 0.674678
-3.163464 6.568180 -1.126247
-3.656187 13.887082 -0.659304
4.287859 -11.695200 0.273115
4.210701 -15.016775 0.357395
5.294003 -18.400481 -1.998457
4.845546 -16.927415 -1.954266
3.645284 -10.282749 0.174361
4.223753 -19.259079 -0.216732
3.907055 -10.713301 0.156730
4.526399 -15.994167 -1.919864
4.344606 -15.169653 0.382083
4.241719 -10.613049 0.206455
-0.690055 -11.044135 0.377457
4.648932 -18.113373 -2.346016
7.476352 -17.088377 1.075811
3.901660 -10.691567 0.156093
4.174574 -17.908526 -0.002581
4.000640 -10.340589 -0.064836
4.961286 -18.889854 -2.218819
3.753312 -10.360174 0.095653
4.571487 -16.596226 -2.020532
0.438224 -3.567374 -0.479816
4.111610 -16.842540 1.934397
1.614236 -10.791640 -0.683087
4.844354 -17.295348 -2.054492
-0.448115 -2.023693 -0.777121
-4.392891 13.885539 0.454655
3.593197 -18.543100 1.560963
4.789620 -17.179479 -2.047111
1.877082 -7.397535 0.356349
0.917754 -4.747677 -0.505035
0.188782 -3.813375 -0.398653
-0.280313 -4.352641 -0.375729
4.274665 -19.533100 -0.214723
3.411113 -15.462741 0.838135
0.048433 -3.560062 -1.744730
-0.308927 -3.547442 -0.778757
4.140763 -17.683618 1.285105
3.477841 -15.538387 1.290668
-4.543493 6.501379 -0.125350
3.797928 -19.504302 1.636344
1.772153 -9.644804 -0.565071
0.792982 -4.621684 -0.628299
4.620681 -18.202665 -2.305897
-6.963458 11.599812 0.682505
7.244285 -17.640909 -5.011293
-0.406981 -2.060726 -0.789951
-1.392776 4.738821 -1.568948
-0.442301 -2.941084 -0.604203
2.463774 -7.393617 -0.208130
3.257744 -17.437721 1.484008
-0.588716 -3.014750 -0.624829
-0.346191 -3.986899 -0.445980
4.675498 -16.886438 0.445222
3.654943 -16.159452 0.995828
-0.432876 -3.209430 -0.593824
1.197314 -8.395450 -1.194406
0.124025 -3.516209 -1.159575
-4.742670 11.986880 -0.792822
-0.334601 -3.805061 -0.835005
3.024569 -16.093821 -1.618239
-0.196112 -2.588270 -0.519170
4.637720 -16.857997 0.436498
-2.635982 6.400991 -2.230735
-2.699573 6.494146 -2.243601
7.091009 -13.204269 0.139481
7.154766 -15.470280 0.763839
-1.260692 3.940159 -1.372254
8.303362 -17.084133 0.862417
-1.656780 4.598278 -1.475304
7.249662 -17.376529 4.283266
7.633384 -15.728677 0.714143
-0.373893 1.026203 -1.298531
0.890910 -3.876983 -1.103248
7.677799 -15.895412 0.736452
-1.476440 4.037823 -1.438778
0.738979 -2.984945 -1.110532
8.136375 -17.357133 0.923934
-0.215666 1.224222 -1.096571
-0.646685 2.498952 -1.174174
7.164855 -16.895784 1.017081
-0.871025 2.747477 -0.601419
6.351840 -15.193925 3.876257
1.503823 -6.498506 -1.248647
7.403100 -15.732946 0.696330
-1.828713 4.990888 -1.504381
1.530728 -4.558073 -0.724114
7.473741 -15.855461 0.711416
1.039038 -3.739358 -1.024246
3.963032 -8.952076 -0.076302
-1.002992 3.745759 -0.295497
-0.479551 1.622055 -1.060761
7.145296 -16.804407 1.017028
-1.420933 4.959599 -1.545470
-0.120049 1.227525 -0.998507
-0.500212 1.659615 -1.056712
-0.434668 1.551982 -1.035823
0.671824 -2.366197 -1.144816
1.602114 -4.797431 -0.748535
0.910104 -3.070737 -1.374266
-0.939958 2.897015 -0.532798
-0.833014 2.897580 -0.490304
-0.906467 2.869020 -0.497076
0.801740 -2.720619 -1.080667
-2.651355 12.837587 -3.558508
2.506257 -16.403761 -0.403773
-1.272704 7.784754 -1.905544
1.957865 -6.540338 -0.904164
-0.418940 1.431064 -1.026600
-0.369847 3.355473 -1.687275
1.233708 -3.739558 -1.623867
-0.211424 1.212315 -1.097819
-1.742667 5.903665 -1.199526
-1.787739 6.142781 -1.569518
1.151601 -3.912225 -0.904314
1.189220 -6.193261 -0.943306
-1.391259 4.338456 -1.751435
4.404514 -12.926184 1.260443
-0.866673 1.841579 -0.752635
-0.667694 3.796379 -1.296064
1.999272 -8.817932 -0.784881
1.226551 -6.303315 -0.949612
0.876971 -2.885460 -1.049582
1.945142 -5.081351 0.087715
2.948480 -3.330585 -2.299031
2.591719 -4.268186 -0.341323
2.923384 -3.315776 -2.288315
2.939791 -3.340862 -2.286853
2.763590 -3.411698 -2.485843
2.436581 -4.292669 -0.743048
2.377805 -3.040093 -2.184121
2.922345 -3.437484 -1.936201
2.608136 -4.283273 -0.338195
2.401069 -4.262976 -0.742442
2.364550 -4.281930 -0.903058
2.272467 -4.643204 -0.088064
2.927847 -3.444546 -1.937240
2.907880 -3.448561 -1.949706
2.573754 -4.288528 -0.369343
2.375938 -4.310342 -0.835362
2.384011 -4.304807 -0.840784
2.342721 -4.329750 -0.848050
2.964480 -3.510412 -1.967703
2.418047 -4.266260 -0.749000
2.351405 -4.633075 0.051259
2.559032 -3.713417 -2.330741
2.879602 -3.457487 -1.918656
2.522117 -4.184494 -0.828705
2.350733 -4.618606 0.041757
2.353225 -4.278642 -0.870241
1.931352 -4.322115 -1.613635
2.382071 -3.042889 -2.183750
2.527763 -4.257970 -0.387521
2.629596 -4.264794 -0.302509
2.474702 -4.205364 -0.828975
1.937743 -4.289124 -1.587754
2.364536 -4.270823 -0.917445
2.932978 -3.467705 -1.949667
2.604922 -4.277091 -0.338032
2.083204 -4.696693 -0.271672
2.319272 -3.902155 -2.107830
2.915051 -3.294671 -2.303502
2.665718 -4.302050 -0.293519
2.374181 -4.296590 -0.866679
2.926151 -3.319236 -2.299500
2.494624 -4.169192 -0.841563
2.353629 -3.923403 -2.121729
2.352273 -4.603559 0.035253
2.801808 -4.440292 0.809715
2.405260 -4.203946 -0.941455
2.912900 -3.359910 -2.294498
2.499070 -4.221620 -0.836716
2.061346 -4.434470 -0.886488
2.898080 -3.323444 -2.396669
1.885598 -4.802266 -0.531556
2.788862 -4.396116 0.780083
2.378312 -4.460985 -0.160431
2.399615 -4.315945 -0.798665
2.552938 -3.709723 -2.330087
2.405382 -4.204925 -0.941670
2.318507 -4.316892 -0.877281
2.566138 -4.295682 -0.381062
2.513727 -4.173314 -0.827067
2.334965 -4.328115 -0.859981
2.332936 -4.330508 -0.883233
2.626549 -4.456672 0.304867
1.867877 -4.497534 -1.073010
1.929619 -4.363461 -1.599973
1.922007 -4.342298 -1.604276
2.553211 -4.283883 -0.394003
2.329525 -4.594837 0.046489
2.508919 -4.172223 -0.825982
2.534694 -4.257061 -0.383002
2.616797 -4.455733 0.289651
2.054542 -4.445230 -0.886429
2.815961 -3.396368 -1.893467
2.368040 -4.612994 -0.038384
1.813115 -4.477862 -1.196104
1.724695 -4.449928 -1.252255
2.519958 -4.187665 -0.829361
2.362076 -4.603101 -0.029705
1.999812 -4.455032 -0.998316
2.375909 -4.619187 0.040584
2.596530 -4.260802 -0.336710
2.333617 -4.594479 -0.048551
2.578476 -3.746332 -2.132378
2.443140 -4.313756 -0.734172
2.220171 -3.812835 -2.692935
2.620028 -4.462457 0.290189
1.939905 -4.468218 -1.033197
2.390743 -4.486577 -0.130250
2.291959 -4.258903 -0.903987
2.077936 -4.435673 -0.917059
1.912086 -4.341668 -1.595453
1.860537 -4.330054 -1.670848
2.290273 -4.612582 -0.075765
2.309835 -4.274221 -0.892490
1.760377 -4.462125 -1.214734
1.871891 -4.498206 -1.080358
2.814832 -4.460240 0.825086
2.347131 -4.627622 0.053286
2.410567 -3.830185 -2.276022
2.923576 -3.450789 -1.934271
2.845660 -3.317321 -2.433852
2.365251 -4.297076 -0.837645
1.960880 -4.453695 -0.998837
1.797744 -4.461828 -1.191655
2.482483 -4.213426 -0.838525
2.339828 -4.596988 -0.089271
2.429046 -4.539223 -0.140158
2.108542 -3.936763 -2.512285
2.094119 -4.740297 -0.295832
2.426678 -4.296165 -0.731240
2.614535 -4.245976 -0.304155
2.558709 -3.712951 -2.148370
2.562902 -3.738436 -2.132441
1.757784 -4.626446 -0.758321
2.177419 -3.854913 -2.600204
2.326780 -4.325043 -0.876402
2.340618 -4.596025 -0.045723
2.374444 -4.307413 -0.879181
2.371882 -4.307227 -0.812203
2.350077 -4.270704 -0.900146
2.035982 -4.643433 -0.290859
2.120764 -3.962028 -2.519851
2.841344 -3.321570 -2.452065
2.425069 -4.222063 -0.900170
2.327845 -4.314524 -0.856594
2.150556 -4.412440 -0.841306
2.405595 -4.195678 -0.934342
1.887013 -4.532538 -1.034590
2.838796 -3.314217 -2.452711
2.847870 -3.371791 -2.472464
2.415929 -4.182210 -0.810572
2.815571 -4.378352 0.748133
1.910770 -4.343827 -1.592065
2.172624 -3.802121 -2.652175
2.222159 -3.816407 -2.694234
2.304884 -4.578722 -0.178862
2.361710 -4.300278 -0.876773
2.342358 -4.302689 -0.873143
2.143548 -4.594659 -0.390462
1.829898 -4.640853 -0.707429
2.405762 -4.191786 -0.942718
2.301324 -4.627422 -0.064410
2.635763 -4.436542 0.317868
2.632432 -4.343643 -0.295335
2.958501 -3.380106 -2.311404
2.309117 -4.575142 -0.183909
2.145276 -4.415405 -0.834532
2.328311 -4.584799 -0.093652
2.351528 -4.307478 -0.871801
2.103002 -3.842176 -2.569740
1.926859 -4.348635 -1.646288
8.533474 -15.823618 1.625348
8.805530 -16.297910 1.703606
-7.296102 4.997184 0.676375
8.744622 -16.037768 1.828866
9.087304 -16.900536 1.753227
8.908629 -16.278890 1.868327
7.160351 -16.514878 2.968265
7.294042 -16.761528 3.027475
7.163262 -16.709384 3.064874
7.196026 -16.526457 2.698159
6.906069 -16.075858 2.847571
6.693994 -15.632218 2.792347
6.788015 -16.114450 2.473603
6.835698 -18.247072 2.091989
8.640093 -15.991908 1.656813
6.419436 -15.019107 2.627918
7.237540 -16.766999 3.076546
6.305075 -12.726167 2.862479
-2.931576 2.202097 0.374275
9.029862 -16.932327 1.656380
6.823966 -18.214142 2.060435
7.008339 -16.265916 2.969215
6.875786 -16.020794 2.404715
5.234257 -5.789320 -3.583451
4.612055 -5.158316 -3.240792
3.645889 -5.323733 -3.840305
3.106608 -7.031393 -0.972531
2.831386 -7.286723 -1.897204
4.377747 -4.785520 -3.150007
4.431997 -4.857356 -3.133511
4.485623 -4.811596 -3.150863
4.457243 -4.867434 -3.145283
4.277303 -5.066276 -3.050331
4.296003 -5.082599 -3.023386
3.040339 -7.010954 -1.036058
3.022725 -6.986427 -1.043347
4.150845 -4.914061 -2.927368
5.108418 -5.605495 -3.520808
2.750236 -7.174044 -1.801749
1.764914 -8.190934 -1.472329
4.188348 -5.422271 -2.062234
5.322735 -5.872934 -3.630343
2.731540 -7.210332 -1.863750
2.608074 -4.197441 -3.133080
3.002324 -6.988345 -1.033684
2.541514 -7.435843 -0.442199
2.826843 -7.047214 -1.648778
4.173727 -5.364662 -2.084237
1.880040 -8.173777 -1.762543
2.977130 -6.898290 -1.032102
5.913208 -8.409426 -6.257482
1.933967 -8.191541 -1.649388
3.703215 -5.403402 -3.888571
1.857434 -8.154552 -1.711124
5.071005 -5.594608 -3.515157
4.188184 -5.353491 -2.119444
2.740035 -7.214564 -1.826409
1.817351 -8.089990 -1.743861
3.662443 -5.666377 -3.389260
2.850551 -7.275957 -1.809959
2.847146 -6.380686 -3.813424
2.558441 -7.437262 -0.614684
4.184848 -5.383197 -2.087783
2.840966 -7.258780 -1.749638
2.755294 -7.210723 -1.802369
4.452548 -4.789493 -3.140647
4.294461 -5.073675 -3.007278
3.034628 -6.915746 -0.971892
2.840413 -7.400802 -1.832449
1.659707 -8.311631 -1.796743
4.484739 -5.041823 -3.171942
4.126052 -4.537477 -2.988534
2.973385 -7.159917 -1.985839
3.472993 -5.493125 -4.243813
1.878502 -7.608558 -3.265719
2.972723 -7.149507 -1.984096
1.870678 -8.102622 -1.740739
2.864010 -7.280511 -1.860430
2.793970 -7.363703 -1.873242
3.515745 -5.644967 -3.358954
2.884162 -7.313496 -1.875202
2.359839 -7.630005 -1.845472
1.877882 -8.189201 -1.488440
2.153945 -7.877909 -2.215195
2.309033 -7.381986 -3.101400
3.081960 -5.912713 -4.030745
4.297960 -5.199752 -1.899996
4.208499 -5.372077 -2.124706
2.802956 -6.443067 0.352691
3.644665 -5.643444 -3.361393
3.181751 -6.096549 -3.797729
2.739179 -7.219102 -1.873934
3.707420 -5.373199 -3.916221
1.569547 -8.353528 -1.635865
1.675169 -8.278113 -1.777015
3.035225 -7.095024 -1.088222
2.535933 -7.394021 -0.448146
2.994500 -7.114142 -1.763948
2.997281 -7.147994 -1.775698
2.949352 -7.118296 -1.992157
4.269928 -5.244819 -2.185911
1.862751 -8.292586 -1.757905
2.371704 -7.676114 -2.051693
3.102234 -5.951458 -4.057353
3.026573 -7.064717 -1.084644
2.554823 -7.468299 -0.448049
3.025240 -7.139967 -1.824293
2.847193 -7.104003 -1.639567
1.888666 -8.041293 -1.624006
1.963267 -8.149061 -1.669130
2.170093 -7.364806 -3.173428
2.823319 -7.198920 -1.746241
2.825540 -6.549571 0.415217
3.017576 -6.945033 -1.785166
2.861299 -7.109540 -1.639682
2.932368 -7.051527 -1.948742
3.592779 -5.476603 -4.218981
2.242125 -7.773245 -0.873794
2.353849 -7.620018 -1.936922
1.898940 -8.272297 -1.492716
2.838623 -5.314330 -5.174178
2.542752 -7.405174 -0.452771
3.699911 -5.388865 -3.904559
3.547766 -5.420385 -4.174161
2.162881 -7.348244 -3.174900
2.973193 -7.156002 -1.985270
3.163669 -6.068009 -3.779424
5.916537 -7.046750 -2.551591
4.177610 -5.422114 -2.074061
4.169798 -5.434102 -2.026931
4.173716 -5.412404 -2.056372
2.619534 -6.089587 -4.636470
2.928202 -6.196952 -4.039342
3.439204 -5.519577 -4.195770
3.547018 -5.661996 -4.276896
2.109718 -7.854705 -2.417034
2.812776 -7.359165 -1.843768
2.109773 -8.062742 -1.502122
3.609344 -5.546980 -3.391826
1.636150 -8.405653 -1.659121
2.106976 -7.416019 -3.249988
2.860231 -7.028899 -0.127779
2.891978 -6.452959 -3.853595
2.022244 -7.854284 -2.447785
4.503099 -4.868916 -2.487829
2.249875 -7.270908 -3.087924
2.764161 -7.252777 -1.886462
1.852918 -7.503175 -3.222391
4.294022 -5.196435 -1.857663
2.759234 -7.268006 -1.879469
4.206099 -5.376882 -2.128778
2.020781 -7.852527 -2.421444
2.862321 -7.110552 -1.646708
2.031073 -8.019835 -1.814489
2.691602 -5.312593 -5.153995
2.770093 -6.846453 -0.136811
2.787750 -7.129682 -1.726541
2.137201 -7.815611 -2.186067
2.306940 -7.382273 -3.109334
2.174961 -7.376146 -3.083055
3.316092 -3.807588 -2.875071
3.457391 -5.480468 -4.194008
2.289668 -7.536088 -2.041835
3.149198 -5.098909 -5.002890
1.723491 -8.217409 -1.631145
4.167298 -5.443205 -2.029064
6.325261 -7.477802 -2.690274
2.831053 -6.491025 0.338741
4.247546 -5.224101 -2.179412
2.969939 -7.025706 -1.801552
1.899907 -7.686092 -3.286074
3.934226 -5.347552 -2.186670
2.826318 -6.480139 0.335496
10.492619 -11.967449 -7.764118
8.337553 -9.657277 -6.261319
10.549015 -11.997395 -7.796576
10.365214 -11.411947 -7.736765
9.017326 -10.326894 -6.658383
9.360802 -10.772467 -7.017367
9.227110 -13.801759 -10.004727
11.092229 -12.598686 -8.183950
9.069507 -10.389407 -6.711684
11.167625 -12.677291 -8.233535
9.174676 -13.836346 -9.896779
9.453024 -11.167209 -6.941803
11.652781 -12.673888 -8.629712
9.229546 -10.578146 -6.834060
9.304756 -10.980209 -4.702356
8.863064 -10.268923 -6.624906
6.613704 -6.790053 -5.458756
6.164547 -6.090177 -5.097139
9.024469 -6.927296 -6.933488
10.199673 -12.332512 -5.250999
8.990025 -14.112417 -8.401799
9.392652 -7.832078 -7.723584
9.379556 -14.716455 -8.894323
9.036474 -10.380597 -6.712938
6.939003 -6.853688 -5.742196
9.503538 -12.267279 -4.655662
8.860908 -14.104567 -10.734154
5.904183 -7.516328 -3.077548
-2.297377 2.545819 0.887521
5.949587 -7.573753 -3.090284
5.631692 -7.212530 -2.966601
9.450172 -11.982096 -4.840881
8.373970 -13.067304 -7.920330
-3.560920 2.591628 2.006875
3.610884 -7.378488 -4.684726
-2.262868 1.910665 1.476058
10.169739 -13.005997 -7.673082
-2.262221 5.739668 0.774274
-6.566547 9.477184 10.425547
-5.877837 7.120296 6.784120
-1.026883 0.612321 0.349637
0.303520 -2.773449 -1.446400
-5.352680 9.234767 9.778947
7.006104 -10.964333 -5.856161
6.788813 -14.749999 -7.843354
-2.708282 4.593034 -1.152296
6.820309 -14.942775 -7.968029
2.995923 -5.804832 -3.818122
3.650413 -6.133758 -4.653801
6.578521 -12.519964 -7.092272
6.642284 -14.560992 -7.737902
3.675798 -6.181577 -4.672226
5.579968 -12.417001 -9.133976
5.448237 -8.530172 -8.090384
10.263179 -14.466350 -8.481110
5.016450 -8.129378 -8.291629
5.998736 -14.409137 -9.290747
-4.171544 3.541211 0.700129
5.744721 -13.263218 -9.311157
7.158201 -15.270948 -8.084855
6.015153 -13.208468 -7.685276
4.954299 -8.920103 -8.362416
5.961482 -9.841310 -6.620775
-3.153415 2.873279 -0.024489
5.523890 -8.858594 -7.909094
5.544860 -12.945895 -8.817148
-1.759572 2.618658 -0.734314
5.720751 -13.815839 -8.913123
6.032683 -14.309579 -9.241972
3.666472 -7.987936 -5.032069
5.872344 -13.335798 -9.211856
4.941950 -8.870738 -8.330516
7.500131 -15.912019 -8.436836
-2.734205 4.728559 -1.131998
7.362969 -15.674892 -8.327002
-4.583919 3.854129 1.000672
-4.926245 4.489355 1.178904
6.195826 -13.313251 -9.563048
5.666233 -12.505916 -8.980609
-1.024108 2.583005 -1.099889
7.065510 -15.118730 -8.017906
5.547168 -12.726394 -8.803613
6.645472 -14.520452 -8.551615
5.407343 -11.899061 -9.116467
-3.129441 2.839475 -0.033674
5.807041 -13.205136 -9.131128
-5.397903 15.148484 0.030884
-2.143467 2.548250 -0.109412
1.282110 -5.979196 -1.106361
1.459070 -6.090329 -1.148805
0.038255 -7.091845 -2.302008
2.209117 -5.079823 -4.002548
2.346970 -5.224247 -3.272366
0.044045 -7.111800 -2.305684
-0.136067 -7.015820 -1.660953
0.357728 -6.879964 -1.874685
2.445579 -5.212643 -3.155903
1.803865 -6.233404 -2.920608
0.368942 -7.020588 -2.487837
0.701617 -6.781623 -2.283544
4.151479 -8.975355 -4.159366
1.624828 -6.184342 -3.623358
1.537334 -6.229097 -3.484582
1.333631 -6.129731 -1.049911
2.423108 -4.949305 -2.959765
0.738607 -6.891526 -2.469181
0.408255 -6.894376 -1.872139
0.423118 -6.790316 -1.839160
-0.880830 -7.042083 -1.495335
1.005830 -6.703866 -2.190807
0.407586 -6.589386 -1.802923
1.724322 -5.426320 -4.463241
2.336076 -4.763894 -3.975492
1.053551 -6.611276 -2.123709
1.743739 -6.125808 -3.194868
0.916841 -6.711648 -2.282320
1.622344 -6.185818 -3.630880
1.792184 -6.092334 -2.907655
0.751824 -6.848735 -2.269094
2.092572 -5.278472 -4.009443
1.889505 -5.431151 -4.199466
2.433267 -5.190884 -3.141925
1.012014 -6.725402 -2.191686
1.447407 -6.335873 -3.635803
0.354962 -6.850741 -1.870490
-1.034166 -7.051914 -1.393129
-0.002445 -7.215815 -2.376522
1.525754 -6.221034 -3.477076
2.082946 -5.891760 -2.924463
1.917271 -5.450839 -4.213335
1.604919 -6.108388 -3.601219
1.231492 -6.001884 -1.099820
1.536266 -6.215367 -3.485007
0.403743 -7.034326 -2.431652
1.270886 -6.239690 -1.062560
0.854928 -6.405167 -1.246668
0.743716 -6.810963 -2.263335
0.308117 -7.019275 -2.532294
1.807894 -6.198653 -2.914714
2.276598 -5.010821 -3.937634
0.451747 -6.849024 -2.680268
4.262173 -9.622380 -4.612376
1.321170 -6.102492 -1.061575
2.207928 -5.147577 -3.832630
2.071717 -5.260401 -4.059765
0.359789 -7.070444 -2.549241
0.045680 -7.045747 -2.301165
1.907265 -5.406209 -4.190875
0.861144 -6.400811 -1.237284
2.071703 -5.089383 -4.311860
2.335334 -4.801543 -3.952469
2.211442 -5.143442 -3.834233
0.364228 -7.045755 -2.498132
-0.868129 -6.947717 -1.503629
2.486783 -5.440723 -2.577337
0.925199 -6.636402 -2.203312
1.689903 -6.101444 -3.660334
2.079100 -5.247403 -4.066406
0.671804 -6.618481 -1.512094
0.555859 -6.941625 -2.768110
1.041705 -6.646509 -2.141675
1.449908 -6.068892 -1.159921
1.279656 -6.184135 -1.094609
1.759101 -6.098136 -3.115029
0.519433 -6.914735 -2.418518
2.022000 -5.299104 -4.093009
0.613568 -6.629687 -1.536887
-0.952965 -7.021240 -1.047033
-0.028483 -6.985638 -1.510262
2.176657 -5.185862 -3.936937
-0.864026 -6.869010 -1.486097
1.877684 -5.399403 -4.187367
0.356164 -6.863686 -1.869311
1.764171 -6.146206 -3.168207
0.358324 -6.875191 -1.818293
1.901695 -5.006899 -4.604229
0.357088 -7.045813 -2.502133
-0.005419 -7.028781 -2.361281
1.482710 -6.066709 -0.980568
1.390636 -6.162618 -0.888426
-1.179123 -6.984861 -1.081824
1.658214 -6.140043 -3.643392
0.405578 -6.890198 -1.813504
-0.824392 -7.070547 -1.676901
1.263394 -6.104619 -1.024862
2.099378 -5.287011 -4.008574
0.767196 -6.888406 -2.271520
1.793026 -5.290195 -4.484941
-0.633979 -7.142101 -1.963595
4.155240 -9.380227 -4.540139
-1.614440 -6.813082 -0.863103
1.235509 -6.046293 -1.061952
-0.879172 -7.153498 -1.454442
1.484693 -6.075181 -0.987454
0.799870 -6.814566 -2.416616
1.637274 -6.068298 -3.623528
0.964565 -6.641706 -2.135352
0.593528 -6.848989 -2.589473
-1.186837 -6.993412 -1.081581
1.289791 -6.105748 -1.047812
0.374128 -6.997692 -2.481452
0.396530 -7.065794 -2.431590
-0.159812 -6.950000 -1.665682
-0.008455 -7.078775 -2.374568
1.325582 -6.115904 -0.969004
0.960257 -6.692237 -2.260486
2.151333 -5.052469 -4.090075
0.513612 -6.965117 -2.412871
0.426985 -6.898389 -2.702266
1.670546 -5.977512 -3.908817
1.620176 -6.194404 -3.610064
1.539044 -6.172419 -3.466522
1.702895 -6.062608 -3.723329
1.757536 -5.471168 -4.381942
1.776408 -5.336187 -4.466843
2.914253 -7.155950 -3.195281
1.724967 -6.092638 -3.735038
1.289646 -6.125102 -1.063770
0.373670 -6.865780 -1.821969
1.634759 -6.105682 -3.616754
0.306493 -6.982406 -2.512142
0.648393 -6.676249 -1.570987
1.758462 -6.120323 -3.158525
0.703478 -6.875616 -2.291835
1.051940 -6.611542 -2.145590
2.092001 -5.285987 -4.013486
0.303898 -6.984794 -2.521216
0.312087 -7.058804 -2.581992
2.235459 -5.149204 -3.893461
1.349744 -6.221261 -1.002759
2.241948 -4.942852 -3.898053
2.284006 -4.849009 -4.028165
0.555528 -6.946443 -2.759221
-1.091813 -7.471741 -1.420704
0.608839 -6.929840 -2.598720
1.691856 -6.001694 -3.817767
1.784761 -6.130300 -3.093864
0.420370 -6.858105 -2.705413
-2.876724 7.530738 -1.833039
-6.706682 8.794823 2.466888
-2.699647 7.087211 -1.646828
-2.677206 6.875699 -1.696004
-2.670228 7.217824 -1.688959
-2.745629 7.170409 -1.632871
-2.716438 7.286348 -1.686850
-2.333145 6.100499 -1.676501
-2.422800 6.294801 -1.590717
1.819822 -3.889936 -1.737229
3.026963 -6.406736 -2.265406
-2.539162 3.203356 0.358237
-2.404176 6.396036 -1.664643
-2.491675 5.740881 -1.491480
-2.507133 6.383893 -1.632557
-1.908016 3.824777 -1.494867
-2.550590 6.715598 -1.629146
-3.629960 10.212793 -1.982881
-2.193449 -17.802079 1.787107
4.993577 -18.163976 -5.403368
0.333756 -18.041732 -2.128665
5.808688 -12.290600 -3.644299
5.765583 -12.487720 -3.636303
5.672990 -12.013012 -3.588831
2.192343 -11.867618 -0.118166
4.768909 -17.399218 -5.217681
2.223294 -11.839580 -0.099208
0.709153 -16.578881 -1.596505
1.815174 -8.096660 -0.189374
2.419070 -19.185948 -3.116593
2.196631 -19.547083 -3.127367
1.338604 -18.689247 -3.341611
2.134934 -11.610273 -0.082894
2.270437 -12.016499 -0.119967
7.210380 -14.503761 -5.596773
2.148938 -11.671972 -0.079797
5.923642 -12.502184 -3.741138
4.363861 -9.191870 -3.405295
0.708976 -4.149031 -1.965483
6.140143 -13.093042 -3.757115
2.244662 -12.218135 0.021076
0.353402 -17.441418 -2.134502
2.278227 -11.537857 -0.065609
-0.389194 -2.702935 -1.149060
-2.595321 -16.756509 -1.332024
2.414099 -18.334441 -2.926859
2.228427 -11.335360 -0.126470
-4.135175 9.903341 2.226229
6.683608 -14.409830 -3.997943
2.098699 -18.235401 -2.844002
1.740147 -7.777213 -0.207906
0.348371 3.132561 -1.001713
1.936413 -19.011436 -3.587120
0.362839 -2.025896 -1.464146
6.735405 -16.792672 -5.726407
2.761426 -12.412971 -0.236842
2.305474 -11.834466 -0.043160
2.350200 -18.081889 -2.911920
1.399170 -19.536896 -3.460112
0.972214 -15.155719 -1.095279
-0.695018 -19.471196 -3.538117
0.488770 -14.143520 0.430612
4.377560 -19.460904 1.132023
2.346929 -12.221094 -0.031261
0.290110 -1.820975 -1.550393
2.001027 -17.609421 -2.770357
2.482663 -11.306777 -0.266472
0.346120 -17.257242 -2.053117
1.909267 -17.628386 -3.054085
1.365258 -18.252893 -3.195314
0.424793 -2.098365 -1.629121
0.038566 -14.659286 0.413750
-0.260798 -14.695963 0.546747
0.800522 -15.459873 -1.134563
1.316900 -13.170245 -0.473367
0.825234 -15.216890 -1.170194
2.387712 -18.994590 -3.083673
0.822610 -15.612423 -1.363164
2.174783 -16.841071 -2.737788
0.817657 -15.566294 -1.132976
0.802293 -15.833219 -1.356837
-0.113909 1.348815 -0.820991
0.440633 -3.303806 -1.849035
1.032150 -10.137931 -2.519699
5.050204 -18.413874 -5.435947
0.755647 -2.562930 -1.492880
1.995759 -6.483642 -4.361291
5.954508 -17.161260 -5.414535
2.042855 -16.962111 -2.765358
1.222829 -14.062229 -1.588496
1.962612 -17.989113 -3.087412
2.478977 -11.341798 -0.240644
0.390420 -15.197275 0.329120
5.094954 -13.280783 -2.887070
0.715358 -16.339700 0.706744
1.840955 -15.146385 1.066530
1.231737 -16.119153 -1.741619
-3.066143 -19.044496 3.122367
2.147107 -15.094992 1.689742
1.864724 -15.339210 1.107421
0.206671 -16.581843 -0.041425
2.895065 -13.828273 -3.367744
2.090282 -14.931068 1.667646
5.160095 -13.420752 -2.907147
5.047277 -13.482016 -2.919375
1.952984 -15.146288 1.173561
0.686557 -15.939964 0.646665
5.129469 -13.349251 -2.893687
-1.804091 -18.213538 -0.413449
2.244542 -15.500728 1.750037
4.971124 -13.354165 -2.928701
-1.799973 -18.242256 -0.405346
1.002027 -16.023738 -1.684309
0.434716 -16.185961 -1.976708
5.159655 -13.416040 -2.911146
0.781110 -16.247206 0.657996
2.318759 -15.261439 0.931696
0.032372 -16.919941 -0.066762
-0.374817 -17.277791 -0.788310
5.059652 -13.314868 -2.869471
2.095227 -15.535013 1.448552
2.059642 -14.744580 1.626019
1.955537 -15.394770 1.220496
-1.885927 -18.925531 -0.383671
0.115654 -16.240447 -3.256383
2.354195 -15.142640 0.857827
0.090433 -17.093670 2.447478
0.934105 -16.354336 0.971032
-0.460879 -17.265237 -1.003064
-1.732207 -17.868175 -0.445817
1.182289 -15.285168 -1.657691
4.828484 -12.299513 -3.938981
3.107863 -14.295068 -3.509093
0.021922 -17.286846 -0.261403
-0.259711 -17.473226 1.864616
0.231369 -16.985299 -0.015411
2.877290 -13.849228 -3.996273
2.389540 -15.318081 0.875144
-1.871518 -18.499499 -0.368318
1.945555 -15.122208 1.158462
0.501911 -16.558460 2.782210
-0.111672 -17.114566 2.112856
4.347663 -13.244106 -3.715278
-0.391084 -17.103001 -2.853869
0.033126 -16.616185 -0.092315
1.055974 -16.326618 -1.599738
-1.350081 -17.611303 -2.092187
-0.200871 -17.602095 1.299543
2.348889 -15.336416 0.905704
0.203306 -16.994127 -0.024428
3.263129 -14.856152 -3.622438
2.916132 -14.950832 -5.514086
2.761792 -14.000052 -5.702509
3.258359 -14.842998 -3.607909
2.930748 -14.095668 -3.942799
-0.362784 -17.029332 -0.789092
2.278951 -13.307380 -4.637825
0.133748 -17.099626 -2.715339
1.874373 -14.447316 -6.187074
-0.357909 -16.378274 -0.856936
-0.235891 -17.266132 1.805644
0.323454 -17.543403 2.745294
0.273877 -16.168269 -2.810472
2.931757 -14.004676 -5.535866
0.538501 -17.129150 -2.262887
-1.687154 -17.335833 -0.484960
1.189018 -16.150184 -1.655434
1.777020 -15.028922 1.182153
3.027617 -14.292744 -3.458518
0.212805 -16.911670 -3.262178
2.968366 -14.353743 -3.993999
-1.841728 -18.550339 -0.420775
-0.339161 -17.000525 -2.326230
0.438125 -17.106304 -1.998865
0.583612 -15.653604 -1.902596
3.361640 -13.892580 -4.031034
1.106441 -15.669587 -1.838529
-0.109215 -15.946479 -0.518636
0.883563 -16.655275 -2.160297
0.773403 -16.275386 0.661983
0.064928 -4.143709 -1.173570
5.010971 -13.396691 -2.891436
0.373973 -9.147819 -1.901788
0.103575 -2.165344 -1.774433
2.638860 -15.505676 1.370793
1.987066 -15.556484 1.244492
5.137466 -13.472050 -2.968687
2.982154 -14.255318 -3.421172
0.343123 -16.607332 -3.007869
-0.363063 -17.184114 -2.687594
0.162199 -17.136715 -3.308533
-0.387099 -17.211582 1.566951
-1.477555 -18.621424 1.881328
1.200983 -16.403546 -1.797226
2.908794 -13.786672 -3.829002
1.768753 -14.981133 1.176904
2.567815 -15.153277 1.304878
2.010612 -15.410768 1.173063
2.351932 -7.334829 -2.409733
2.945841 -14.069215 -3.385108
5.000866 -13.029991 -2.915639
3.277025 -13.897247 -3.968026
-0.368122 -16.420434 -0.864268
1.256448 -16.458580 -1.731650
-0.487383 -17.736844 -0.970120
2.145992 -15.590951 1.352919
3.235906 -14.779654 -3.739817
1.352614 -16.704807 -1.651022
2.451804 -14.633277 1.174219
1.021765 -16.095388 -1.557286
5.233457 -13.673223 -2.957934
3.096840 -14.600509 -3.507124
-0.099279 -17.336073 2.066527
0.152889 -17.540926 2.626931
0.025423 -16.724548 -0.103202
-0.082357 -17.022191 -0.446286
-0.672536 -16.748285 -0.768559
0.021874 -16.507175 -0.316245
-0.229969 -17.660606 1.894742
-0.835899 -17.853015 1.960525
-0.041700 -17.755646 -2.500474
3.058306 -14.945303 -5.739819
2.317487 -14.345914 -5.227113
0.338501 -17.264182 2.677866
0.957517 -16.382910 0.975190
-0.092469 -16.604461 2.019271
0.371874 -16.845065 -2.806205
-0.027366 -16.455223 -2.437640
1.921553 -15.200548 1.170503
1.946267 -15.441728 1.221235
4.333401 -13.260582 -3.730793
3.605572 -13.239227 -3.432414
2.973839 -14.073825 -3.423671
0.117499 -3.114307 -1.506973
-0.078546 -16.135862 -0.454277
1.865974 -15.102442 1.188780
-1.315577 -19.482250 -0.456156
-0.340718 -19.704635 -2.774893
-0.301723 -17.633769 0.751333
-0.312026 -18.030012 0.810234
-0.283735 -18.253471 0.942184
0.803012 -19.057531 -0.201920
3.247873 -14.382145 -1.803415
-1.304997 -19.339044 -0.576416
-0.119330 -15.071144 -0.747756
-0.172498 -13.703032 -0.909890
1.272418 -14.254711 -0.093233
0.354097 -19.665261 -0.845344
-0.279653 -1.175366 -1.061286
3.235175 -14.082507 -1.776074
0.147034 -16.479872 1.616892
0.427380 -12.501537 -0.435806
1.025235 -15.107170 -0.081190
0.120057 -17.524222 1.793252
-0.329152 -1.508493 -1.019166
0.500037 -15.109978 -1.313096
-1.224089 -18.124134 -0.639996
0.375421 -12.978797 -1.266327
-0.381564 -1.677972 -1.018500
0.870682 -17.162691 -0.217097
-0.270134 -1.123438 -0.961344
-0.021113 -18.755200 -1.321809
4.020605 -16.906943 -2.025323
0.802291 -12.930245 -0.215141
-0.852827 -12.540007 -0.607400
-0.215574 -2.482224 -0.725959
0.079127 -14.998614 1.352355
-0.422086 -1.351519 -1.005443
0.140629 -13.884056 -0.718097
-0.104696 -15.061895 -0.767789
0.344205 -8.997322 -0.647727
0.028077 -12.765076 -0.846393
-0.046987 -14.826526 -1.084858
3.209194 -14.026789 -1.800541
0.662547 -18.221814 -0.147479
-1.306806 -11.569160 -0.807517
-2.283413 -10.085238 0.991796
-2.250618 -10.595257 0.343044
0.717396 -12.398160 -0.481967
-6.348296 -11.834086 3.571890
0.773692 -12.426485 -0.381015
-3.305995 -9.942234 1.144113
-2.842749 -10.264073 0.840529
-2.191296 -10.618938 0.346601
-0.701230 -12.274315 -1.117678
-0.263591 -12.305958 -0.906761
-0.685970 -12.253050 -1.127931
-2.273025 -10.876649 0.452461
-7.055898 -11.967186 3.620784
-0.019647 -12.521515 -1.424156
-2.135674 -10.124976 1.249480
-2.126342 -10.164944 1.211915
0.078221 -12.074957 -0.592844
-1.269896 -10.823671 0.580177
-2.346225 -10.276006 1.037119
0.271735 -11.333693 1.277794
-0.713692 -11.568676 0.231178
-0.644266 -11.597777 0.066264
0.202516 -12.282965 -0.927623
-2.347669 -10.459514 0.506528
0.756927 -11.119600 1.887609
-3.380667 -9.138885 1.922667
-0.651214 -12.229850 -1.063079
-2.389702 -10.548345 0.587865
-2.369114 -10.587052 0.541631
-0.608994 -12.174529 -1.268884
-2.177296 -10.557382 0.302191
-2.502244 -11.351934 0.586057
-0.137982 -12.486504 -1.232229
-2.553315 -10.275404 1.006691
-0.370411 -12.301944 -0.993966
-1.237539 -11.903741 -0.705511
-0.066521 -10.475639 2.210901
-0.398478 -10.498126 1.552239
-0.654543 -11.228310 -0.026009
-3.033652 -9.126808 2.003265
-2.224052 -10.966815 0.285257
-2.702198 -11.266173 -0.409222
-0.164922 -12.391029 -1.264749
-0.097723 -12.332361 -1.400819
-2.094563 -10.180658 0.217845
-1.814965 -9.772055 1.878311
-2.127425 -10.046301 1.225593
-2.373063 -10.422201 1.095785
1.541651 -11.776407 2.283102
0.769160 -11.254403 1.930227
0.285820 -11.469603 1.314978
-0.404387 -10.502267 1.567448
-0.266309 -12.316442 -0.932438
-5.955520 -12.149741 4.660915
-2.139447 -10.429091 0.270804
-0.683687 -10.493037 1.450413
-0.603264 -11.502751 0.137258
0.763182 -12.448606 -0.479813
-3.261739 -10.276562 0.882644
-2.250938 -10.166096 1.009382
0.117844 -12.446918 -0.594656
-0.638163 -11.388277 0.016758
1.197434 -11.397219 1.709438
-3.499473 -10.082278 1.329293
1.891292 -11.923195 2.109873
-0.686867 -10.440991 1.418218
-0.124358 -11.147925 0.669576
-1.443484 -10.769715 0.312320
-1.778915 -11.062735 0.040397
-3.046017 -10.581299 0.913869
0.191436 -12.378372 -0.608460
-3.194259 -9.086682 2.107202
-0.362638 -12.306738 -0.907569
-3.282582 -10.212998 0.934948
-0.191246 -12.583548 -1.644934
-0.588931 -12.147348 -1.073827
1.252757 -11.359042 1.787947
1.179094 -11.352693 1.714647
-0.132151 -11.254562 0.693718
-1.427366 -10.742876 0.298310
-3.350188 -10.024326 1.189915
-0.787862 -12.721480 -2.298767
1.583327 -12.008891 2.326534
0.193494 -10.449926 2.512951
-1.271349 -10.930653 0.594434
0.021886 -11.979732 -0.670702
-0.068207 -12.477747 -1.486409
1.703226 -12.892468 2.720296
-2.753640 -10.006967 1.244473
0.770044 -12.716400 -0.427184
0.056426 -12.413877 -0.993673
-2.217633 -10.933231 0.283049
-6.177217 -11.907366 2.681163
0.733994 -12.317938 -0.423838
0.455842 -12.336538 -0.423130
0.000013 -12.251681 -0.613946
-2.364621 -10.427747 0.544609
-0.614704 -12.090233 -1.261956
-0.928855 -12.523725 -1.803987
1.482660 -11.439853 2.164483
0.511086 -12.229522 -0.756268
-0.704122 -12.282830 -1.110585
-2.650324 -12.273401 0.679686
1.690434 -12.096073 1.815062
-1.801956 -9.583070 1.861294
0.199299 -12.127337 -0.593674
-3.677718 -9.316343 1.821447
-0.463052 -10.519947 1.475023
0.300877 -12.388109 -0.621472
1.309450 -11.632304 1.871332
-2.911683 -9.206542 2.360715
-0.369704 -11.905146 -1.005083
-7.693403 -11.984297 3.716964
-0.545642 -12.268783 -0.937306
-2.129093 -10.634186 0.168784
-2.933123 -10.221090 0.918043
-2.158253 -10.143744 1.249979
-2.928518 -10.149716 0.916161
-3.351841 -9.903996 1.176002
-0.679294 -10.425011 1.393518
0.281043 -11.362106 1.281742
-0.911372 -10.521586 1.662796
-0.847075 -10.282690 1.524438
-0.587629 -12.286220 -1.066425
-0.605463 -12.227120 -1.281936
1.350116 -11.823286 1.937543
-0.326407 -10.742290 1.983502
-0.935489 -10.566217 1.624857
-2.905597 -9.691433 1.823797
-5.539125 -11.213472 4.388018
-0.313162 -10.461756 1.861373
0.314186 -12.368845 -0.632814
-2.113634 -10.153914 1.200052
-0.389515 -12.518435 -1.467621
-2.047989 -11.171595 -0.090617
-6.548009 -12.168890 3.007018
-3.166080 -9.864049 0.831492
-1.278539 -11.410222 -0.872049
-2.706854 -10.283237 0.882709
-2.188739 -10.916731 0.227305
-4.397033 -8.383604 1.735740
-6.688527 -12.661859 3.081165
-0.656938 -11.688132 0.049301
-3.055502 -10.016488 1.166873
-2.136446 -10.656264 0.182180
-0.935131 -10.697808 1.727669
-2.988887 -9.869866 1.116561
-3.641479 -9.218636 1.772125
3.125395 -13.324012 1.557097
3.002602 -13.482078 2.274049
1.941804 -12.863840 3.810887
3.303487 -12.867244 1.837234
2.862027 -13.546424 1.955786
3.335850 -14.107091 1.692620
1.093375 -18.964438 3.600135
3.160627 -14.534000 2.036386
3.197274 -15.481575 2.134543
3.311708 -13.482001 1.950187
2.981076 -14.658527 2.155571
3.104039 -14.775233 2.056368
1.102013 -19.506135 3.108798
3.284912 -12.820383 1.819419
1.881661 -11.867648 3.817204
2.960194 -14.551614 2.067892
3.274457 -13.296180 1.895470
3.381862 -14.262142 1.723193
3.480096 -13.984625 2.035422
2.845174 -19.175706 -0.703987
1.151227 -19.024196 3.398816
1.161415 -19.778017 1.445552
3.083416 -14.347727 2.248814
1.063574 -18.959672 0.097300
4.997110 -18.327796 2.877157
4.893813 -16.848447 2.140238
4.870470 -15.450108 1.512719
5.618242 -15.384622 3.051717
5.547407 -15.932632 2.935005
5.745877 -17.941085 1.954766
5.007082 -15.900506 3.597826
4.885001 -16.168136 3.704585
5.727959 -18.777662 1.499958
5.129704 -16.822171 1.416795
4.136419 -18.562688 1.395130
5.741965 -15.591200 3.084791
5.761359 -17.953556 1.940974
5.832612 -15.957252 3.205029
-0.093179 -19.164031 3.153086
5.023708 -15.706952 3.423148
6.042415 -16.849294 3.301753
4.281142 -15.743498 4.202536
1.062181 -13.937359 -1.313713
5.970904 -17.225681 3.241423
4.749166 -16.506528 4.003077
4.321896 -15.741332 4.005124
5.214386 -16.212001 0.845200
6.166167 -15.916971 0.675940
4.651666 -16.555668 4.068301
5.382979 -16.579567 0.860707
-1.188760 2.449761 -0.830060
4.947149 -16.262681 1.449172
5.212429 -17.565783 1.342876
5.525943 -18.309221 1.431385
5.781131 -17.053703 1.374505
-1.188103 2.483155 -0.829527
5.782071 -18.993095 1.514812
4.666835 -18.076016 4.483191
-1.206039 3.803400 -0.918072
3.857682 -18.583017 1.110922
4.933790 -16.367944 1.217217
2.479569 -10.258833 0.952103
2.033143 -19.642152 2.069793
4.802340 -13.976894 0.968067
5.465713 -15.135888 2.858365
-0.545953 -3.364862 -0.640184
5.443975 -15.295619 2.929926
0.994983 -13.348538 -1.302267
4.912500 -16.475934 1.186016
5.578481 -17.246053 0.999759
4.017373 -18.012746 1.312012
4.660450 -17.461535 4.452314
5.068340 -17.350090 4.165173
5.582395 -16.696373 1.205496
2.506991 -10.330444 0.978510
1.863485 -18.817603 1.877728
6.625880 -18.758515 1.656412
6.531224 -18.404127 1.617387
1.910630 -18.812025 1.893585
-3.186946 9.210418 -1.464849
1.959397 -19.104630 1.873726
4.119059 -15.966810 3.619994
2.695340 -17.542057 2.363313
3.453399 -17.659635 1.082037
1.965431 -19.122459 1.877666
3.361083 -16.232064 2.809419
2.423903 -17.140937 1.979553
0.619084 -4.366538 0.150651
3.901317 -15.554501 3.505441
2.386190 -16.629828 1.434209
2.063846 -19.227173 1.854497
5.477436 -17.038827 0.954457
2.004695 -18.208388 1.762513
1.871607 -19.156322 1.908218
-3.940833 12.284702 -1.575268
4.101499 -15.940010 3.620425
3.179533 -19.187974 1.030935
3.189093 -17.369445 2.693883
-0.664778 -5.865091 1.763920
4.779841 -18.190321 2.000010
-0.781908 -2.524019 -0.711357
1.287260 -10.889388 -2.268552
1.204894 -10.800600 -2.332483
2.596707 -9.655226 -2.363154
3.921956 -9.338522 0.443064
3.489593 -9.040351 -0.486923
3.545526 -9.039253 -0.321714
0.246759 -11.822976 -0.525342
2.703563 -9.745703 -0.717319
2.110103 -10.205286 -0.104733
3.746904 -9.306723 -0.756211
3.549323 -9.076758 -0.308589
1.210101 -10.918650 -2.305014
3.182168 -9.696497 0.945222
3.623029 -9.233253 -0.299551
2.723374 -9.527932 -2.195493
2.375849 -10.270607 -2.313058
2.475609 -10.715224 -2.441973
3.570424 -8.979382 -0.368381
1.595731 -10.219280 -0.331306
0.885042 -11.227884 0.291411
1.980395 -10.968992 -1.556382
2.681246 -9.521035 -2.119553
1.271082 -10.825824 -2.258060
3.597020 -9.252050 -0.267343
0.780837 -10.715469 0.268683
1.341355 -11.010511 -2.329741
2.368604 -10.262092 -2.314331
-0.218959 -12.328558 0.705777
2.476227 -9.901468 -2.284070
1.124163 -10.423796 -1.310722
2.017030 -10.594874 -3.121096
2.331071 -10.308617 -2.345398
2.068671 -10.540165 -3.193395
4.022523 -9.401052 0.504749
3.760831 -8.639940 0.457053
2.874945 -10.207810 -0.725339
2.870317 -10.171725 -2.393494
3.328785 -9.068583 -0.545866
3.911838 -9.179827 0.480864
2.332542 -10.269691 -2.382388
1.624608 -11.083285 -0.243402
3.953080 -9.284595 0.498308
2.116184 -10.731536 -3.212774
3.616010 -8.527254 0.368416
3.832862 -9.536289 -0.335753
3.722276 -9.200849 -0.778935
3.591437 -9.119301 -0.308602
3.580362 -8.943473 -0.770334
2.045669 -10.443519 -3.170482
1.834233 -10.239054 -1.481719
3.363688 -8.984697 -0.572517
2.716540 -9.827690 -0.697391
2.060845 -10.727052 -3.157675
2.853281 -10.159074 -0.710619
3.883168 -9.201189 -0.557310
2.309685 -10.105385 -1.190488
2.616691 -9.615585 -2.293821
3.502692 -8.326484 0.415350
2.167684 -11.166538 -2.721948
3.053710 -10.100988 -0.582339
2.469892 -9.982177 -2.290732
2.196234 -11.329195 -1.610621
-0.307101 -12.184644 0.978432
1.776009 -10.408736 -0.294100
1.877717 -10.106690 -0.464209
2.032922 -10.806757 -3.149092
2.402227 -10.289762 -2.341907
3.007378 -7.934955 -0.549677
3.650571 -9.656437 -0.554891
1.740545 -10.603007 -2.842542
2.232049 -9.733839 -0.068802
1.895899 -10.458345 -1.609998
2.252221 -9.788549 -0.072769
2.253081 -9.968788 -1.158961
2.543548 -9.869994 -2.273580
0.185334 -11.515622 -1.245741
0.303577 -12.007779 -1.188599
1.816514 -10.007033 -0.446455
1.326698 -10.883242 -2.318127
-5.330456 11.861596 0.320118
1.821913 -10.097900 -0.426799
2.109832 -9.314895 -0.506458
2.426788 -10.265178 -1.110691
1.209506 -10.880485 -1.342239
1.128084 -10.383416 -1.323618
2.138425 -10.899305 -1.569671
3.830953 -9.540215 -0.681273
2.123423 -9.512615 -0.239936
2.310752 -10.155955 -2.381122
2.382712 -10.450432 -1.201305
2.263080 -10.192949 -1.267921
2.039482 -10.737915 -3.133695
3.716674 -8.710379 0.399261
2.300005 -10.312293 -1.132417
2.284699 -10.033577 -1.183560
2.201308 -10.037551 -1.181479
1.862430 -9.926625 -0.431336
1.833612 -10.305607 -1.479618
1.677498 -10.414545 -2.788494
3.899372 -9.411478 -0.553093
2.328821 -10.353432 -1.129774
2.312912 -10.200256 -1.162560
2.631926 -9.719530 -2.205507
1.848590 -10.618143 -2.683201
2.268723 -10.320234 -1.330197
1.122912 -10.343106 -1.318677
0.191405 -11.811679 -1.235164
2.957973 -9.369694 0.687921
-0.020308 -12.380784 -0.692406
3.601212 -9.080812 -0.337791
1.712692 -10.053196 -0.365650
2.336074 -10.454365 -1.272476
1.935655 -7.808726 -1.437549
2.001478 -10.652994 -3.122235
3.793247 -9.765764 -0.593175
3.599153 -9.106079 -0.697100
2.312813 -10.409574 -1.253758
2.122370 -9.521903 -0.154337
2.641362 -9.456551 -2.172576
3.910352 -9.220417 -0.495639
1.843794 -10.302294 -0.394289
2.484401 -9.923619 -2.285708
0.271941 -11.898237 -1.161665
3.691478 -8.918475 -0.539092
3.497970 -9.170899 -0.622261
3.626958 -9.503369 -0.587456
1.865100 -10.421227 -0.263841
3.468915 -9.024716 -0.626788
2.130916 -10.246511 -0.101215
3.159867 -9.629315 0.926575
3.833108 -9.577742 -0.686057
2.462659 -10.342228 -1.117672
1.675615 -10.446896 -0.325668
3.924673 -9.287277 -0.489063
2.378235 -9.643290 -2.436542
3.675757 -9.150450 -0.740003
1.767052 -10.124516 -0.394471
2.071822 -10.587540 -3.213364
3.666542 -8.731363 -0.502658
0.137777 -10.586325 -1.237092
3.802668 -9.542017 -0.699924
1.808853 -9.922545 -0.397384
2.150915 -9.460555 -0.420407
1.652465 -10.494549 -0.175275
1.863627 -10.357616 -1.493773
1.876336 -11.333227 -1.937842
3.671582 -8.659180 -0.525796
2.327955 -11.088648 -3.090305
1.711423 -9.607175 -0.394286
1.831686 -10.318329 -1.469640
0.376463 -2.825446 -1.031283
6.538862 -15.859095 -0.300671
0.379973 -2.887872 -1.014406
0.146188 -4.402930 -1.019717
-1.579127 4.509480 -1.531132
-1.257325 1.771041 -1.359757
0.322957 -3.091573 -1.133542
4.186938 -9.554523 -2.354904
3.658403 -12.553302 -2.614804
2.753836 -11.010088 0.604369
1.053030 -7.411750 3.043267
2.844879 -11.246137 0.622811
2.813328 -10.869115 0.919858
0.287693 -14.441297 -1.544034
2.772475 -9.421600 1.349865
2.701462 -11.282940 0.641945
2.784733 -11.056999 0.595591
-0.669808 -12.883575 1.742442
1.287043 -14.474008 -0.477902
0.574885 -12.003016 1.000274
0.924007 -14.696995 -1.751086
2.614916 -10.668882 0.487885
3.615428 -12.321629 -2.615833
2.075853 -12.553992 -1.195054
3.019866 -10.533685 1.672007
0.563089 -11.876411 0.974024
1.692640 -12.848700 0.074058
0.926487 -14.642380 -0.820674
-0.768940 4.970412 -2.785397
0.937093 -13.678776 -1.712477
3.010180 -10.913219 0.715238
0.397893 -15.163905 -1.398489
-0.963768 -12.232256 0.761239
2.200796 -12.118712 0.670552
1.693236 -12.911682 0.086254
2.048458 -12.327629 0.514981
1.734358 -12.701295 0.352263
0.421312 -12.526252 0.972236
0.103272 -13.560678 0.206861
0.108469 -2.508353 -1.439740
-1.486009 -13.030722 0.512868
0.390929 -14.860525 -1.374481
0.878996 -14.672835 -1.822872
3.046259 -10.571932 1.699627
1.321458 -11.549704 0.557055
1.609509 -11.701672 0.196746
2.023795 -12.580020 -1.234403
-1.034853 -12.162148 0.952863
1.401571 -15.843549 -0.298994
0.285081 -2.972707 -1.566523
4.226793 -14.984602 1.460108
2.067551 -10.140654 1.841486
0.089830 -13.794114 -0.182309
3.031768 -10.636380 1.654767
0.924064 -13.582503 -1.725892
1.849150 -12.017795 -1.400892
-0.142171 -3.435438 -1.083659
0.447609 -2.158306 -1.032598
2.139301 -11.754356 0.599801
1.325985 -11.316648 0.987795
1.572248 -12.838457 -0.016990
2.792630 -11.195430 0.623280
1.300150 -14.136977 -1.733025
2.059476 -10.169294 2.325010
2.754973 -9.932046 0.511907
2.541518 -9.731674 0.589681
1.742849 -12.451172 -1.522640
1.335674 -14.380005 -1.747274
2.262127 -12.438567 0.721821
0.537798 -12.492991 0.967797
1.772793 -12.605446 -1.513976
-1.834218 -13.589601 0.833981
1.015307 -13.859477 -1.612621
1.401953 -12.781391 -0.203298
1.857522 -12.077689 -1.399490
-1.457041 -14.716057 0.146347
0.586299 -6.622249 3.111441
0.156947 3.222612 -2.181382
-1.057547 -12.843652 0.933720
-2.531257 -11.185185 2.083006
-1.073228 -12.413561 0.991427
0.632238 -11.819739 0.863986
3.097068 -11.422007 0.521582
2.026012 -12.126324 -1.116825
0.112059 -13.248237 -0.243643
-1.422057 -13.634191 0.856363
0.026237 7.077954 -2.843934
0.017827 -2.995902 -1.002360
-1.322231 6.834992 -4.665508
0.018667 -3.006114 -0.998950
3.013786 -10.829128 0.606744
2.216772 -8.504440 0.184087
3.093531 -11.098454 0.648323
2.413331 -11.252278 0.922590
1.052435 -14.454000 -1.794669
1.305710 -11.292957 0.492668
-0.113285 -13.706158 -0.009772
-1.384088 -13.330371 0.819865
1.732494 -6.764901 0.169819
1.284145 -14.116074 -1.731209
1.586185 -13.485505 -1.314714
-0.388724 -14.074778 -0.419296
-1.852157 -10.760464 2.032277
1.428417 -14.059534 1.297914
2.295795 -11.651211 0.799838
-0.379066 2.512847 -2.746503
1.175371 -15.000992 -2.279740
2.891329 -12.635738 1.384882
-1.778245 -10.859565 1.895145
-0.118917 -14.197703 0.009961
-0.538731 0.814737 -1.399922
-1.163395 -12.232410 -0.133919
-1.198659 -13.065477 -0.029300
3.390952 -11.606126 -2.534004
-1.642273 -12.052623 1.278684
1.230246 -7.106172 -0.639667
1.863124 -9.698275 1.790465
-0.209391 -3.713153 -0.949689
3.075805 -13.512485 -4.145988
-0.531181 -3.964107 -0.434038
-1.059706 -13.221958 1.001836
1.379655 -13.806229 -0.314673
-0.110796 -14.096236 -0.376823
1.150161 -11.618448 0.766651
1.622086 -12.663941 0.001804
3.153670 -12.786305 -3.800685
1.256511 -7.903032 -0.593063
-0.052794 -9.024408 -0.190860
0.375481 -4.529039 -0.869733
2.859516 -11.828189 0.752006
-0.139836 -4.045828 -0.897863
-1.392719 -13.364802 0.818407
-1.265521 -12.442457 0.625107
1.457233 -14.430810 -1.941341
1.086223 -14.617419 -1.808055
1.816502 -13.602332 -1.620369
0.194224 5.912226 -2.494718
0.685080 -6.402689 -1.166716
-0.236116 3.674374 -2.673869
1.240504 -11.912482 0.769042
2.000000 -11.877133 -1.176596
0.916970 -11.560224 -1.601525
-0.096905 4.027488 -1.542457
0.269310 -4.495280 -1.117197
2.157477 -8.620910 0.142846
1.544798 -13.791883 -0.038515
1.212235 -11.379823 0.974442
1.142867 -11.515065 0.896953
3.750104 -12.986864 -3.220913
0.961780 -5.193787 -0.626048
0.461205 -6.406939 -0.584282
-4.742913 17.757588 -6.430722
1.096384 -11.170220 0.693264
1.686822 -4.596262 0.792885
2.706875 -5.120984 -0.959910
1.648345 -4.500835 0.762692
2.723219 -5.132807 -0.960955
0.631540 -4.972415 0.490123
1.638295 -4.808453 0.270418
1.223696 -5.063082 0.272628
1.230362 -5.137552 -0.334262
1.584567 -4.892407 0.358532
1.679217 -4.529868 0.783301
1.548272 -4.817127 0.334868
1.623793 -4.792947 0.261703
0.743438 -5.070108 -0.221074
1.233141 -4.461484 1.085399
1.107927 -5.067141 0.221362
1.741497 -4.832853 0.365668
1.680948 -4.843217 0.402804
2.256078 -4.584242 -1.175792
1.273797 -4.481309 1.104402
1.281984 -4.561199 1.128533
1.161643 -5.076927 -0.383925
0.869541 -4.992993 0.676088
2.280504 -4.886442 -1.189709
1.249415 -4.508936 1.104177
1.677810 -4.629953 0.776665
1.649652 -4.740969 0.338282
0.926992 -4.990109 0.495274
1.276257 -4.551644 1.008905
1.608653 -4.841338 0.463122
0.202549 -4.956355 0.675198
1.078099 -5.064598 0.196134
1.580374 -4.776579 0.451454
1.591452 -4.924968 0.399869
1.080362 -4.757703 0.912092
0.948247 -5.012670 -0.515989
1.092550 -5.084315 0.198786
1.824462 -4.748827 0.279627
0.749994 -4.984387 -0.153677
1.181463 -4.990072 1.016374
1.578779 -4.981729 0.396751
1.090042 -5.131893 0.217442
1.544438 -4.798338 0.322572
1.200317 -5.214149 -0.351627
-0.044561 -4.793760 0.012020
-0.199803 -2.875652 -0.393619
1.287196 -4.563239 1.134474
0.666352 -4.968410 0.499293
1.151315 -5.170927 -0.400097
0.875335 -4.979637 0.671203
0.893861 -5.072633 0.633175
1.492961 -4.895725 0.349719
1.508563 -4.861298 0.375358
1.656943 -4.756603 0.340562
1.577820 -4.923190 0.397016
1.533150 -4.900241 0.388091
1.798814 -4.202010 -1.076857
1.001736 -5.125486 0.067814
0.974295 -4.955394 -0.440380
0.434677 -5.007101 0.104084
1.648000 -4.902946 0.478764
1.123518 -5.096634 -0.416760
0.622828 -2.942955 -1.202984
1.561241 -4.727133 0.461758
1.640193 -4.846851 0.251559
1.566398 -5.008180 0.374273
1.600378 -5.283085 -1.590010
1.612771 -4.761517 0.253584
1.608254 -5.285847 -1.590978
3.303597 -5.949367 -1.355319
1.044207 -4.933046 -0.469464
1.311661 -5.181659 0.364268
1.030378 -5.069976 0.088657
0.558502 -4.909057 0.418333
0.869668 -5.161000 -0.100083
1.554509 -4.855483 0.346493
1.600973 -4.750257 0.249383
1.318067 -4.672889 0.970007
0.855037 -4.988524 -0.457032
1.896630 -5.443399 -1.152763
0.882262 -5.016952 0.447077
1.056029 -4.968874 -0.470476
0.907334 -4.941333 -0.470629
1.680171 -4.841871 0.357899
0.459473 -5.030844 -0.470471
0.777355 -5.075444 -0.139259
0.956865 -5.042172 -0.512630
0.955753 -5.039158 -0.430603
1.845876 -5.309437 -0.978778
1.017789 -5.063204 -0.439055
2.585157 -5.301322 -1.435084
1.528744 -4.916117 0.363303
1.825511 -5.360621 -1.194364
1.140379 -4.899090 0.973444
1.524449 -4.947110 0.348899
1.023096 -4.602527 0.854639
1.812218 -5.334492 -1.195184
-0.075917 -4.897930 0.267032
0.898201 -5.059463 0.701890
0.012876 -2.682566 -0.677428
1.585062 -5.019879 0.413285
1.667075 -4.618279 0.768425
1.584256 -5.001794 0.388363
1.242352 -8.596817 0.923328
1.622357 -4.790899 0.258105
1.323115 -4.654746 1.050163
1.030773 -4.613074 0.856434
1.674345 -4.812643 0.394972
1.588037 -4.907854 0.429088
1.842153 -4.845206 0.267023
0.625915 -5.017621 0.440509
0.007752 -2.686939 -0.682911
1.682196 -4.648816 0.780467
2.364443 -9.119298 1.362173
1.620710 -5.033615 0.378914
1.810621 -5.255408 -0.988800
1.600075 -5.264506 -1.582158
1.051302 -5.072837 -0.456310
-4.845069 9.500790 -4.143438
-0.169742 -4.437300 0.173142
1.580461 -4.903301 0.425043
1.595060 -4.986592 0.349231
1.756063 -4.844681 0.373442
0.789015 -5.047328 0.470000
1.742242 -4.832052 0.363101
1.011227 -4.996839 -0.516150
0.714858 -3.595887 -0.155000
1.512709 -4.767593 0.319148
-0.055590 -3.660701 -0.327336
0.905717 -5.057125 0.525237
1.591362 -5.016685 0.375624
0.480552 -4.964511 -0.457401
0.794542 -5.025314 -0.138673
1.008210 -5.121828 0.401990
2.431546 -5.021575 -1.175039
0.939900 -4.975697 0.336187
0.026830 -2.808368 -0.323606
1.813665 -5.338633 -1.194029
1.674219 -4.766580 0.383901
1.532447 -4.852283 0.402167
-0.236719 -2.280111 -0.383149
0.969655 -4.986844 0.397975
0.982693 -5.118270 0.057384
0.648666 -5.021384 0.504915
1.020584 -5.144142 0.416007
0.296359 -3.060805 -0.479104
1.710756 -4.992034 -0.994285
1.317604 -4.670429 1.071383
-0.209231 -2.388268 -0.515161
1.582113 -4.914260 0.432983
6.051746 -11.953528 -1.994445
5.702903 -10.525724 -1.271140
5.603656 -10.387764 -1.266640
5.529672 -10.282401 -1.260130
5.849539 -11.490802 -1.980091
5.875929 -11.641924 -2.001877
6.753684 -13.010184 -2.140900
-1.381360 1.711824 -1.679636
6.555059 -12.347088 -1.941670
5.994614 -11.588448 -1.907071
4.697805 -12.574144 -2.138096
5.866544 -11.345109 -1.842231
5.203896 -13.779091 -2.383030
6.289420 -16.969689 -4.233907
-0.729956 0.635878 -1.485940
5.427387 -14.306535 -2.486208
-0.447800 -0.205861 -1.222578
-0.531732 0.341107 -1.197343
5.031890 -13.393883 -2.347060
5.100313 -13.563407 -1.774412
4.803086 -12.845430 -1.709656
-0.392851 -0.418844 -0.948501
6.460999 -12.204081 -1.926637
5.031938 -13.412311 -1.807287
0.108442 -3.086226 -0.611294
-0.669440 -0.039012 -1.044335
-0.737343 0.671997 -1.500678
-1.015525 2.420474 -1.082238
-0.427270 -0.641797 -0.864506
0.592642 -17.650953 5.099481
2.266882 -12.872537 1.115667
2.539764 -13.705058 1.249355
1.935785 -11.097696 0.762131
-0.428043 -1.107591 -0.814112
-0.833186 1.408975 -1.001640
0.315708 -3.139138 -0.608960
0.580348 -3.737781 -0.511989
-0.124826 -1.667398 -0.779874
0.582226 -3.722812 -0.500733
1.294713 14.766863 -4.732047
0.798447 -4.200186 -0.411548
-0.166194 -1.413739 -0.711022
-0.859217 1.537369 -1.006390
-0.364307 -0.828151 -0.907938
1.623848 17.910512 -5.524994
1.326452 11.073367 -1.374240
-0.225382 -2.524139 -0.589606
-0.079495 -1.587317 -0.685789
-0.804844 1.345218 -0.974841
0.923037 -4.670837 -0.396257
-0.128472 -1.193186 -0.805112
1.394705 -9.035129 0.409615
1.387008 -8.064692 1.286045
1.418799 -7.662234 0.555748
-0.066048 -1.904877 -0.758543
1.100759 -10.037407 1.881031
-0.113350 -1.717765 -0.773221
-0.194451 -1.525738 -0.796222
-0.590920 -5.984162 -0.661818
-0.438452 -3.255457 -0.646395
-0.622867 -4.753487 0.459166
-0.254264 -1.007546 -0.753480
-0.555147 0.139472 -0.910524
-0.129923 -1.916761 -0.595126
-0.396004 -0.863180 -0.854261
-0.392421 -0.872535 -0.849237
1.206374 -8.000948 1.321578
-0.242693 -1.202261 -0.816875
1.390069 -7.447252 0.570967
-0.129176 -1.870172 -0.610621
-0.367315 -0.786845 -0.900813
-0.335657 -2.931273 -0.294682
-0.761870 1.172451 -0.965029
-0.570932 0.195826 -0.912018
-0.369640 -0.784248 -0.890087
-0.413211 -1.101707 -0.766684
-0.778950 1.237414 -0.970447
-0.104372 -1.419145 -0.726798
-0.155944 -1.485765 -0.698674
1.181153 -8.007397 1.329196
-0.385051 -0.872358 -0.848106
-0.310998 -1.253934 -0.852196
-0.431666 -0.538795 -0.903186
-0.350377 -2.550157 -0.516410
-0.312927 -2.557455 -0.608598
-0.320179 -2.544606 -0.608161
-0.285698 -2.246201 -0.599062
1.120816 -6.655830 0.366887
-0.407213 -3.058242 -0.519586
1.075775 -9.910749 1.830014
-0.148779 -1.393983 -0.732492
0.582261 -3.604279 -0.498915
-0.832305 1.490052 -0.985248
-0.176559 -1.618950 -0.674309
-0.601713 -5.979557 -0.641758
-0.625676 -4.860628 0.497771
-0.143695 -1.661425 -0.795148
-0.387685 -2.540617 -0.542499
1.262282 -8.163701 1.437451
-0.323551 -1.092697 -0.824071
-0.178789 -1.454337 -0.798609
-0.265533 -2.137744 -0.610664
-0.376675 -0.705572 -0.875844
-0.697871 -4.675770 0.255133
1.444277 -8.667384 1.612022
2.263717 -18.032506 2.699947
1.327066 -7.546162 0.512393
-0.269001 -2.200280 -0.613410
0.422356 6.464279 -1.085169
-0.253220 -0.982649 -0.758547
-0.130386 -1.927238 -0.590972
-0.366050 -0.432864 -0.953030
-0.354604 -0.759659 -0.954430
-0.063003 -2.262847 -0.519967
-0.782573 1.218759 -0.976303
1.208986 -6.439578 0.508791
-0.535182 -3.546272 -0.472754
1.215053 -6.991486 0.439260
-1.122885 16.612432 -3.838522
-0.376530 -3.042716 -0.557523
-0.282811 -0.840910 -0.819009
-0.397275 -3.571981 -0.547566
-0.134252 -1.640838 -0.784956
-0.736742 -6.243804 1.006522
-1.112835 -15.432051 6.085915
1.936686 -16.871817 4.899803
4.852008 -18.351532 2.353422
5.188500 -15.690160 1.636983
-0.959814 -10.518485 0.727061
0.036411 -2.649869 -0.567831
0.600755 -15.282608 3.924553
0.092414 -10.776098 0.203553
4.722821 -17.999215 2.283686
5.549875 -15.700727 1.617963
2.005955 -17.137357 5.053480
1.968398 -18.083863 5.326711
7.049966 -15.984782 2.465070
-1.371148 2.810018 -1.542106
9.243409 -13.673139 0.838548
6.814998 -14.900732 2.587525
0.447804 -14.832348 3.870320
1.396315 -16.629785 4.557680
9.215004 -13.623147 0.773921
0.095502 -10.810107 0.207131
6.896332 -15.076089 2.638771
-0.659940 -13.877868 3.540587
-0.670168 -14.210454 3.654054
-0.561402 -13.888692 3.482764
4.497539 -17.616066 1.972374
-0.058803 -14.522939 5.223076
0.923159 -16.744968 6.549492
2.083740 -14.996848 2.935434
7.139495 -15.520070 2.701753
0.100306 -15.905663 4.791167
0.413269 -14.289701 3.680497
1.761854 -16.946496 4.943461
2.395444 -16.550095 3.364806
-0.053639 -14.968271 3.946655
5.436879 -17.108746 1.769469
1.774781 -15.566188 3.560334
-0.559798 -13.654813 3.403041
0.527137 -15.503441 4.180463
9.337333 -13.774526 0.818460
0.481918 -14.932285 3.999383
6.372818 -17.605427 2.210904
7.220884 -16.206084 2.678131
0.104707 -10.439224 0.048089
2.155709 -16.331484 3.666205
2.350770 -16.423467 3.312588
7.099239 -15.500253 2.779643
2.112730 -17.758108 5.137033
1.627910 -13.454462 2.742311
1.298772 -13.064208 2.098994
-0.354821 -12.450358 3.424827
6.888412 -17.712620 2.755824
1.950601 -15.254180 2.631536
7.350914 -16.483675 2.664748
1.738743 -16.730564 5.395338
0.804922 -14.954443 3.877949
7.039634 -16.078455 2.585924
0.425599 -14.641947 3.998805
-0.910824 -15.427132 6.520475
1.945936 -14.982982 3.229156
2.347732 -16.326797 3.283152
1.865235 -16.497408 4.742703
7.050851 -18.194295 2.970113
5.628151 -15.931890 1.664515
0.517376 -14.303954 3.359727
2.070914 -17.231071 4.923510
6.851086 -15.703031 2.472798
0.364181 -14.407600 3.825113
-0.681164 -13.072245 3.211556
2.231286 -18.114390 5.821805
2.357240 -17.814733 5.357143
-0.736961 -15.630356 6.455012
-1.508013 1.777547 -1.406606
0.103127 -10.488652 0.118579
-1.640503 1.953048 -1.546872
4.401599 -17.229021 1.956447
0.652840 -12.253011 1.730741
0.109943 -10.713840 0.193981
-0.479761 -3.876817 0.330753
-1.468696 2.743855 -2.347736
1.629865 -15.571735 2.741695
6.803414 -17.518925 2.715151
-1.634947 1.930134 -1.537415
-0.198834 -12.756684 3.341729
0.260391 -16.942880 6.363289
7.471969 -16.976748 2.823399
5.730877 -16.110180 1.679162
0.519552 -9.891900 -0.155069
0.977836 -17.930421 6.196639
0.198433 -16.101775 0.220180
-0.354981 -2.954831 -0.462745
6.716211 -16.726088 2.588194
-0.089452 -4.399497 -0.299659
0.125723 -10.506945 0.137148
0.169452 -10.704942 0.229014
0.870818 -6.915044 0.478621
-0.020449 -4.291676 0.604027
0.111543 -10.778424 0.197262
1.190621 -17.014301 4.751277
-0.989417 -9.858049 0.472434
7.093588 -16.048463 2.685486
0.238454 -16.540170 4.966468
1.794434 -14.617235 3.211483
0.089848 -16.353793 6.287077
7.089449 -16.095038 2.831450
7.676538 -18.073390 2.857487
-0.646660 -12.622509 3.029102
2.104085 -15.987795 3.521279
3.253097 -17.118407 3.184776
-2.159803 5.268594 -3.003009
-1.827446 3.893527 -2.754946
1.851913 -16.392736 4.706542
-0.451400 -3.223350 0.413342
1.392396 -17.662560 5.151674
0.151699 -10.556165 0.217658
5.556699 -16.471465 1.491302
0.001979 -16.260890 4.421753
6.085782 -15.536384 1.863821
-0.594612 -4.577223 0.041167
-0.423650 -5.051663 -0.448285
0.867214 -6.861241 0.450842
1.405090 -8.161075 1.764025
0.021903 -4.764887 0.269286
0.080842 -15.522549 4.613464
5.622296 -17.620690 1.830699
5.658877 -15.427907 1.254035
0.065143 -9.807898 -0.041154
0.507310 -15.248506 4.133721
-1.292264 -2.893882 1.224708
-0.974398 -3.274208 1.143716
-1.257946 -3.080784 1.212346
-1.267185 -3.093708 1.231557
-0.977296 -3.347704 1.181447
-1.389247 -2.973656 1.252368
-1.412037 -2.919961 1.263390
-1.063679 -3.497549 1.100242
-1.365421 -3.056754 1.219178
-1.291375 -2.895547 1.225205
-0.975065 -3.317486 1.158501
-0.957097 -3.302832 1.128958
-1.288025 -2.898444 1.220184
-1.248440 -3.164779 1.185423
-0.268127 -1.573903 -0.681653
-1.284751 -2.885570 1.213760
-1.371251 -3.007483 1.199276
-0.990594 -3.310203 1.187358
-0.625210 -3.555978 0.892119
-0.631560 -1.751098 -0.364584
-1.417755 -2.940283 1.284774
-1.240367 -3.211412 1.193841
-1.389532 -1.701538 0.195627
-1.386643 -3.051836 1.237091
-1.246414 -3.017770 1.224182
-0.981862 -2.981026 1.183312
-1.367676 -3.068435 1.239921
-0.302018 -1.605661 -0.718759
-1.258579 -3.059666 1.205838
-1.368780 -3.082187 1.227222
-0.351186 -3.762389 0.810941
-0.611807 -3.542958 0.856717
-0.600789 -3.515674 0.829372
-0.698545 -3.187326 1.063513
-2.313352 -2.648788 1.255876
-1.221967 -3.074368 1.187939
-1.254250 -3.063243 1.202980
-2.533757 -2.877017 1.459203
-1.191648 -3.635928 1.008814
-1.251542 -3.108759 1.222664
-0.350707 -3.767138 0.816799
-0.754554 -1.647817 -0.142948
-1.240677 -3.043888 1.202429
-0.304781 -1.424237 -0.739403
-0.983289 -3.511306 1.090728
-2.642371 -5.785016 4.117574
-3.873717 -4.409039 2.925411
-1.254963 -3.055661 1.200381
-1.234327 -3.205155 1.182540
-0.588351 -2.800392 1.372918
-1.169883 -2.855082 0.585357
-1.286619 -2.902706 1.226068
-1.186975 -3.440151 1.123951
-0.950625 -3.525309 1.055847
-1.257216 -3.056577 1.205717
-0.936258 -1.770763 -0.041075
-1.289002 -2.892819 1.222082
-1.371035 -2.887745 1.212864
2.271088 9.661942 -12.247052
-0.925041 -3.328488 1.092885
-3.792369 -4.319621 2.831458
-2.186724 -2.581370 1.128446
-2.765834 -3.086286 1.621808
-1.069156 -3.476317 1.095965
-0.950281 -3.252063 1.131486
-2.420945 -2.777841 1.320223
-1.230099 -2.841063 1.254855
-0.419937 -2.060151 -0.123299
2.452422 10.591155 -13.178966
-1.359567 -3.003749 1.181466
-0.958611 -3.286352 1.129340
-4.325682 -6.185972 6.691933
-0.965374 -3.315579 1.166846
-1.273719 -3.051126 1.220727
-1.099806 -3.045163 1.195123
-1.236397 -3.023408 1.203203
-1.380813 -3.031179 1.224383
-1.038080 -3.028934 1.238978
-0.706232 -3.105665 1.009494
-0.505815 -2.274000 0.125465
-0.478006 -1.428535 -0.451045
-1.097645 -3.079325 1.217589
-1.265346 -3.047198 1.228992
-1.031580 -3.011051 1.231742
-0.933366 -3.319580 1.103454
-0.916256 -3.313554 1.056492
-0.986841 -2.981339 1.191822
-0.445535 -3.300744 1.017206
-0.894782 -2.359412 0.071730
-0.309276 -3.416690 1.437218
-1.512718 -3.101410 1.222958
-0.602053 -3.464074 0.802450
-0.476449 -1.413151 -0.457249
-1.052696 -2.297423 0.292238
-0.975366 -3.335590 1.195660
-1.058226 -3.457757 1.077894
-1.221151 -3.548961 1.087284
-1.306715 -2.630783 1.405614
-1.436503 -2.507732 1.325074
-0.982274 -2.982944 1.181684
-1.079832 -3.490501 1.121466
-1.298538 -2.918856 1.240811
-1.275141 -3.134331 1.257704
-1.066993 -3.019018 1.147138
-0.671854 -1.468467 -0.194335
-1.019020 -2.480566 0.663976
-0.497679 -1.402536 -0.282906
-2.994995 -13.546761 9.185148
-0.563700 -2.939291 1.462354
-1.106412 -3.052235 1.205400
-1.130995 -3.043960 1.164104
-1.200213 -3.527015 1.055714
-0.956255 -1.833895 -0.011758
-1.354804 -2.986607 1.217586
-1.227850 -3.045600 1.167262
-0.063812 -2.445987 0.405208
-0.354982 -3.781226 0.825484
-0.717863 -1.771191 -0.202803
-0.937700 -3.330539 1.110626
-1.223922 -2.700565 1.360273
-1.210093 -3.534429 1.068473
-0.558060 -3.324439 1.200196
-0.939046 -3.337869 1.119240
-0.753580 -3.165114 0.892263
-0.569544 -2.314723 0.086822
-1.051450 -3.474882 1.077466
-1.196505 -3.649683 1.018712
-1.267683 -3.041899 1.233379
-0.757964 -3.736183 1.392553
-0.374146 -3.037368 1.107371
-1.087204 -3.083391 1.202666
-0.374493 -3.058219 1.123797
-1.075756 -3.454919 1.096795
-0.291061 -3.408553 1.399109
-1.511430 -3.590485 1.864710
-0.968127 -2.195644 -0.181861
-1.253044 -3.061225 1.201104
-0.312769 -3.428944 1.440757
-0.891521 -1.519558 0.021180
-1.198248 -3.515775 1.061706
-1.207440 -2.822375 1.238272
-1.312954 -2.556706 1.526301
-0.977951 -2.957630 1.189778
-1.362902 -2.639590 1.446592
-0.323227 -3.113127 1.150458
-0.545473 -2.898790 1.400308
-0.460648 -1.401436 -0.405773
-0.362286 -1.387361 -0.494822
-0.976716 -2.992961 1.176037
-1.103019 -3.049518 1.171968
